id_code,diagnosis
20170627103155245,3
007-4293-200,2
20170417105054647,0
007-5787-300,2
20170405144855161,0
007-4775-200,2
007-3002-100,2
007-5281-300,2
007-5316-300,2
007-4877-300,2
007-5794-300,2
007-3712-200,2
20170414085648263,0
007-6737-400,4
20170327113237351,0
007-6529-400,4
20170425160958084,0
007-0353-000,0
007-1965-100,1
20170429214426841,0
007-5168-300,2
20170510100244835,2
007-2641-100,2
007-2553-100,1
007-5627-300,2
007-5429-300,2
007-1274-000,0
007-1334-000,0
007-5043-300,2
20170401091022844,0
20170330081632470,0
007-1523-000,0
007-3018-100,2
007-3479-200,2
007-6233-300,2
007-7224-400,4
20170524102406908,2
007-2297-100,2
007-2567-100,1
007-1084-000,0
007-3119-100,1
007-0412-000,0
20170408075826673,0
007-2791-100,2
007-3142-100,2
007-4094-200,2
20170616200843840,2
007-0066-000,0
20170429222819822,0
007-1513-000,0
007-5667-300,2
007-3305-200,2
007-2333-100,1
007-2673-100,2
20170323094832144,0
20170223151510068,0
20170213091841576,0
20170418082456632,0
20170425101622817,0
20170224150454270,0
20170430194549413,0
20170415095711786,0
007-6400-400,2
20170621165236074,2
007-2272-100,2
20170410094712940,0
20170410093004711,0
007-2665-100,1
20170614092425898,2
007-4109-200,2
20170621163946605,2
007-2389-100,1
007-2411-100,0
007-0119-000,0
007-4683-200,2
007-1907-100,2
007-2631-100,2
007-5649-300,2
007-2105-100,1
007-6411-400,4
007-1120-000,0
007-3770-200,2
20170224093843434,0
20170429212306680,0
20170616195729126,2
20170429214810104,0
20170429211830286,0
20170326104842424,0
007-1175-000,0
20170227233249056,0
20170425091743217,0
20170627104123555,2
20170323093944125,0
20170508100748104,2
20170430201327496,0
20170612085716651,2
20170327110931523,0
20170220083332735,0
007-3787-200,2
20170407232357230,0
007-7665-601,0
20170224214334690,0
20170410161938592,0
20170424153621506,0
20170429222236516,0
20170215165117445,0
20170429201907699,0
007-5375-300,2
20170429211155663,0
007-4370-200,2
20170420184012218,0
007-4145-200,2
007-2231-100,1
20170323110609014,0
20170404144939467,0
20170226093758363,0
007-3709-200,2
007-4245-200,2
007-0732-000,0
20170505143012060,2
007-4314-200,2
20170504201513545,2
007-1108-000,0
20170406082747949,0
007-5804-300,3
20170429220911457,0
007-4583-200,2
20170612114622857,2
20170324080918804,0
20170628162207585,2
20170620003156672,2
007-0284-000,0
007-0496-000,0
20170224105714794,0
20170429213938431,0
20170425090714957,0
20170429213152276,0
007-0836-000,0
007-2676-100,2
20170424153355976,0
007-0487-000,0
20170427110231732,0
20170401084753588,0
007-4811-300,2
20170429214851803,0
20170323083521729,0
20170226205337984,0
20170429224757696,0
007-5809-300,2
20170427185012563,0
20170609165224650,0
20170627105547462,2
20170427215116621,0
007-5426-300,2
007-7136-400,4
007-1092-000,0
007-5318-300,2
20170407152501068,0
007-1048-000,0
007-3662-200,2
007-1885-100,0
20170418135629149,0
20170517105302723,2
20170621143513349,2
20170130103043030,0
007-1488-000,0
20170427181556231,0
007-6121-300,2
20170429202627416,0
20170428163613368,0
20170429222540020,0
007-3870-200,2
007-5040-300,2
20170511181632501,2
007-1739-000,0
20170225195614603,0
20170224160849823,0
20170426081022674,0
20170429221907741,0
20170224114612669,0
007-3889-200,2
007-3599-200,2
007-7264-400,4
007-4006-200,2
007-2669-100,1
007-0326-000,0
20170608165114512,2
007-6535-400,4
20170413151851880,0
20170329093954690,0
20170427185725567,0
007-3860-200,2
20170429211723221,0
007-0497-000,0
20170327103257324,0
20170214215942024,0
007-4248-200,2
007-2162-100,0
20170427185436095,0
20170414155329773,0
007-2512-100,0
20170301195924349,0
007-1411-000,0
007-0277-000,0
007-7195-400,4
20170428082500827,0
007-0769-000,0
20170408222102558,0
20170506144601373,2
20170429203914469,0
007-0844-000,0
007-0091-000,0
007-3587-200,2
20170226210325463,0
20170326104919990,0
007-2112-100,2
20170427183137938,0
007-4738-200,2
007-5010-300,2
007-6249-300,2
20170425160717139,0
007-6509-400,4
20170515153131779,2
20170326094731919,0
007-6007-300,2
007-0830-000,0
20170505143145689,2
20170209151151417,0
20170512102006829,2
20170618220954015,2
20170428091724893,0
20170427195456847,0
20170427181707101,0
007-3137-100,2
20170417141027729,0
20170204145953613,0
007-4444-200,2
007-3702-200,2
007-2385-100,2
007-1589-000,0
20170120220933551,0
20170418084110118,0
20170511165131868,2
007-1615-000,0
007-6136-300,2
007-4686-200,2
007-7359-601,0
20170331093706264,0
007-4117-200,2
007-4849-300,2
007-2618-100,2
007-3174-100,1
007-4057-200,3
007-1546-000,0
007-4568-200,2
20170426085050197,0
007-6905-400,4
20170518144431952,2
007-4033-200,2
007-1012-000,0
007-1387-000,0
007-6674-400,4
007-5946-300,2
007-2279-100,2
20170226094501379,0
20170617215208261,2
007-0656-000,0
20170329140824088,0
20170414094845256,0
007-5358-300,2
007-3691-200,2
007-6685-400,4
007-6483-400,4
007-0641-000,0
20170411084057965,0
007-4005-200,2
007-4564-200,3
007-2936-100,1
20170227160332039,0
007-2601-100,2
007-0447-000,0
007-6773-400,4
20170409211902734,0
20170208180148724,0
20170620091659658,2
007-5565-300,2
20170527081710847,2
20170430193324325,0
20170430200802277,0
20170408213629596,0
007-2977-100,2
007-4195-200,2
20170209134010911,0
20170524111743769,2
20170506145800094,2
007-6904-400,4
20170330153330865,0
007-3232-100,2
20170413112528859,0
20170221140104225,0
20170323091220142,0
007-1582-000,0
007-1772-100,0
007-0415-000,0
20170522163803152,2
20170214145510533,0
20170206131408329,0
20170316172851230,0
20170427180947234,0
20170505161143089,2
007-3073-100,2
20170203163421024,0
007-3530-200,2
007-5063-300,2
007-4978-300,2
20170424170506066,0
20170527082328968,2
007-2863-100,0
007-4016-200,2
007-3353-200,2
007-4320-200,2
20170426101343821,0
007-5431-300,2
20170430192432728,0
007-3978-200,2
007-4658-200,2
007-6316-400,4
007-4460-200,2
007-4334-200,2
20170425160443878,0
20170221161638764,0
007-4028-200,2
007-0992-000,0
007-6454-400,4
007-5988-300,3
007-7403-601,2
007-2837-100,1
007-5876-300,2
007-3313-200,2
007-2734-100,1
007-3752-200,3
007-4185-200,2
20170626161028160,2
20170426082440236,0
007-3151-100,2
007-3898-200,2
007-6356-400,4
007-5016-300,2
007-7322-601,0
20170524112244605,2
20170414124909791,0
007-5265-300,2
20161118155736303,0
20170504102303706,2
20170411095212766,0
007-5952-300,2
007-5432-300,2
007-1981-100,0
20170330163327593,0
007-0007-000,0
20170424162030749,0
007-5102-300,2
007-3401-200,2
007-0785-000,0
007-0596-000,0
20170615084535865,2
007-4298-200,2
20170216104204068,0
20170429202830686,0
007-5501-300,2
007-4680-200,2
007-6924-400,4
007-3965-200,2
20170224170411991,0
20170518193957507,2
007-1443-000,0
20170408090406755,0
007-2417-100,1
007-3923-200,2
007-4055-200,2
20170214213145253,0
007-4902-300,2
007-4560-200,2
20170429202042607,0
007-0408-000,0
007-6131-300,2
007-5818-300,2
007-3067-100,2
20170427184431937,0
20170327161710463,0
007-3099-100,2
007-1724-000,0
007-2336-100,1
20170215104620891,0
20170609172109111,2
20170427181227245,0
007-2813-100,2
007-3402-200,2
20170323085443873,0
007-8859-605,4
20170618201009834,2
20170429213519463,0
007-6956-400,4
20170415085333873,0
007-4942-300,2
007-5354-300,2
007-6324-400,4
20170512113813694,2
20170426150556803,0
20170429203635487,0
007-2033-100,2
007-7482-601,0
20170228224756315,0
007-4455-200,2
20170518104749112,2
007-4418-200,2
007-0982-000,0
20170222145013530,0
007-4546-200,2
007-8010-601,2
007-2423-100,0
007-1042-000,0
20170429205941213,0
20170408223157942,0
20170628161619106,2
20170130102712777,0
007-6537-400,4
007-2222-100,2
007-2654-100,2
20170213115425791,0
20170213170102397,0
007-4699-200,2
007-1459-000,0
007-5359-300,2
007-2247-100,0
20170430200328771,0
20170511194004638,2
007-3127-100,2
007-0981-000,0
007-4593-200,2
20170210092554204,0
007-0323-000,0
007-6419-400,4
007-6094-300,3
007-0776-000,0
007-4746-200,2
20170430191007590,0
20170208174537830,0
20170522165607630,2
20170427190638723,0
20170417165158242,0
007-7684-601,0
20170417141233190,0
007-0553-000,0
20170328094305699,0
007-0891-000,0
007-1984-100,2
007-6220-300,2
007-5182-300,2
007-5616-300,2
20170411143046738,0
20170330082033255,0
20170213091846608,0
20170214163634982,0
007-4723-200,2
007-6689-400,4
20170429203102645,0
007-4356-200,2
007-4156-200,2
20170407091918434,0
20170331092347263,0
20170217134558267,0
007-1217-000,0
20170627192028701,2
007-4809-300,2
007-4437-200,2
20170418084818778,0
20170215223636956,0
007-3987-200,2
20170429211004089,0
20170411154058230,0
20170503161012969,2
007-3792-200,2
007-5208-300,3
20170620090217756,2
007-6784-400,4
20170608105641569,3
20170226230728104,0
20170410100312572,0
007-6562-400,4
20170417195632750,0
20170426134053910,0
20170324094649192,0
007-1286-000,0
007-7971-601,0
20170206084734203,0
20170628084907615,2
007-3105-100,1
20170613095553327,2
20170418102648640,0
007-0217-000,0
20170408213251773,0
007-4111-200,2
007-0095-000,0
007-0810-000,0
20170206181936039,0
20170618200550477,2
007-6508-400,4
20170418093223862,0
20170614103846161,3
007-1415-000,0
007-5686-300,2
007-6786-400,4
007-7125-400,4
007-1577-000,0
20170424154619507,0
007-5243-300,2
007-1998-100,2
20170406102954330,0
20170612142011722,2
007-5640-300,2
20170412102253763,0
20170613162156848,2
007-5466-300,2
20170525152628421,2
007-2577-100,0
007-7856-601,2
007-6130-300,2
007-0071-000,0
007-4921-300,2
007-2996-100,0
007-4157-200,2
007-0939-000,0
20170327140449496,0
007-1929-100,1
007-7338-601,0
007-6665-400,4
007-0393-000,0
20170430195029407,0
20170614092235283,2
007-7900-601,0
20170618221747607,2
20170502095403278,3
007-2731-100,1
20170429232237638,0
007-1424-000,0
007-4506-200,2
007-1832-100,0
20170207083157459,0
20170324093107776,0
007-2346-100,2
20170430200202781,0
20170427192201419,0
007-0557-000,0
007-7060-400,4
007-5457-300,3
20170210121831127,0
007-1983-100,1
007-2469-100,1
20170324084838993,0
007-6279-300,2
007-6566-400,4
20170418140747330,0
007-0060-000,0
007-7751-601,2
007-4454-200,2
007-5938-300,2
007-1817-100,2
007-2549-100,1
007-3132-100,1
007-5777-300,2
20170516163623154,2
20170428084312800,0
007-2674-100,1
007-3047-100,1
007-2901-100,2
007-1466-000,0
20170428144006815,0
007-6544-400,2
20170427190630527,0
20170522091641009,2
20170227234710854,0
007-6082-300,2
007-6012-300,2
20170613085627431,2
20170621084106703,2
007-4443-200,2
20170525110925926,2
20170328084550454,0
007-3638-200,2
007-0303-000,0
007-2895-100,2
007-3125-100,0
20170217110404453,0
20170429221635070,0
007-4151-200,2
007-5500-300,2
007-5247-300,2
20170228091047322,0
20170504113211152,2
007-3666-200,2
007-3227-100,2
007-2500-100,1
007-0363-000,0
20170124161853216,0
20170327164504071,0
20170427093626566,0
007-3680-200,2
007-0359-000,0
20170514222515286,2
007-3810-200,2
007-1111-000,0
20170408213539886,0
007-5735-300,2
007-2341-100,1
20170224144635533,0
007-4831-300,3
007-0461-000,0
007-0305-000,0
007-5895-300,3
007-3043-100,1
007-4278-200,2
007-2740-100,1
007-7176-400,4
20170429212213827,0
007-5031-300,2
007-5162-300,2
007-1672-000,0
007-0895-000,0
007-2865-100,1
20170224113232654,0
007-6227-300,2
007-8539-604,0
007-2829-100,0
007-6341-400,4
007-6090-300,2
20170429221517229,0
20170418100819088,0
20170408232708638,0
20170322172556852,0
007-7161-400,4
007-7250-400,4
20170409200143081,0
007-4488-200,2
007-0872-000,0
007-1163-000,0
007-0695-000,0
007-5482-300,3
20170408232616805,0
20170429203349506,0
007-5870-300,2
20170412112930040,0
20170324093303394,0
20170512120618922,2
007-6556-400,3
20170411141340843,0
20170328085234524,0
007-7192-400,4
007-3371-200,3
007-2004-100,2
007-6051-300,2
007-6887-400,4
007-3412-200,2
007-5123-300,2
007-6903-400,4
20170430193824742,0
007-5861-300,2
20170516160126110,1
007-1357-000,0
007-2238-100,2
20170426090503082,0
007-3941-200,2
20170429200544211,0
20170223171327021,0
20170430205410866,0
20170221162224426,0
20170429210734427,0
20170223174136215,0
20170427101349897,0
007-1212-000,0
007-0190-000,0
007-5484-300,2
20170509081746415,2
20170502095043169,2
007-7140-400,4
007-6261-300,2
20170418081730220,0
007-4736-200,2
20170420093649895,0
007-4410-200,2
20170626102904460,2
20170614143123716,2
20170427162324166,0
007-2199-100,0
007-2800-100,2
20170222181046885,0
20170130103016047,0
007-5259-300,3
20170327104857725,0
007-0245-000,0
20170216173426942,0
20170615110631899,2
007-5317-300,2
007-3640-200,2
007-3791-200,2
007-4559-200,2
007-2032-100,1
20170429220029305,0
007-7117-400,4
007-2314-100,2
007-4905-300,2
20170130102847216,0
20170519093847278,3
007-4349-200,2
007-5700-300,2
007-0161-000,0
007-3451-200,2
007-3006-100,0
20170417141312058,0
007-1179-000,0
007-2951-100,2
20170227233652168,0
20170427112247921,0
007-2045-100,1
007-5344-300,2
007-0063-000,0
007-4413-200,2
007-2036-100,2
007-7052-400,4
20170328090806043,0
20170227231503064,0
007-0628-000,0
007-3909-200,2
007-3462-200,2
007-0364-000,0
007-4908-300,2
20170429231316160,0
007-3407-200,2
20170405093026096,0
007-5660-300,2
007-2869-100,2
007-0132-000,0
007-6170-300,2
007-4200-200,2
20170531092305622,2
007-0712-000,0
007-0187-000,0
007-4586-200,2
007-1923-100,2
007-4927-300,2
20170120224018218,0
007-5352-300,2
007-6536-400,4
007-6976-400,4
007-2507-100,2
007-6362-400,4
20170222150514778,0
007-0802-000,0
007-1876-100,2
007-0519-000,0
007-1933-100,1
20170406153924478,0
007-0966-000,0
007-5067-300,3
007-0941-000,0
007-6649-400,4
20170429213645735,0
007-3200-100,1
007-2816-100,2
20170407215111570,0
20170429214029038,0
007-6277-300,2
007-0597-000,0
20170427192155266,0
007-5447-300,2
20170409201218881,0
20170619085700907,2
007-5349-300,3
007-3960-200,2
007-2879-100,1
20170411104827537,0
20170227235507961,0
20170427184535071,0
007-3772-200,2
007-3681-200,2
20170324104839547,0
20170428161917714,0
20170427192115631,0
007-3314-200,2
007-1174-000,0
007-2848-100,1
007-3794-200,2
20170427210022908,0
007-4562-200,2
20170615104443473,2
20170521005524099,2
007-0167-000,0
007-6938-400,4
007-0256-000,0
007-6238-300,2
20170203081846675,0
007-5816-300,2
20170425091625008,0
20170429202216087,0
007-1473-000,0
007-2942-100,0
20170223114249989,0
20170414155613593,0
007-0134-000,0
007-6882-400,4
20170224142859643,0
20170407235353003,0
007-2683-100,1
007-0062-000,0
007-3358-200,2
20170608192135800,2
20170613165742699,2
007-1446-000,0
20170221135117293,0
007-2561-100,0
007-6798-400,4
007-6366-400,4
20170427191341817,0
20170429222336805,0
007-5528-300,3
007-3637-200,2
007-1403-000,0
20170215103258027,0
007-1004-000,0
20170424093103597,0
20170429200631121,0
20170418140113121,0
007-3974-200,2
20170120221455053,0
007-7605-601,2
007-6484-400,4
007-2714-100,2
007-6671-400,4
20170506084444579,2
007-5514-300,2
20170309170849648,0
007-6812-400,4
007-4836-300,2
20170120221359397,0
007-7017-400,4
20170525171854504,2
007-1775-100,0
007-6202-300,2
007-0312-000,0
007-1846-100,1
007-1633-000,0
20170428162049598,0
007-4139-200,2
007-5150-300,2
007-7568-601,4
007-4476-200,2
20170418144948571,0
20170430180013771,0
007-4304-200,2
007-2125-100,2
007-2295-100,2
007-1905-100,2
20170221135126278,0
007-1051-000,0
007-1838-100,2
20170120221152091,0
20170406105928566,0
20170217133432256,0
20170327100623481,0
007-6241-300,2
20170625205527838,2
20170619102930911,2
007-2276-100,2
20170228164821696,0
007-2358-100,0
007-0507-000,0
20170215171837145,0
007-4144-200,2
007-7324-601,0
007-1393-000,0
007-6075-300,2
007-5757-300,2
007-7121-400,4
007-5004-300,2
20170429212634742,0
007-4424-200,2
20170328092058692,0
20170501232735328,2
20170427191812028,0
007-7238-400,4
20170324094841624,0
007-7180-400,4
007-1358-000,0
007-1994-100,2
20170120215624835,0
20170427175714216,0
20170220085833145,0
20170428084730352,0
20170122170947733,0
20170429203743453,0
20170430193616817,0
007-1669-000,0
007-4407-200,2
007-0775-000,0
20170221160520948,0
007-5119-300,2
20170414160456704,0
20170531142247656,2
20170324094410750,0
007-4206-200,2
20170226232930828,0
007-6169-300,2
20170418084108714,0
20170430155331241,0
007-2419-100,2
20170502161755715,2
20170427215121885,0
20170409195116125,0
007-4543-200,2
007-2853-100,2
20170622080837660,3
20170411141341504,0
007-1667-000,0
20170429204823425,0
20170430191609332,0
20170323130204055,0
20170215165518267,0
20170515172441069,2
20170427190607216,0
007-5404-300,2
007-5854-300,2
20170227155723751,0
20170407155510180,0
007-1849-100,0
20170427180039926,0
20170327091508081,0
007-1617-000,0
007-1273-000,1
007-2976-100,1
007-1276-000,0
007-3298-200,2
007-4675-200,2
007-1425-000,1
007-0724-000,0
20170406105457211,0
007-4353-200,2
007-0611-000,0
20170327102429259,0
20170608220738626,2
20170414094409562,0
20170609102229501,2
007-3692-200,2
20170430195202479,0
20170429215534306,0
20170412113135134,0
007-0456-000,0
007-5131-300,2
20170427215222651,0
007-2082-100,2
007-7752-601,2
007-3254-100,1
007-0264-000,0
20170418100259938,0
007-3553-200,2
007-7191-400,4
007-1899-100,2
007-1196-000,0
20170324095037893,0
007-2715-100,1
007-5345-300,2
20170407104254352,0
007-6948-400,4
007-2517-100,2
007-0545-000,0
007-7127-400,4
20170524103038485,2
007-6724-400,4
007-6722-400,4
007-5605-300,2
20170516105337859,2
007-4183-200,2
007-7328-601,0
007-4336-200,2
20170216142054406,0
007-5964-300,3
20170214163639877,0
007-0936-000,0
007-5442-300,2
007-1767-100,2
20170120142710322,0
007-2147-100,1
20170512164458754,2
20170428165536203,0
007-5459-300,2
20170605152650869,2
007-2573-100,0
007-7234-400,4
007-2565-100,2
007-0853-000,0
007-1169-000,0
007-3430-200,2
20170214101459522,0
20170627170604481,2
20170427184933328,0
007-7175-400,4
20170429232041823,0
007-7012-400,3
007-4268-200,2
20170629213222637,2
20170429214330890,0
007-4770-200,2
007-4337-200,3
20170213091344083,0
20170410092030015,0
007-4213-200,2
20170512123426558,2
007-2392-100,1
20170331083150455,0
007-6389-400,4
007-0425-000,0
20170629164127116,2
007-3621-200,2
20170214220639640,0
007-2589-100,2
20170430193112535,0
20170424110805162,0
20170521005649670,0
007-3447-200,3
007-4465-200,2
007-0956-000,0
007-5769-300,2
007-2970-100,2
007-6886-400,4
20170324094021003,0
007-4925-300,2
007-7231-400,4
20170409201713241,0
007-2947-100,0
007-6872-400,4
20170125091735546,0
20170429202503125,0
007-3300-200,2
007-6427-400,4
007-0877-000,0
007-8736-605,2
007-2877-100,1
007-4474-200,2
20170523080135207,2
20170429214801658,0
20170407110107133,0
20170414155609250,0
20170608192954869,2
20170222154713751,0
20170427191135460,0
007-7323-601,0
007-6337-400,4
007-2833-100,2
20170413210926833,0
007-4728-200,2
007-2409-100,1
007-2680-100,2
20170413133507278,0
20170120152817478,0
20170429231230211,0
20170517092841210,2
20170427190812183,0
20170226204126538,0
20170430180149866,0
007-2322-100,1
007-6200-300,2
20170612085457865,2
20170226232720349,0
20170227234712975,0
20170430195511875,0
20170331075148942,0
007-5708-300,2
20170430191902376,0
20170412110844402,0
007-4308-200,2
007-5087-300,2
007-5090-300,2
20170413083557675,0
007-4819-300,2
20170324084426937,0
20170418103222183,0
20170224160919351,0
20170413170304399,0
007-5049-300,2
20170429204749544,0
007-4682-200,2
20170430200525077,0
007-5912-300,2
007-3948-200,2
20170224094234195,0
20170413094421610,0
007-3848-200,2
007-2170-100,1
007-3542-200,0
007-2047-100,1
007-1975-100,1
20170327092530674,0
007-3886-200,2
007-4975-300,3
007-0455-000,0
20170429205525169,0
20170512114321485,2
20170426082522695,0
007-1070-000,0
007-1869-100,1
007-7991-601,2
007-4140-200,2
007-4219-200,2
007-0614-000,0
007-5355-300,2
007-2819-100,2
20170224151258095,0
20170408000114812,0
007-7000-400,4
20170220100439903,0
007-4274-200,2
007-5847-300,2
20170626174854486,3
20170323091218564,0
20170228165820951,0
20170427220204351,0
007-3173-100,1
007-0486-000,0
20170428105426121,0
20170414094410131,0
007-7874-601,2
20170611090418050,2
007-0488-000,0
007-5852-300,2
20170430191606380,0
20170412110652874,0
20170206085235291,0
20170524161955652,2
007-0056-000,0
007-8406-603,2
007-5215-300,2
007-5034-300,2
007-3350-200,2
20170427190117123,0
007-1000-000,0
20170226225400342,0
20170411115553358,0
007-5076-300,3
007-6479-400,4
007-6292-400,4
007-4081-200,2
20170428091827454,0
20170407111938734,0
20170214100607018,0
007-6244-300,3
20170518144607066,2
20170220135216094,0
20170418105730020,0
007-0177-000,0
007-4234-200,2
20170324112909191,0
007-7401-601,0
007-4678-200,2
20170207102901751,0
20170429210854778,0
007-6066-300,2
20170223152324262,0
20170215094301874,0
20170429220156336,0
007-0559-000,0
007-8573-604,2
007-5228-300,2
20170427190058518,0
20170410135518663,0
20170505181200498,2
007-2902-100,0
20170208144810326,0
007-7610-601,0
007-3081-100,1
20170206083214033,0
007-0967-000,0
20170412103630403,0
007-3406-200,2
20170429203022148,0
20170427182515802,0
20170324083758293,0
007-0400-000,0
007-3387-200,2
20170429221743324,0
20170419085416065,0
20170429221739344,0
007-2608-100,0
007-0690-000,0
007-1330-000,0
20170427215012046,0
007-2381-100,1
007-4730-200,2
20170430200908093,0
007-6425-400,4
007-0286-000,0
20170427094235365,0
20170427181251854,0
20170609092004574,2
007-6328-400,4
007-4931-300,2
007-0097-000,0
20170428114529808,0
007-5092-300,2
007-5597-300,2
20170429221751727,0
007-7172-400,4
007-5341-300,2
007-0882-000,0
007-4256-200,2
007-4083-200,2
20170429214546145,0
007-6619-400,4
007-4483-200,2
20170613152259694,2
007-3710-200,2
007-0824-000,0
007-5361-300,3
007-4500-200,2
007-1040-000,0
20170330095927587,0
20170613153734776,2
007-7791-601,0
20170502112049508,2
20170525152509382,2
007-5802-300,2
007-1329-000,1
007-1328-000,0
007-1853-100,2
007-2707-100,1
20170509155418870,2
20170427185312456,0
007-4421-200,2
007-3847-200,2
20170429202959824,0
007-2103-100,1
20170410094900438,0
20170227170433644,0
20170209093024297,0
007-5638-300,2
20170217091113756,0
007-1778-100,2
007-4449-200,2
007-6028-300,2
20170627155753585,2
20170427182001923,0
007-2679-100,2
007-0663-000,0
20170124131513083,0
20170429200334930,0
20170429220626251,0
007-3988-200,2
007-5253-300,2
007-3892-200,3
007-0823-000,0
007-0339-000,0
007-0046-000,0
007-0855-000,0
20170407215805982,0
20170429222244101,0
007-1168-000,0
007-4385-200,2
007-5042-300,2
007-5709-300,2
007-4891-300,2
20170206144636624,0
20170224144336769,0
20170226092957972,0
20170209134240203,0
007-1773-100,2
007-1505-000,2
007-4216-200,3
007-0539-000,0
20170425101658120,0
20170425101622385,0
007-0843-000,0
007-1616-000,0
007-3649-200,2
007-3091-100,2
007-4651-200,2
007-3343-200,2
007-3384-200,2
20170515092404420,2
007-0880-000,0
007-0704-000,0
20170524102444337,2
007-5323-300,2
007-6115-300,2
007-1119-000,0
20170228231119005,0
007-0938-000,0
007-7560-601,4
20170120091144477,0
20170607104407295,2
007-6909-400,4
007-6450-400,4
007-2826-100,2
20170514222048149,2
20170406082540495,0
007-5902-300,2
007-0401-000,0
20170323090117701,0
007-5328-300,2
007-6576-400,4
007-1618-000,0
007-6116-300,2
007-0482-000,0
20170327103629372,0
007-3448-200,2
007-2744-100,1
20170219153910177,0
20170510235945071,1
20170427183345911,0
007-6524-400,4
20170429230608129,0
007-7207-400,4
007-5093-300,2
20170407231758743,0
007-2013-100,1
20170424165426827,0
007-6775-400,4
20170418103848647,0
007-3962-200,2
20170429205727648,0
20170324090522483,0
007-4414-200,2
20170326104628428,0
20170207141715071,0
007-6564-400,4
007-5911-300,2
007-3111-100,2
007-4343-200,2
20170429210610881,0
007-5419-300,2
007-6024-300,2
20170216172145841,0
20170427184422547,0
20170327103857079,0
007-4979-300,2
20170214212633095,0
007-6759-400,4
007-2007-100,2
20170408220307845,0
007-1911-100,1
20170615172258125,2
007-1787-100,1
007-3493-200,3
20170429223746769,0
007-0521-000,0
007-1706-000,0
007-5959-300,2
007-1210-000,1
007-3929-200,2
20170607153524517,2
20170221162616970,0
007-6210-300,2
20170330085955483,0
007-5191-300,2
20170525100049684,2
20170427085536070,0
007-6912-400,4
007-1875-100,1
007-1312-000,0
20170126115037434,0
20170324075348523,0
007-3196-100,0
007-6144-300,2
007-1213-000,0
007-0833-000,0
007-2131-100,0
007-4267-200,2
007-4136-200,2
007-0246-000,0
007-5386-300,2
007-0347-000,1
007-6334-400,4
007-3361-200,2
007-3392-200,2
007-3508-200,2
007-7102-400,4
20170215101220829,0
007-4702-200,2
007-2888-100,2
007-2582-100,2
20170427180436817,0
20170216154809771,0
007-6179-300,2
007-4329-200,2
007-2649-100,2
007-2292-100,1
007-1950-100,1
20170430152855898,0
007-3225-100,1
007-3283-200,2
20170429214650223,0
20170427184257681,0
007-2459-100,1
007-0387-000,0
20170618221203188,2
007-6108-300,2
007-6633-400,4
007-6049-300,2
20170418095345403,0
20170417105044486,0
007-6029-300,2
20170621084634804,2
20170608084935221,2
007-4807-300,2
20170214215704381,0
20170616173230875,2
007-7177-400,4
20170427092253018,0
007-4378-200,2
007-2566-100,1
007-4923-300,2
20170418093444173,0
007-1831-100,1
007-3012-100,2
20170427181340648,0
007-6164-300,3
20170427184513391,0
007-6915-400,4
007-6167-300,2
007-7032-400,4
20170519154024233,2
007-5070-300,2
007-5198-300,2
007-1290-000,0
20170418093623976,0
007-2239-100,2
007-0652-000,0
007-6235-300,2
007-5717-300,2
20170323093048743,0
20170524111453035,2
20170327140646337,0
007-0749-000,0
007-6856-400,4
007-0653-000,0
20170412105204865,0
007-6433-400,4
20170120154404132,0
20170414165409939,0
007-2023-100,2
007-3901-200,2
007-5075-300,2
20170220143502360,0
20170221093313426,0
007-1660-000,0
20170418083235730,0
007-7530-601,0
007-1659-000,0
20170609151913237,2
007-6842-400,4
007-2802-100,1
007-5846-300,2
007-6858-400,4
20170427204510897,0
007-5601-300,2
20170427190452758,0
20170407230059827,0
20170208112205715,0
007-4198-200,2
20170429221253283,0
007-1518-000,0
20170120220825392,0
007-4526-200,2
007-7118-400,4
20170617210958623,2
007-2794-100,2
007-3437-200,2
007-6845-400,4
007-5455-300,2
20170427213940581,0
20170429221951444,0
20170601164355691,2
20170518092605842,2
20170629093242135,2
20170627160210580,2
20170429212859624,0
007-5898-300,2
007-1181-000,1
007-6071-300,2
20170514222322175,3
007-6998-400,4
20170331094944004,0
007-6884-400,4
20170524091341142,2
20170414094443265,0
007-5645-300,2
007-0671-000,0
007-7729-601,2
20170327140819667,0
007-6355-400,4
007-4076-200,2
007-2626-100,1
007-0192-000,0
007-3715-200,2
20170227233252429,0
20170210165326134,0
20170329141311752,0
007-1971-100,1
007-4068-200,2
20170622084121832,2
007-3286-200,3
20170504152732434,2
20170602083055029,2
20170210122835835,0
007-2177-100,0
20170217121538805,0
007-4313-200,2
007-2771-100,1
20170222181029058,0
007-2789-100,2
20170427081427638,0
20170214145428338,0
20170517151003748,2
007-1275-000,0
20170511205005408,2
20170429200502952,0
20170430193255619,0
007-2742-100,2
007-5212-300,2
007-5551-300,2
007-0887-000,0
007-7173-400,4
007-2989-100,2
20170414080328423,0
007-2011-100,1
20170408220201964,0
20170220133324808,0
007-1664-000,0
20170324080421980,0
20170427215748223,0
20170427183200052,0
20170430175729981,0
007-6678-400,4
007-6676-400,4
20170226220554485,0
007-4275-200,3
20170425154845288,0
20170424165551448,0
007-7564-601,0
007-3973-200,2
007-8531-604,2
20170430202657958,0
20170331112228243,0
007-1105-000,0
20170411095647973,0
007-5678-300,3
007-3894-200,2
20170407222105403,0
007-5845-300,2
007-2803-100,2
20170326104849419,0
20170429220006463,0
007-6381-400,4
20170418081208382,0
007-5463-300,2
20170525194410592,2
007-1091-000,0
007-0028-000,0
007-6414-400,4
20170215091730330,0
20170327094656820,0
007-8545-604,2
007-5728-300,2
007-2637-100,1
20170417161513973,0
20170429224542378,0
20170622150842958,2
20170130104819310,0
007-4173-200,2
20170216181312400,0
007-4850-300,3
20170410143245452,0
007-5011-300,2
20170408231835180,0
007-3247-100,2
20170222152922467,0
007-0266-000,0
20170614163103403,2
007-8653-605,2
007-3333-200,2
007-2966-100,0
20170411084048148,0
20170407111908406,0
20170429214424940,0
20170214165745086,0
20170626162845247,2
20170323102532714,0
20170428091343520,0
007-0923-000,0
20170418085549252,0
20170323172129117,0
007-6558-400,4
20170428161952960,0
007-3059-100,1
20170405090751552,0
20170429220026798,0
20170613170119673,2
007-8171-601,2
007-4581-200,2
007-3031-100,2
007-1680-000,0
20170429200822003,0
20170602090325676,2
20170223114525878,0
007-0396-000,0
20170427085243758,0
007-2129-100,1
007-6326-400,4
007-2425-100,2
007-4496-200,2
20170408212545796,0
007-0051-000,0
20170326090501956,0
007-4937-300,2
007-1243-000,0
007-2743-100,1
007-4980-300,2
20170616090804231,2
007-4008-200,2
007-5425-300,2
007-6151-300,2
007-6438-400,4
007-4605-200,2
007-8477-604,0
20170407235449400,0
007-0685-000,0
007-4639-200,2
007-5109-300,2
007-6303-400,4
007-0356-000,0
20170429212403085,0
20170227232409916,0
007-7918-601,0
20170323082302357,0
007-4684-200,2
20170413101424496,0
007-4442-200,2
20170328093142139,0
007-0786-000,0
007-0607-000,0
20170408230124364,0
20170405133141232,0
007-2769-100,1
20170323085836351,0
007-4733-200,2
007-8331-602,0
007-2969-100,2
007-6367-400,4
20170430153021069,0
007-1342-000,0
007-6958-400,4
007-5061-300,2
007-6225-300,2
007-2268-100,1
20170430143038226,0
007-5252-300,2
007-3821-200,2
20170429224415970,0
007-3375-200,2
007-5291-300,2
007-5796-300,2
20170614104010691,2
007-1185-000,1
20170222152100234,0
20170227165329946,0
20170220095322315,0
20170616090932566,2
20170428085349919,0
20170410143233144,0
007-0392-000,0
007-3446-200,2
007-4518-200,2
20170609092004226,2
007-5522-300,2
20170408215933165,0
007-4484-200,2
20170511145007873,2
20170120220136555,0
20170401142156317,0
20170226232202652,0
007-6034-300,2
007-3046-100,2
007-4202-200,2
20170407231656714,0
007-1677-000,0
20170329074911528,0
20170608195253535,2
20170122153203237,0
20170430192746528,0
007-0140-000,0
20170427180154699,0
007-1062-000,0
007-6917-400,4
007-1516-000,0
20170407202440908,0
20170407235647136,0
007-4426-200,2
007-4520-200,2
20170627095738172,2
007-5262-300,2
007-0068-000,0
007-4096-200,2
007-4411-200,2
007-2957-100,2
20170427181700229,0
007-1636-000,0
007-2414-100,1
007-3143-100,2
007-1517-000,0
007-4291-200,2
007-1021-000,0
007-7871-601,0
007-5460-300,2
007-0840-000,0
20170411141618693,0
007-5929-300,2
007-6163-300,2
20170112164115590,0
20170527183633885,1
007-7123-400,4
20170414165230386,0
007-0750-000,0
007-6860-400,4
20170228183053983,0
20170214220426150,0
007-1418-000,0
20170413095233566,0
20170430200840082,0
007-1434-000,0
007-7727-601,0
007-1109-000,0
007-4995-300,2
20170430200958222,0
20170622084904371,2
007-6762-400,4
20170213115649031,0
007-2992-100,2
007-1600-000,0
007-4071-200,2
007-2094-100,1
007-1918-100,1
007-3421-200,2
20170327170916823,0
007-5122-300,3
007-3698-200,2
007-2732-100,2
007-5443-300,3
007-1339-000,0
007-6651-400,4
007-1440-000,0
007-4727-200,2
20170602155135982,2
007-2312-100,2
20170221102343670,0
20170429204229692,0
20170427182953059,0
007-3942-200,2
007-4791-300,2
20170221162521163,0
20170430200239845,0
20170607082814304,2
007-2638-100,0
20170331112121587,0
20170508100750271,2
20170419080502198,0
007-1455-000,0
20170613170118036,2
007-0645-000,0
007-5775-300,3
007-6735-400,4
007-5944-300,2
007-7477-601,2
007-0598-000,0
20170505155403883,2
007-7248-400,4
007-5590-300,2
007-0722-000,0
007-5065-300,2
007-1837-100,2
007-5899-300,2
20170408225441604,0
007-0313-000,2
20170609152127546,2
007-1996-100,2
20170407221413759,0
20170401090207661,0
007-3601-200,2
007-1634-000,0
007-5832-300,2
20170328083012701,0
007-6642-400,4
20170427184000335,0
007-0792-000,0
007-2633-100,1
007-1969-100,2
20170327140449047,0
007-5472-300,2
007-6359-400,4
007-7866-601,0
20170418103218419,0
007-6597-400,4
007-3109-100,2
007-6077-300,2
20170609091741078,2
007-0528-000,0
007-1155-000,0
20170323093305605,0
20170612134821900,2
007-1515-000,0
007-6458-400,4
007-7055-400,4
007-2436-100,2
20170417161433082,0
007-3992-200,2
007-2448-100,2
007-3165-100,2
007-2538-100,2
007-1538-000,0
007-0152-000,0
007-4266-200,2
20170221150753870,0
20170412102256852,0
20170407222424552,0
007-3224-100,2
20170221103936772,0
007-4740-200,2
20170430201121491,0
20170429205402321,0
007-3234-100,2
20170429200936018,0
007-1792-100,0
007-1281-000,0
20170327104333816,0
007-0184-000,0
20170612084520577,2
20170428162225876,0
20170430200645200,0
007-3509-200,2
007-2849-100,2
007-0112-000,0
20170522105704981,2
007-2339-100,2
007-1511-000,0
007-2110-100,1
20170222154243162,0
20170427185141662,0
007-1289-000,0
007-7263-400,4
007-5935-300,2
007-1590-000,0
20170511104731904,2
007-6826-400,4
007-6927-400,4
20170223152359346,0
007-1372-000,0
20170429212130578,0
007-6857-400,4
007-5882-300,2
007-6761-400,4
20170407230558659,0
007-0928-000,0
007-3154-100,2
20170429202459692,0
20170429213320500,0
007-6101-300,2
20170226090217982,0
007-4060-200,2
007-3275-100,1
20170608194346914,2
007-2412-100,1
20170602155247616,2
007-3034-100,1
20170429201403506,0
20170411141028467,0
20170407222627536,0
20170506144904972,2
007-0443-000,0
007-8304-602,2
007-0759-000,0
007-2701-100,2
007-5312-300,2
007-1734-000,0
20170407231602454,0
007-6304-400,4
007-5726-300,2
20170226223314837,0
007-6628-400,4
007-2885-100,1
20170430195240385,0
007-1736-000,0
20170428084148684,0
007-7479-601,2
20170228223247254,0
20170427192110916,0
007-5055-300,2
20170427091903552,0
007-1542-000,0
007-5774-300,2
20170524083942475,2
007-6046-300,2
20170626161030908,2
007-2206-100,0
007-7018-400,4
007-3555-200,2
20170413085016334,0
20170331094615661,0
007-1167-000,0
20170220143453654,0
007-4703-200,2
007-6664-400,4
007-2499-100,2
007-4447-200,2
20170525091431970,2
20170223101333153,0
007-1409-000,0
20170429212457762,0
20170413091535584,0
20170404145018838,0
20170413145814531,0
007-5106-300,2
007-0951-000,0
007-2139-100,2
007-0829-000,0
20170430201256556,0
007-1068-000,0
007-0122-000,0
007-7942-601,0
007-6907-400,2
20170412105203855,0
20170424153610938,0
20170429210944628,0
007-0848-000,2
20170629144625562,2
20170427184614492,0
007-6462-400,4
007-7710-601,0
007-0236-000,0
007-3458-200,2
20170426085909496,0
20170609171350373,2
20170524161955670,2
007-3541-200,2
007-3766-200,2
007-7334-601,0
007-1396-000,0
007-2342-100,1
20170616130013868,2
007-3422-200,2
20170429215315674,0
007-3039-100,1
20170520100604296,2
20170326080816565,0
20170427190101175,0
007-2360-100,1
007-4403-200,2
20170120220018348,0
20170329080834348,0
20170429203902763,0
007-5454-300,2
007-4065-200,3
007-3611-200,2
007-7170-400,4
20170509113000522,2
20170225200559289,0
20170227233650160,0
007-3124-100,0
007-2876-100,0
20170428083313325,0
20170417152005279,0
007-3214-100,2
20170328091105511,0
007-0357-000,0
007-3084-100,1
20170120222612101,0
20170428091733252,0
20170223171709606,0
007-0681-000,0
20170428093232618,0
007-4318-200,2
20170331093314461,0
007-5913-300,2
20170429225610578,0
007-2776-100,1
007-6852-400,4
007-2821-100,2
007-0766-000,0
007-6213-300,3
007-3721-200,2
20170327101757957,0
20170607101208782,2
20170512224117149,2
007-0205-000,0
007-4146-200,2
007-0517-000,0
007-3625-200,2
007-1727-000,0
007-6795-400,4
20170616090736049,2
007-1178-000,0
007-4708-200,2
20170223115353186,0
20170412105557985,0
20170428100838780,0
007-6246-300,2
007-5278-300,2
007-1762-100,1
20170427082251845,0
20170429221245778,0
007-5433-300,2
007-4739-200,2
007-3888-200,2
007-1704-000,0
007-0460-000,0
007-5389-300,2
007-1942-100,1
20170608201438739,2
20170508162844076,2
20170612090043234,2
007-6834-400,4
007-2874-100,0
007-5166-300,2
007-1735-000,0
007-3074-100,2
007-5066-300,2
007-0602-000,0
007-0937-000,0
20170401083336746,0
20170427182842049,0
007-0239-000,0
20170429222656417,0
007-6569-400,4
007-3078-100,2
20170214100611376,0
007-4848-300,2
20170323103303961,0
20170213143210304,0
20170209143259326,0
007-5521-300,2
007-3736-200,2
007-2887-100,2
20170427212136322,0
007-6392-400,4
20170427183729491,0
007-4177-200,2
20170526185211817,2
007-0164-000,0
20170517171512703,3
20170330083717316,0
007-3476-200,2
20170327111955443,0
20170501232731664,2
007-1627-000,0
007-6914-400,4
007-2781-100,1
007-0926-000,0
20170429204444257,0
007-4851-300,2
20170224160348217,0
007-6855-400,4
007-2390-100,2
007-2041-100,1
007-2123-100,2
20170427204639291,0
007-6702-400,4
007-2356-100,2
20170323094905895,0
20170524112245527,2
20170429213305891,0
007-7146-400,4
007-4132-200,2
20170220133327199,0
007-8798-605,2
007-4750-200,2
007-0390-000,0
007-5415-300,2
007-0042-000,0
20170429203157386,0
007-2939-100,2
20170427184346601,0
007-0041-000,0
007-0199-000,0
007-4246-200,2
007-8039-601,2
20170327170922593,0
20170408224652683,0
20170321155038579,0
007-6769-400,4
20170420145136342,0
007-0846-000,0
20170407131115699,0
007-1432-000,0
007-6087-300,2
20170408231532801,0
007-1879-100,2
20170627101205507,2
007-6390-400,4
007-4628-200,2
007-6031-300,2
007-8674-605,0
20170324082848774,0
007-3984-200,2
20170327140647856,0
20170627113846114,1
007-3910-200,2
20170221143301021,0
007-6703-400,3
20170429204121421,0
20170410143235530,0
007-8842-605,4
20170429231659042,0
007-6593-400,4
007-1177-000,0
007-3001-100,0
007-5200-300,3
007-7294-601,0
007-2682-100,1
007-0960-000,0
20170124094908380,0
007-5859-300,2
20170405082726248,0
20170430195458005,0
007-2074-100,1
007-1863-100,0
007-3819-200,2
007-6789-400,4
007-2922-100,1
007-2946-100,2
007-6003-300,3
20170429215113781,0
007-6490-400,4
20170406085447924,0
007-5718-300,2
20170429222316967,0
007-2038-100,2
20170418093222419,0
007-6444-400,4
007-1240-000,0
20170215164612528,0
007-3906-200,2
007-4001-200,2
20170621093253834,2
007-6376-400,4
20170330163249573,0
007-3136-100,2
20170415082515006,0
007-0191-000,0
20170429201421870,0
007-0105-000,0
007-6047-300,2
007-2104-100,1
007-6803-400,4
20170427185752535,0
007-7255-400,4
007-6428-400,4
20170329091959859,0
20170206181741545,0
007-4204-200,3
007-0510-000,0
20170612085458211,2
007-4419-200,2
007-2675-100,2
20170412102327984,0
20170426091057515,0
20170426085448060,0
20170427084526484,0
007-0321-000,0
20170221181102813,0
20170527154255479,2
20170429205854448,0
20170331083148951,0
20170424093430988,0
007-4994-300,2
20170417094353146,0
20170427185458203,0
007-0803-000,0
20170427103116617,0
007-1171-000,0
007-2733-100,1
007-2234-100,1
20170420184440359,0
007-5014-300,2
20170323162415135,0
007-3155-100,2
007-6820-400,4
007-6078-300,2
007-2015-100,1
007-3954-200,2
007-5615-300,2
20170427184515148,0
20170217161948427,0
007-0795-000,0
007-4270-200,2
20170511160808082,1
007-7952-601,2
007-2310-100,2
20170427183048684,0
20170228155835992,0
20170217091021120,0
007-3370-200,2
007-6854-400,4
007-7152-400,4
20170324092425163,0
007-1567-000,0
007-2405-100,2
007-4858-300,2
007-6971-400,4
007-2997-100,2
20170323080443882,0
007-3695-200,2
007-4119-200,2
20170329141551261,0
20170623161022467,2
007-1008-000,0
007-3981-200,2
007-2708-100,2
20170407234350948,0
007-3489-200,4
20170429213053184,0
20170327112501066,0
007-3840-200,2
20170210092149547,0
20170407215758488,0
007-2897-100,2
20170429212640572,0
20170228154045742,0
007-0458-000,0
007-1303-000,0
20170220092338749,0
007-6150-300,2
20170427220503449,0
20170417105357066,0
007-4402-200,2
007-0300-000,0
007-1123-000,0
20170429225234588,0
20170415090309773,0
007-0842-000,0
20170427203106149,0
20170329084152423,0
007-2167-100,1
007-1057-000,0
20170601100335324,3
007-4207-200,2
20170216144456454,0
007-6026-300,2
20170203162429942,0
007-6864-400,4
007-5519-300,2
007-6445-400,4
007-0929-000,0
007-5704-300,2
007-6578-400,4
007-2944-100,2
20170430201208792,0
20170224222711000,0
20170420141209265,0
007-1559-000,0
20170525110437479,2
007-3425-200,2
007-3183-100,2
20170626093610343,2
007-4835-300,2
20170611090524022,2
20170429222648443,0
007-3711-200,2
20170429211011053,0
007-8466-604,0
20170323092854411,0
007-6869-400,4
007-4007-200,2
007-1046-000,0
20170427213821105,0
007-1117-000,0
007-2884-100,1
007-1884-100,1
007-4798-300,2
20170216104121507,0
20170221104549767,0
007-4253-200,2
20170524102444449,2
20170429213523992,0
007-6354-400,4
20170414080303709,0
20170429223916653,0
20170427181757954,0
007-5825-300,2
007-2894-100,2
007-1363-000,0
007-4235-200,2
007-2109-100,1
007-3255-100,1
20170413081230591,0
007-5069-300,2
20170521093200024,2
20170213154311956,0
007-3876-200,2
007-6125-300,2
20170221162548131,0
007-7620-601,0
20170411135935799,0
007-7156-400,4
20170418093622522,0
20170207175247017,0
007-2216-100,1
20170428100316842,0
007-5164-300,2
007-0555-000,2
007-0694-000,0
007-2471-100,2
20170427185156957,0
007-6591-400,4
20170427084916453,0
20170210121850656,0
20170408233133830,0
20170405103411936,0
20170327132740881,0
20170426173811370,0
007-3826-200,2
007-2762-100,2
007-6863-400,4
20170527082211125,2
20170327094724718,0
007-1626-000,0
007-3849-200,2
007-2519-100,1
20170406195436349,0
20170326092747892,0
20170323093707381,0
20170410142137901,0
20170527183427611,2
20170208093320442,0
20170614143124196,2
007-2670-100,1
007-5608-300,2
007-2620-100,2
007-2344-100,2
20170427085556378,0
20170410143909882,0
20170227160255785,0
20170429222433397,0
20170327103408202,0
007-7061-400,4
007-2285-100,2
007-4196-200,2
007-5148-300,2
007-4067-200,2
007-5178-300,2
007-6969-400,4
007-3470-200,2
007-4097-200,2
007-6093-300,3
007-1922-100,2
007-3667-200,2
007-3512-200,2
20170224151258535,0
007-5296-300,2
20170412112455588,0
20170412113333910,0
20170515195806593,3
20170430200326292,0
20170430195124766,0
007-2290-100,2
20170406101726148,0
20170208144726672,0
007-1268-000,0
007-0254-000,0
20170418103051016,0
20170407111820218,0
20170405132019920,0
20170327111703450,0
20170509163628483,2
007-4244-200,2
007-2377-100,1
007-4920-300,2
007-0677-000,2
007-6574-400,4
20170330153329311,0
007-5368-300,2
20170209093014771,0
007-1245-000,0
20170222182549409,0
20170508165808866,2
007-7047-400,4
20170430194128267,0
007-1144-000,0
007-1568-000,0
007-0024-000,0
20170429201530314,0
20170526155744277,2
20170208174752473,0
007-1986-100,2
007-0647-000,0
20170526162358967,2
007-3171-100,2
20170413133512678,0
20170429222306771,0
20170213091838826,0
20170429223644846,0
007-2454-100,1
007-5907-300,2
007-0504-000,0
007-6408-400,4
007-5284-300,2
007-2953-100,1
007-4305-200,2
20170502081723288,2
007-4638-200,2
007-6009-300,2
20170326091858070,0
20170407142759489,0
20170410161931292,0
20170615160742027,2
007-3152-100,2
007-5932-300,2
20170221145201333,0
20170429213257193,0
007-2475-100,1
007-5922-300,2
20170120104303200,0
20170120222323750,0
20170430195408430,0
007-6257-300,2
20170609152615062,2
20170502160732595,2
007-3793-200,2
007-2042-100,2
007-0962-000,0
007-5910-300,2
007-2233-100,0
007-7500-601,2
007-6837-400,4
007-0196-000,0
007-6612-400,4
007-5053-300,2
20170328081828478,0
007-4976-300,2
007-1941-100,1
007-8168-601,0
007-6404-400,4
007-1874-100,0
20170429204745543,0
20170430202244071,0
20170220104152702,0
007-4587-200,2
007-6466-400,4
20170430160557030,0
007-3634-200,3
007-1024-000,0
20170324140208565,0
20170430160739508,0
007-5465-300,2
20170427185104762,0
007-4614-200,2
20170608091627445,2
20170429220312286,0
007-3326-200,2
007-1587-000,0
20170504152654027,2
20170327091508471,0
20170323095138379,0
20170427184052278,0
007-5905-300,2
20170228223824318,0
20170221180722326,0
20170225103023068,0
20170330085440333,0
007-3526-200,2
007-7157-400,4
20170620192247605,2
20170418090922890,0
20170430175727365,0
007-6440-400,4
007-6068-300,2
007-6928-400,4
007-0854-000,0
20170420093702627,0
20170427190114312,0
20170401095150739,0
20170429210129690,0
007-3714-200,3
20170608105346349,2
007-5546-300,2
007-6621-400,4
20170429212303368,0
20170429201134611,0
007-6694-400,4
007-3834-200,2
20170429202112078,0
20170224111214174,0
20170430202143461,0
20170430200130967,0
007-5991-300,2
007-1450-000,0
20170331082942953,0
007-5765-300,2
007-5167-300,3
20170504101207303,1
007-6243-300,2
20170412091847743,0
007-4694-200,2
20170409200748007,0
007-6989-400,4
007-2118-100,2
007-2815-100,1
20170428151436386,0
007-3706-200,2
007-2964-100,2
20170526162453148,2
20170612090644805,2
20170120144404685,0
20170429200419712,0
20170120223140633,0
007-6560-400,4
007-7059-400,4
007-0899-000,0
007-4603-200,2
007-7241-400,4
007-1695-000,0
20170228000142217,0
20170324082252731,0
007-6339-400,4
007-2240-100,1
007-4042-200,2
007-2625-100,1
20170214093017393,0
20170407223435565,0
007-6196-300,2
20170323090048296,0
20170328090806503,0
007-3670-200,2
20170609091528048,2
007-6178-300,2
007-4648-200,2
20170219165837817,0
20170429224804529,0
20170608194027881,2
007-3852-200,2
007-2938-100,1
007-0045-000,2
20170427091715561,0
20170427190800903,0
007-2581-100,1
007-5669-300,2
007-3219-100,2
007-3266-100,2
007-7035-400,4
007-2396-100,1
007-1143-000,0
007-2340-100,2
007-3181-100,1
20170410100435784,0
007-2534-100,2
007-8482-604,0
007-0719-000,0
20170506085734414,2
007-4936-300,2
007-1934-100,1
007-3037-100,0
007-5552-300,2
007-5871-300,2
20170429202038141,0
20170426090535337,0
007-2102-100,1
007-8549-604,0
007-3189-100,1
007-7154-400,4
20170418111402322,0
20170327160904680,0
007-6710-400,4
007-5263-300,2
007-2440-100,2
007-5311-300,2
007-6991-400,4
20170329141621593,0
007-0790-000,0
007-1654-000,0
20170430193633977,0
20170221145200535,0
007-1807-100,2
007-4631-200,2
20170223102219685,0
007-2300-100,1
20170407130346724,0
20170519153205498,0
007-5417-300,2
007-4352-200,2
20170407232929961,0
007-2535-100,2
007-3997-200,2
007-6966-400,4
007-7399-601,0
20170413122857041,0
007-1337-000,0
007-6850-400,4
007-0524-000,0
007-2077-100,0
20170413094422086,0
007-6255-300,2
007-3291-200,2
20170405114058700,0
007-5778-300,2
20170429204936542,0
20170411091427661,0
20170518092011904,2
007-3011-100,0
007-0268-000,0
20170507222419171,3
20170411092321966,0
20170429193414561,0
20170429200817412,0
20161111214308683,0
20170426082658136,0
20170602084503181,2
007-7405-601,0
007-7215-400,4
20170615143207262,2
007-6791-400,4
007-7708-601,0
007-2510-100,2
007-2634-100,0
007-2703-100,1
20170124162232665,0
007-6327-400,4
007-5948-300,2
007-5903-300,2
007-4501-200,2
20170429224003353,0
20170228224257894,0
20170328084549088,0
007-0106-000,1
007-5183-300,2
007-3221-100,0
007-4569-200,2
007-4260-200,2
007-2262-100,1
007-0114-000,0
20170430193625923,0
007-5517-300,2
007-5369-300,2
007-7259-400,4
007-6809-400,4
007-3833-200,2
007-5791-300,2
20170429205727730,0
20170214091106462,0
20170227233110761,0
007-0489-000,0
007-3424-200,2
20170329095905784,0
007-3696-200,2
007-6156-300,2
007-1764-100,2
007-6393-400,4
20170407185843662,0
20170429205502213,0
20170429205302250,0
007-1288-000,0
20170224094042228,0
20170630161237018,2
007-6859-400,4
007-4856-300,2
007-2835-100,1
20170430194239469,0
007-1954-100,0
007-1032-000,0
20170410110440627,0
007-3388-200,2
007-4243-200,2
20170213143240672,0
20170615095849817,2
007-4269-200,2
007-3885-200,2
007-2128-100,1
007-1260-000,0
20170430192959163,0
20170204102600357,0
007-6699-400,4
007-3008-100,1
20170618194224123,2
20170401143447280,0
007-7203-400,4
007-7499-601,2
20170214093024019,0
007-8207-601,0
20170419090928299,0
007-1966-100,1
20170430194330581,0
007-2697-100,1
20170406100532629,0
007-4824-300,2
007-5875-300,2
007-2746-100,2
20161111142956603,0
007-8538-604,0
007-5390-300,2
007-2757-100,1
007-1531-000,0
20170427182323645,0
20170429220118747,0
20170430191111763,0
007-6959-400,4
20170412102330295,0
20170328101706536,0
007-7171-400,4
20170627160330003,2
20170515172948684,2
20170413142900064,0
007-5503-300,2
007-5578-300,2
20170407234553882,0
20170421090155675,0
007-1474-000,0
20170316103544609,0
007-5580-300,2
007-2520-100,1
20170429222523428,0
007-1002-000,0
20170427181603363,0
20170427190305966,0
20170619081749834,2
20170407224542804,0
007-0267-000,0
20170616200941453,2
20170516092409004,2
007-2704-100,1
20170324083515012,0
20170327095114395,0
20170226204323282,0
007-1431-000,0
20170621140654111,2
007-3943-200,3
20170221161327553,0
20170424155738931,0
007-0958-000,0
007-2049-100,1
20170406133140034,0
007-5759-300,2
007-5491-300,2
20170627160255711,2
007-0613-000,0
007-6848-400,4
007-1262-000,0
20170120223854648,0
20170324112237946,0
20170324102541915,0
20170217100112164,0
007-4089-200,2
007-1670-000,0
007-1279-000,0
007-0643-000,0
007-4716-200,2
20170427185451261,0
007-5786-300,2
20170429223035962,0
20170429211535495,0
20170422183243272,0
20170619153536164,2
20170608194347632,2
20170412152604310,0
007-4810-300,2
007-2844-100,1
20170411141417294,0
007-5815-300,2
20170617215514839,2
20170429202556062,0
20170224160614394,0
007-5763-300,3
20170324093109343,0
007-2226-100,0
007-5209-300,2
007-0376-000,0
20170612144724662,2
20170609091529362,2
20170508080706321,2
007-0216-000,0
007-1331-000,0
20170327090618698,0
20170327084919035,0
20170410083127380,0
20170619192052705,2
007-3148-100,2
20170430201402386,0
007-1360-000,0
007-2009-100,1
007-2726-100,1
20170430191342076,0
007-5145-300,2
007-6142-300,3
007-4953-300,2
20170227235503263,0
20170112164139239,0
20170220091917601,0
20170522100405220,2
007-2294-100,2
20170331090025956,0
007-5277-300,4
20170207174354556,0
20170413085017776,0
007-3623-200,2
20170427191615958,0
20170430195838881,0
007-3972-200,2
007-6849-400,4
007-6050-300,2
20170126085931436,0
007-4875-300,2
007-4813-300,2
20170408220315153,0
20170429212025437,0
20170106170829250,0
20170515164713160,2
007-3423-200,2
20170328091708971,0
007-4014-200,2
20170526155433935,2
20170428100326826,0
007-2981-100,1
007-0349-000,0
007-2406-100,1
20170214100035162,0
20170226093322210,0
007-1665-000,0
007-5313-300,2
20170628193929301,2
007-8852-605,2
007-2426-100,2
007-1985-100,1
007-2462-100,2
007-3519-200,2
20170429200249270,0
007-4193-200,2
20170430191802300,0
007-4748-200,2
007-2338-100,1
007-2427-100,1
20170223151243883,0
007-4161-200,2
007-6358-400,4
20170609180538403,2
007-7261-400,4
20170221150708690,0
007-2413-100,1
20170502092649506,2
007-5969-300,2
007-2572-100,0
20170508101047342,2
20170429211437781,0
007-3450-200,3
007-2169-100,1
007-2723-100,1
007-3441-200,2
007-2973-100,0
20170428111539654,0
007-0624-000,0
20170427180330939,0
007-2525-100,2
007-0100-000,0
20170430193204945,0
007-1872-100,1
007-0513-000,0
007-0788-000,0
20170324112320019,0
20170224110130817,0
007-1277-000,0
20170217172425743,0
007-4217-200,2
20170327112220088,0
007-1997-100,1
007-2087-100,1
007-1242-000,0
20170429201617730,0
007-0783-000,0
007-6898-400,4
20170415102343734,0
007-6194-300,2
20170627090102970,2
20170524111318149,2
007-6146-300,2
20170429215529619,0
007-4575-200,2
20170522104819596,2
20170517121103651,2
007-6527-400,4
007-7115-400,4
20170429223942395,0
20170622140812130,2
20170427220200742,0
007-2639-100,1
007-1258-000,0
20170504101454178,2
007-0029-000,0
20170429203138411,0
007-6814-400,4
20170524083940499,2
20170429224439239,0
20170607104408052,2
20170422195603994,0
007-0449-000,0
007-3765-200,2
007-3013-100,2
007-1561-000,0
007-2210-100,2
20170222115531845,0
20170526162553477,2
20170123085828792,0
20170323141149360,0
007-6016-300,2
007-2628-100,2
007-7638-601,0
007-0676-000,0
20170429201540436,0
007-7016-400,4
007-2324-100,1
20170223152358857,0
20170225195612147,0
007-7206-400,4
007-4585-200,2
007-6478-400,4
20170329093727070,0
007-4098-200,2
20170427211751211,0
20170224212717668,0
007-6383-400,4
20170412203735568,0
007-5009-300,2
20170327140038034,0
007-6451-400,4
20170323085245456,0
007-6290-400,4
20170209131335802,0
20170408212307947,0
007-1475-000,0
007-4288-200,2
20170620092120382,2
007-0931-000,0
007-5585-300,2
20170215224039102,0
20170224222142423,0
20170327164504431,0
20170523085431841,2
007-3179-100,1
007-6231-300,2
20170214215234793,0
007-5588-300,2
007-4489-200,2
007-2056-100,2
007-0944-000,0
20170414081200273,0
007-6413-400,4
007-4116-200,2
007-6752-400,4
007-2489-100,1
007-0858-000,0
007-1449-000,0
20170612083632767,2
007-6755-400,4
20170412135314676,0
007-5319-300,3
007-6908-400,4
20170612115247828,2
007-2079-100,2
20170206143044048,0
20170330153359627,0
20170327111244402,0
20170502140921479,2
20170313102851339,0
007-1678-000,0
007-6283-300,2
20170518151053908,2
20170429201133633,0
20170211150927263,0
20170329075721626,0
007-5896-300,2
20170620191909590,2
20161108112012320,0
007-4969-300,2
20170120220926752,0
20170417200522114,0
007-1614-000,0
20170228164926461,0
007-6406-400,4
007-8540-604,0
007-5260-300,2
007-5947-300,2
20170429204203273,0
20170427190312316,0
007-4210-200,2
007-3217-100,1
007-5027-300,2
20170516171812075,2
007-2983-100,1
007-6799-400,4
20170426084805235,0
007-0866-000,0
20170426101559169,0
007-5036-300,2
007-5526-300,2
007-1444-000,0
20170430192742374,0
007-7428-601,0
007-1458-000,0
007-0061-000,0
007-6577-400,4
007-7144-400,4
20170515125523780,2
007-6677-400,4
20170323081211173,0
007-4725-200,2
20170427183143584,0
007-4230-200,2
007-2705-100,1
007-6286-400,4
007-3490-200,2
007-0422-000,0
007-6471-400,4
007-0903-000,0
007-1499-000,0
007-4512-200,2
007-4490-200,2
007-3523-200,2
20170427183153652,0
007-5530-300,2
007-6415-400,4
20170511082348044,2
007-0358-000,0
007-7218-400,4
007-2576-100,2
007-5981-300,2
007-3311-200,2
007-5071-300,2
20170407222635595,0
007-5573-300,3
007-3513-200,2
007-8237-602,0
20170328145935366,0
20170227233523926,0
007-2788-100,1
20170619190000614,2
20170430193354021,0
20170430191714281,0
007-1826-100,2
20170518171333730,1
007-4300-200,2
007-6870-400,4
20170213170349139,0
007-4924-300,2
007-3615-200,2
007-4734-200,2
007-1702-000,0
007-4386-200,2
007-3551-200,2
20170429221437363,0
20170203102633319,0
20170429205200118,0
007-0959-000,0
007-2493-100,0
007-4340-200,2
007-4771-200,2
007-4567-200,2
007-4777-200,2
007-3433-200,2
20170427100644556,0
20170428163137336,0
20170623153653891,2
007-7595-601,2
007-5611-300,2
007-4645-200,3
007-1376-000,0
007-0214-000,0
007-0351-000,0
007-4108-200,2
007-0571-000,0
007-2140-100,0
20170227234108022,0
20170608112856878,2
20170425120522997,0
007-3867-200,2
007-3506-200,2
007-5936-300,2
007-4197-200,2
007-0661-000,0
007-5606-300,2
20170427181653795,0
007-1892-100,0
20170429224019328,0
20170427181154064,0
007-4303-200,2
20170412085130247,0
20170429230556168,0
20170429220809156,0
20170329140458837,0
007-0863-000,0
007-1668-000,0
20170428153703871,0
007-8400-603,2
007-4398-200,2
20170429213524443,0
20170203162816155,0
20170427190031631,0
007-2097-100,0
20170425160738226,0
20170501232823085,2
20170211092207309,0
007-4017-200,2
20170408231031484,0
007-0556-000,0
20170412113023076,0
20170411141650393,0
007-3571-200,2
007-8151-601,0
20170616084701902,2
20170428091458070,0
20170410095228806,0
20170206083738307,0
20170221091239416,0
007-2558-100,2
007-4074-200,2
20170609174510289,2
007-1937-100,1
007-0153-000,0
007-0336-000,0
007-1507-000,0
007-1346-000,0
20170323092204273,0
20170429222208486,0
20170223171448943,0
20170225202048107,0
007-1255-000,0
20170429231752118,0
20170429204156044,0
20170408220806375,0
007-3907-200,2
20170221195952465,0
007-4359-200,3
007-1834-100,2
20170412084504237,0
007-6704-400,4
007-7164-400,4
007-0925-000,0
20170406101702312,0
007-5366-300,2
007-1858-100,0
007-2554-100,1
20170407232603746,0
20170419160330690,0
20170408231430698,0
007-4896-300,3
20170609152303463,1
007-1345-000,0
20170427111038648,0
007-6380-400,4
007-6594-400,4
20170130102411299,0
007-6391-400,3
007-1133-000,0
007-2224-100,2
20170411154052709,0
007-0139-000,2
007-3616-200,2
007-7376-601,0
20170427185059367,0
20170430175942977,0
20170412110006298,0
20170424095919157,0
20170429211034855,0
20170327103258723,0
20170430194658679,0
20170516095102020,2
007-3781-200,2
007-0593-000,0
20170228222933504,0
007-2325-100,2
007-2394-100,1
20170207083818918,0
20170221080104334,0
007-1244-000,0
20170408223350574,0
007-0740-000,0
007-6961-400,4
007-5661-300,3
20170226223624346,0
007-7189-400,4
007-4366-200,2
20170429215045131,0
20170411113157251,0
20170428163615176,0
007-2166-100,2
20170208102043208,0
007-3328-200,2
20170327101530578,0
007-6714-400,4
007-1825-100,1
007-2021-100,2
20170323110340307,0
007-6133-300,2
20170427091005352,0
20170427185055804,0
20170429223025303,0
007-0282-000,0
007-5998-300,2
007-6630-400,4
20170411115056986,0
20170430195208274,0
007-6829-400,4
20170516095250066,2
20170226214352293,0
007-4592-200,2
007-2265-100,0
20170621084037980,2
007-1356-000,0
007-6518-400,4
007-6555-400,4
007-1924-100,1
007-6690-400,4
007-6004-300,2
20170511164336476,2
20170622084331077,2
20170120215509747,0
007-1246-000,0
007-5916-300,2
007-7332-601,0
007-0985-000,0
20170429231407736,0
007-5347-300,2
007-0203-000,0
20170622165441318,2
007-5097-300,2
20170414125158502,0
20170206181327355,0
007-6939-400,4
007-6575-400,4
007-0243-000,0
007-5232-300,2
20170414081158089,0
007-5656-300,2
20170226222920772,0
007-5141-300,2
007-7965-601,2
007-5554-300,2
20170511170800183,1
20170427090150185,0
007-6201-300,2
007-4766-200,2
20170429210329254,0
007-3779-200,2
20170221162451869,0
20170419092948833,0
20170220104405877,0
007-1193-000,0
007-3554-200,2
007-4106-200,2
007-6851-400,4
20170419080503535,0
007-0324-000,0
007-2244-100,0
20170429205604367,0
20170122153156719,0
007-3646-200,2
20170215164822467,0
007-1860-100,0
007-7106-400,4
007-6463-400,4
20170429213803424,0
20170331085316650,0
007-5894-300,2
007-3082-100,1
007-1283-000,0
007-2889-100,1
007-7939-601,0
007-0302-000,0
20170331100227694,0
20170527182337850,2
20170228091152891,0
007-0757-000,0
007-5348-300,2
20170323162415464,0
007-4790-300,2
20170429212716947,0
20170324095529660,0
007-3061-100,1
007-3029-100,1
007-0730-000,2
007-3301-200,2
20170228232209939,0
007-4063-200,2
20170525181244148,2
007-5050-300,2
007-7029-400,4
007-3398-200,2
007-4793-300,2
007-5984-300,2
007-0542-000,2
007-5558-300,2
20170617210321383,2
007-7111-400,4
20170331090247765,0
007-2450-100,2
007-3595-200,2
007-1044-000,0
007-4160-200,2
20170216173745712,0
20170427191132650,0
007-4077-200,2
007-5412-300,2
007-2020-100,2
007-0242-000,0
007-4990-300,2
007-6602-400,4
007-8089-601,2
007-1883-100,2
007-4233-200,2
007-4073-200,2
007-4591-200,2
20170410111317874,0
007-4527-200,2
007-1919-100,0
007-5396-300,2
007-7762-601,2
20170429211025317,0
007-0178-000,0
20170626102154406,2
20170413170216007,0
007-1818-100,2
20170223171323774,0
007-6932-400,4
007-4011-200,2
20170215104620399,0
007-2256-100,0
007-4649-200,2
007-5572-300,2
007-6333-400,4
007-5314-300,2
007-0672-000,0
20170222151846623,0
007-3543-200,2
007-0888-000,0
007-6804-400,4
20170505093903390,2
20170414165313970,0
007-1901-100,1
007-3337-200,2
20170328091440431,0
20170521005529006,3
20170509155323919,2
007-3517-200,2
20170215225711319,0
007-1886-100,0
20170412101850963,0
007-4013-200,2
007-7712-601,0
007-7784-601,0
20170429202319993,0
007-1785-100,1
20170324092423588,0
007-2796-100,2
007-5381-300,2
20170429202215267,0
007-3176-100,0
20170419183802467,0
20170411141618642,0
20170412102222060,0
20170601100334694,3
007-6700-400,4
20170330081019995,0
20170323091629619,0
007-0801-000,0
20170215093444594,0
20170120221816237,0
007-4948-300,2
007-0715-000,0
007-5943-300,2
007-4427-200,2
007-3975-200,2
007-4495-200,2
007-1972-100,1
20170602085458708,3
20170628175832531,2
20170506090019590,2
007-2545-100,2
20170124094352032,0
007-5921-300,2
20170210121955624,0
007-2059-100,0
007-2151-100,1
20170609171911261,2
007-3150-100,2
20170430201632652,0
007-0146-000,0
007-2878-100,1
20170502095651084,2
20170327140552407,0
007-0483-000,0
20170323110608547,0
007-2445-100,1
007-1530-000,0
007-4251-200,2
007-6485-400,4
007-6204-300,2
007-0648-000,0
007-0340-000,0
007-6711-400,4
007-7030-400,4
20170525090043404,2
007-5516-300,2
007-4769-200,2
007-3110-100,2
007-3344-200,2
007-3135-100,2
007-0791-000,0
007-7629-601,0
007-2258-100,2
007-3044-100,1
007-3737-200,2
20170429223630839,0
20170226225853947,0
20170417105013880,0
20170616125321132,1
007-1705-000,0
007-7027-400,4
20170609164600463,2
007-0093-000,2
007-6287-400,4
007-7895-601,0
20170621151923199,2
007-3749-200,2
20170430193232001,0
20170413134137928,0
20170501235455424,2
007-0477-000,0
007-3405-200,2
007-6897-400,4
20170407090312790,0
007-0048-000,0
007-4802-300,2
007-1991-100,2
007-5647-300,2
007-3775-200,2
007-7420-601,0
007-4960-300,2
007-1842-100,2
20170408230824518,0
20170123093849026,0
007-5492-300,2
007-4837-300,2
007-4988-300,2
007-5045-300,2
20170430200546082,0
20170428104536006,0
20170429223309129,0
007-3021-100,0
20170616085516129,2
007-6625-400,4
20170126115215453,0
007-2403-100,2
007-6550-400,4
007-6504-400,4
007-4262-200,2
007-2852-100,1
20170224181228718,0
007-2182-100,1
007-5039-300,2
20170120090947696,0
007-4376-200,2
20170407092553829,0
007-3355-200,2
007-4997-300,2
007-0529-000,0
20170428100642582,0
20170427190253117,0
007-5195-300,2
007-3607-200,2
007-6349-400,4
007-3163-100,2
007-4859-300,2
20170608214612392,2
20170424094836129,0
007-3393-200,2
20170429220928943,0
007-5082-300,2
20170414160712626,0
007-1679-000,0
007-1613-000,0
007-4404-200,2
20170407222416917,0
007-3399-200,2
20170427085624123,0
20170329102416314,0
007-5193-300,2
20170429213426833,0
20170221164707308,0
20170324101034222,0
007-7124-400,4
20170430154617342,0
007-0476-000,0
007-3354-200,2
007-6417-400,4
007-5086-300,2
007-0213-000,0
007-5217-300,2
007-0276-000,0
007-5248-300,2
20170419205020873,0
007-0417-000,0
20170327084500823,0
007-5089-300,2
007-2116-100,0
007-7919-601,2
20170424084133515,0
007-5303-300,2
20170514222421801,2
007-6330-400,4
007-0255-000,0
007-3198-100,2
20170515164805618,2
20170429215146617,0
007-5830-300,3
007-7962-601,2
007-2183-100,0
20170421095818586,0
20170220143131426,0
20170228165757798,0
20170327173128689,0
007-0222-000,0
007-4601-200,2
007-5468-300,2
20170428090728431,0
20170429232029890,0
007-0822-000,0
20170418095851939,0
007-2467-100,2
20170429212332747,0
20170413142542599,0
20170427185111357,0
20170508163653358,2
20170417105037844,0
007-2503-100,1
20170418113348939,0
20170622084151355,2
007-2260-100,1
007-4840-300,2
20170213104307130,0
20170611110836296,2
007-0839-000,0
20170415095934967,0
007-2909-100,2
007-0397-000,0
20170427182616601,0
007-2429-100,1
007-3180-100,1
20170609184126256,2
007-0621-000,0
007-4048-200,2
007-4870-300,2
007-0707-000,0
007-0847-000,0
20170408215230674,0
007-3796-200,2
007-0211-000,0
20170323085657869,0
20170525091431523,2
20170407083344969,0
007-0306-000,0
20170324094019439,0
20170401100837062,0
20170429221034215,0
20170326090056897,0
007-2296-100,1
007-4714-200,2
007-4970-300,2
007-6289-400,4
20170330152319803,0
20170407230606423,0
007-4647-200,2
007-5292-300,2
20170221143257485,0
007-0278-000,0
007-4534-200,2
007-1927-100,2
007-4655-200,2
007-5351-300,2
20170121093807445,0
007-6299-400,4
007-3416-200,2
007-0898-000,0
007-6158-300,2
20170222183307014,0
007-0935-000,0
007-7673-601,0
007-5584-300,2
007-5864-300,2
20170608194510438,2
20170407235549433,0
20170208133103727,0
007-0963-000,0
20170429215844860,0
20170413135413739,0
007-5206-300,2
007-4744-200,2
007-4415-200,2
20170223142340246,0
007-5919-300,2
20170427214214917,0
007-7947-601,2
20170429205459908,0
20170424170317397,0
20170508162307395,2
20170124131317072,0
20170629112226249,2
20170429231227144,0
007-4657-200,2
20170123085823477,0
20170428110413053,0
007-1967-100,1
20161116105730357,0
20170427091717056,0
007-6707-400,4
20170210163026981,0
007-4317-200,2
007-4618-200,0
20170401085944143,0
007-2923-100,2
007-3193-100,0
007-3428-200,2
007-0475-000,0
007-6497-400,4
20170625202046477,1
20170429210408066,0
007-5547-300,2
007-5244-300,2
007-6883-400,4
20170328180141830,0
20170122105713241,0
20170204103033420,0
007-4190-200,2
007-0314-000,0
007-1067-000,0
007-4828-300,2
007-2214-100,2
007-5276-300,2
007-5564-300,2
007-2257-100,1
007-5888-300,2
007-6281-300,2
007-2597-100,2
007-1316-000,0
20170630162228394,2
20170630084446353,2
20170429203329412,0
007-0636-000,0
20170429223845045,0
20170427185225468,0
007-1504-000,0
20170511152606497,2
20170407105559618,0
007-3063-100,2
20170629163541793,2
007-7911-601,2
007-5409-300,2
007-1847-100,2
20170226232045505,0
007-3949-200,2
007-0182-000,0
20170426082624471,0
007-0640-000,0
20170622165310431,2
007-0687-000,0
007-0531-000,0
20170222182528203,0
007-5506-300,2
007-3525-200,2
20170323090048869,0
007-6002-300,3
20170214135802377,0
007-7676-601,0
007-2940-100,2
20170430195507023,0
20170429214919301,0
007-4795-300,2
20170420183711592,0
007-1006-000,0
20170401171718466,0
20170221093102893,0
20170620090332437,2
20170217114218024,0
007-7112-400,4
007-6592-400,4
007-6733-400,2
007-2745-100,0
20170612163236281,3
20170429194722802,0
20170407235909043,0
20170608133136376,2
20170415150529884,0
007-5006-300,2
007-3798-200,2
007-5901-300,2
20170408220639838,0
007-3863-200,2
20170429230100144,0
007-7579-601,0
20170622080902439,2
20170222183911260,0
007-2710-100,1
20170120223336407,0
007-5223-300,3
007-0817-000,0
20170611092920726,2
20170430203018290,0
20170324112903585,0
20170407152351618,0
007-6042-300,2
007-0585-000,0
20170608192955912,2
007-6923-400,4
20170228225803920,0
20170617211409886,2
20170123103609648,0
007-7006-400,4
007-1280-000,0
20170226222929730,0
007-4792-300,3
007-7772-601,2
007-1134-000,0
20170410161302089,0
20170120154239604,0
20170224104635817,0
20170323084101501,0
007-0348-000,0
20170407234957611,0
007-3580-200,2
007-1798-100,2
20170415091130973,0
20170430201006499,0
007-3825-200,2
007-6588-400,4
007-3579-200,3
007-0234-000,0
007-8006-601,2
007-2621-100,1
007-2937-100,0
20170628104216955,2
20170601164357337,2
20161115165015457,0
20170517153024404,2
007-4830-300,2
007-6008-300,2
007-0360-000,0
007-1001-000,0
007-6514-400,4
20170330095646694,0
007-0345-000,0
007-1186-000,0
20170429210635256,0
007-3914-200,2
20170415102951157,0
007-8805-605,4
007-2220-100,2
007-4817-300,2
007-3058-100,2
007-1925-100,1
20170504211026647,2
007-3341-200,2
20170409161444107,0
007-1544-000,0
007-5479-300,2
007-3679-200,2
20170429201712189,0
20170409204407123,0
007-1309-000,2
007-5812-300,2
20170327104153766,0
007-0560-000,0
007-7330-601,0
20170401171753533,0
20170214220640168,0
20170329141353743,0
20170606142725101,2
20170401171542995,0
007-2328-100,2
007-5188-300,2
007-5128-300,2
20170323140215836,0
007-5044-300,2
007-0084-000,0
007-5760-300,2
007-8369-603,2
007-3993-200,2
20170410144112680,0
20170524105439342,2
007-1952-100,2
20170221195941545,0
007-1465-000,0
007-6297-400,4
007-2617-100,1
007-7132-400,4
007-6549-400,4
007-3518-200,3
007-3449-200,2
20170522091729801,2
007-5438-300,3
007-0454-000,0
007-2523-100,1
007-3478-200,2
20170331152748847,0
007-1776-100,1
007-4917-300,2
20170408232105296,0
007-7019-400,4
007-3704-200,2
20170330085539114,0
007-3887-200,2
20170429214900908,0
007-4986-300,2
20170224113103144,0
20170430153022204,0
007-5683-300,3
007-0369-000,0
20170430194811993,0
007-4692-200,2
20170426092143447,0
20170430195157992,0
20170415102951687,0
007-3457-200,2
007-2301-100,2
20170223145726061,0
007-0761-000,0
007-2727-100,2
20170222152106328,0
20170131090206092,0
20170429215056224,0
007-1332-000,0
20170227233608448,0
20170428091726420,0
20170417095129728,0
007-3238-100,1
007-3814-200,2
20170518153036606,2
007-0659-000,0
20170410091839449,0
20170408212826147,0
20170412174014430,0
20170430204716484,0
007-1662-000,2
007-1083-000,0
007-7168-400,4
20170612115910188,2
007-3054-100,2
20170406100349832,0
007-2960-100,1
20170331075147582,0
007-2694-100,1
007-0252-000,0
007-6823-400,4
20170425160445127,0
007-5730-300,2
007-0525-000,0
007-8407-603,2
007-4242-200,2
007-4070-200,2
007-6491-400,4
007-6816-400,4
007-0464-000,0
20170120215348972,0
007-1782-100,2
20170329075722980,0
20170429222435339,0
007-5143-300,2
007-2281-100,1
007-3627-200,2
007-6119-300,2
20170606164136295,3
007-7129-400,4
20170521094743135,2
007-5126-300,2
007-4172-200,2
20170430200115232,0
20170429215004487,0
007-0173-000,0
20170329082818262,0
007-1596-000,0
007-5112-300,2
007-6986-400,4
007-4169-200,2
007-6662-400,4
20170407112130686,0
007-0450-000,0
007-4846-300,3
20170524182857618,2
20170323083521396,0
007-5642-300,2
007-1755-100,1
20170412084607669,0
20170120141618402,0
20170429202713383,0
007-7021-400,4
20170429200829964,0
20170324093012531,0
20170429211115482,0
007-2003-100,1
20170510111425409,3
20170226092924204,0
007-3529-200,3
20170331095408156,0
007-2408-100,2
20170329083203668,0
007-6240-300,2
007-1058-000,0
20170408231438226,0
007-0821-000,0
20170210122650436,0
20170430193710265,0
007-3617-200,2
007-7599-601,0
007-0101-000,0
20170524091746187,2
20170412091847055,0
007-6750-400,4
007-2076-100,2
007-1583-000,0
20170406165101998,0
20170429201916017,0
007-6091-300,2
007-6084-300,2
007-3853-200,2
007-0654-000,0
20161112024337097,0
007-0566-000,0
20170524111318098,2
20170407234358262,0
20170523101901691,2
007-0370-000,0
20170605153241003,1
007-4783-200,2
20170227231717438,0
007-3327-200,2
007-2369-100,1
007-5155-300,2
20170214145306157,0
007-0551-000,0
20170227165345933,0
20170208173110046,0
20170326100026531,0
007-5544-300,2
007-2052-100,2
007-2486-100,1
20170428153946369,0
20170408215821373,0
20170429215822630,0
20170411154233229,0
20170210122710726,0
007-6818-400,4
007-4860-300,0
20170430200921962,0
20170323114805847,0
007-5714-300,2
007-3475-200,2
20170429203936488,0
20170413152155981,0
007-6979-400,4
20170619083600088,2
20170407225718912,0
007-2778-100,2
007-1571-000,0
20170419100815415,0
20170323095325734,0
007-3977-200,2
20170124162501604,0
20170227231328304,0
20170411114306114,0
007-5598-300,2
007-4182-200,2
007-3934-200,2
007-0037-000,0
007-2468-100,1
007-0619-000,0
20170407130846505,0
20170323101411151,0
007-1074-000,0
007-6033-300,2
007-3521-200,2
20170429204919586,0
20170622170936068,2
007-5621-300,2
007-3492-200,2
007-1257-000,0
20170228164822024,0
007-5246-300,2
007-0634-000,0
007-7044-400,4
007-5792-300,2
20170429202553962,0
20170425102143314,0
20170615112649677,2
007-4863-300,2
20170428120313013,0
007-7219-400,4
007-7535-601,2
20170621111316351,2
007-5819-300,2
20170509092533246,2
20170327101756551,0
007-2027-100,2
007-0622-000,0
007-4895-300,2
007-0144-000,2
007-1194-000,0
20170421132955972,0
20170617103821616,1
007-3620-200,2
007-8281-602,0
20170411141810989,0
20170417155554253,0
007-4747-200,2
007-5690-300,2
20170227160449379,0
007-5241-300,2
007-0762-000,0
007-3872-200,2
007-4556-200,2
007-3883-200,2
007-3292-200,2
007-6547-400,4
20170429215625977,0
007-8752-605,0
007-0136-000,0
007-7045-400,4
007-7227-400,4
007-6019-300,4
20170215104327523,0
007-4277-200,2
007-4499-200,2
007-1013-000,0
007-6970-400,4
20170412110630281,0
007-5798-300,2
20170629195200847,2
007-5602-300,3
007-5391-300,2
007-3720-200,2
20170427162327224,0
007-2072-100,0
20170222101042823,0
007-0231-000,0
007-3915-200,2
007-5105-300,2
007-2590-100,2
007-0927-000,0
007-2823-100,1
20170613144410261,2
007-1252-000,0
20170429204600944,0
007-3307-200,2
007-4540-200,2
007-7256-400,4
007-2872-100,0
20170506084941627,2
20170412191552082,0
007-1675-000,0
007-6622-400,4
20170426090644946,0
20170622080837404,2
20170521095717085,2
007-4309-200,2
007-0049-000,0
20170217170607887,0
007-2164-100,1
007-0765-000,0
20170428095431915,0
20170328091227668,0
20170121153406540,0
007-1771-100,2
20170329100341777,0
007-5713-300,2
20170331100227894,0
007-7534-601,2
007-3102-100,1
007-5038-300,2
007-3514-200,2
007-6608-400,4
007-0646-000,0
20170427185636543,0
007-3443-200,2
20170427184057042,0
007-6232-300,2
007-0197-000,0
20170415090759483,0
20170429231836717,0
20170212142108296,0
007-3527-200,2
007-5539-300,2
20170413102628830,0
20170429211250159,0
007-0975-000,0
007-2308-100,1
007-4745-200,2
20170226214822932,0
20170609181337462,2
007-6223-300,2
007-1222-000,0
20170215094437640,0
20170427185548872,0
007-6746-400,4
20170207084345478,0
007-5867-300,2
007-1301-000,0
007-3068-100,1
20170225194404821,0
20170407212919172,0
007-2606-100,0
20170615112223659,2
007-1685-000,0
007-3700-200,2
20170427092252484,0
007-3939-200,2
20170412162233043,0
20170427181149465,0
20170508102511803,2
007-5134-300,2
20170428114525641,0
007-0502-000,0
007-8566-604,0
007-2991-100,2
007-7028-400,4
20170609091816747,2
20170427184904962,0
20170605171346279,3
20170428093839526,0
20170228230601428,0
20170429201902088,0
007-3133-100,2
007-8550-604,0
007-3077-100,2
007-7026-400,4
007-0922-000,0
007-1391-000,0
20170224110411568,0
20170323083429175,0
20170224105623779,0
007-2299-100,2
20170214091449944,0
007-3500-200,2
20170614092847535,2
20170623150218614,2
20170427182915376,0
007-5931-300,2
20170429203344819,0
007-3773-200,2
20170223115107087,0
20170225202734480,0
20170413133417921,0
20170405090223906,0
007-2334-100,1
20170424155002286,0
007-0716-000,0
007-1311-000,0
20170614094320129,2
007-6107-300,2
007-1916-100,0
20170413144614969,0
007-1343-000,0
20170123091248070,0
20170223171757680,0
20170323084320632,0
007-1493-000,0
20170429213412314,0
007-8560-604,0
007-1031-000,0
20170427183624105,0
20170422182757789,0
20170613091004709,2
20170414094612758,0
007-4041-200,2
20170410091609639,0
007-2433-100,2
20170420183148139,0
007-4677-200,2
007-0946-000,0
20170401095345103,0
20170223171707737,0
007-1365-000,0
20170429203633599,0
20170525085823355,2
20170429224052500,0
20170430200432406,0
20170225202833683,0
007-5255-300,2
20170401171141317,0
007-7198-400,4
20170429221451374,0
007-3665-200,2
007-2122-100,2
007-6211-300,2
007-3656-200,2
007-5103-300,2
20170523085504368,2
20170412185752595,0
007-2298-100,2
007-4232-200,2
20170420095437998,0
20170329082301186,0
007-5677-300,2
007-6306-400,4
20170327111957345,0
007-4438-200,2
007-1725-000,0
20170428105824486,0
20170327160649463,0
20170512134214478,2
20170413113351595,0
20170430195342147,0
007-4236-200,2
20170414153840398,0
20170518174145634,2
007-2073-100,0
20170331082944429,0
20170429210431431,0
007-3539-200,2
20170410092802341,0
007-1341-000,0
007-2899-100,2
20170429205542770,0
007-3241-100,2
007-5335-300,2
007-5257-300,2
007-6538-400,4
20170524182902113,2
007-2761-100,1
20170120141653805,0
007-5120-300,2
20170222154134083,0
007-3844-200,2
20170413081317045,0
007-3251-100,1
20170430193353131,0
007-6155-300,2
007-3418-200,2
007-1799-100,0
007-6180-300,2
007-2896-100,2
007-1535-000,0
007-6931-400,4
007-0978-000,0
20170427190001968,0
007-5026-300,2
007-6336-400,4
007-4292-200,2
20170222183325776,0
20170123100425137,0
20170421081125405,0
007-5376-300,2
007-2932-100,2
007-5185-300,2
007-3177-100,2
007-2917-100,0
20170207175547016,0
007-4822-300,2
20170228170116464,0
007-5462-300,2
007-3252-100,2
007-5697-300,2
20170327134206136,0
007-2690-100,2
007-1096-000,0
20170208172320643,0
007-1803-100,0
20170430193405847,0
20170512160521256,2
20170524102406516,2
20170217171152107,0
007-2490-100,2
20170612085653906,2
20170407232006137,0
007-4281-200,2
20170408224136503,0
007-3924-200,2
007-7498-601,2
007-3022-100,0
007-3998-200,2
20170613114347795,2
20170427192016911,0
007-5136-300,2
007-4965-300,2
007-2159-100,0
007-1225-000,0
007-4087-200,2
20170411115000607,0
007-6623-400,4
007-2149-100,2
007-6713-400,4
007-0473-000,0
20170328091056768,0
20170329085831428,0
20170323083610280,0
007-6284-400,4
007-2483-100,2
007-5817-300,2
20170429204919846,0
007-2168-100,1
007-5797-300,2
007-3146-100,1
007-6754-400,4
007-2832-100,2
007-3020-100,0
007-0777-000,0
007-0128-000,0
007-5000-300,2
007-8408-603,2
20170612142012308,2
007-6224-300,2
20170331100616931,0
007-4826-300,2
007-0892-000,0
20170323095952352,0
20170429205357439,0
007-3261-100,1
20170429225833583,0
007-4879-300,2
20170518171334338,2
007-0741-000,0
007-6582-400,4
007-1448-000,0
20170430200327049,0
007-8005-601,2
007-0257-000,0
007-5933-300,3
20170429221754502,0
007-4175-200,2
007-1071-000,0
20170517171348722,2
007-0082-000,0
20170427185627251,0
007-3911-200,2
007-3284-200,2
007-4154-200,3
20170412085423431,0
20170331112327444,0
20170418093854327,0
007-2316-100,2
007-1956-100,2
007-7237-400,4
20170608112844110,2
007-6526-400,4
20170430190906592,0
007-1137-000,0
007-6833-400,4
007-4294-200,2
007-4322-200,2
007-0468-000,0
007-3606-200,2
007-6589-400,4
20170427084620429,0
007-2327-100,2
007-3559-200,2
20170629091725669,2
20170615121449076,2
20170327112656972,0
20170427183348596,0
007-1765-100,2
007-2203-100,0
007-6488-400,4
007-5897-300,2
007-3334-200,2
20170429224200524,0
007-4199-200,2
20170621111314473,2
20170226225606060,0
007-5129-300,2
20170429224801527,0
007-2006-100,2
20170120215354919,0
007-3482-200,2
007-6947-400,4
007-3126-100,2
007-1172-000,0
20170213170404024,0
20170411141638867,0
20170405101325185,0
20170222101033047,0
20170427185859450,0
007-6706-400,4
20170430195726725,0
20170210165605591,0
007-0725-000,1
007-4078-200,2
007-2138-100,2
007-2763-100,2
007-4615-200,2
20170323095042818,0
007-5576-300,2
007-4064-200,2
007-2241-100,1
20170326085552768,0
20170424165653167,0
007-5940-300,2
007-5976-300,2
20170430205404105,0
20170430201123607,0
007-2648-100,1
20170324111244129,0
007-7038-400,4
20170220174934041,0
20170429215323608,0
007-6756-400,4
20170210121352215,0
007-3986-200,2
007-1371-000,0
007-6448-400,4
007-8070-601,2
007-0845-000,0
007-8028-601,2
007-2155-100,1
20170408211833240,0
20170512230840743,2
20170609175027838,2
20170222152227838,0
20170429204548636,0
007-3340-200,2
20170427181444211,0
20170125160603162,0
007-5620-300,2
20170330222014438,0
007-4753-200,2
007-7247-400,4
20170427184255876,0
007-0087-000,0
20170411104820443,0
20170226214712650,0
007-6197-300,2
20170429201614845,0
007-3592-200,2
20170405144225459,0
20170417113313915,0
007-5030-300,2
007-3041-100,1
007-6296-400,4
007-3733-200,2
007-4252-200,2
20170208173707692,0
007-4789-300,2
20170330085308054,0
20170528211438926,2
007-2574-100,2
007-4338-200,2
007-0520-000,0
20170330152418842,0
20170503192804965,2
007-0373-000,0
007-6691-400,4
20170429223736176,0
20170214144743190,0
007-3086-100,2
007-2764-100,1
007-4535-200,2
20170328080648455,0
20170407092851317,0
20170429204028596,0
20170213094713916,0
007-6072-300,2
007-1522-000,0
007-3182-100,2
20170429224704335,0
20161108112019490,0
20170430193108847,0
007-4186-200,2
007-5509-300,2
007-6669-400,4
007-1388-000,0
007-2612-100,2
20170429202509086,0
20170430153125783,0
20170329083804001,0
20170408215237876,0
007-2089-100,2
20170223151510483,0
20170329100341322,0
007-6742-400,4
20170408222307196,0
007-1595-000,0
007-0470-000,0
007-1939-100,1
007-6420-400,4
20170411092022304,0
007-4431-200,2
007-3841-200,2
007-1485-000,0
20170510144009153,2
007-0117-000,0
007-0317-000,0
007-0867-000,0
007-1454-000,0
007-5951-300,2
20170413112017305,0
007-0495-000,0
007-2752-100,1
007-6085-300,2
20170223114348869,0
20170418103851495,0
007-5634-300,2
20170427180440101,0
007-3464-200,2
20170430195148811,0
20170424165545637,0
007-0368-000,0
007-3025-100,2
20170429205359026,0
007-0688-000,0
20170605163041513,2
007-2548-100,2
007-0175-000,0
20170406165104839,0
007-7639-601,0
007-3161-100,0
007-3420-200,2
20170209090205265,0
20170327111945310,0
007-5363-300,2
20170430200924139,0
007-0579-000,0
20170429215418505,0
20170327111704847,0
20170429195456441,0
20170223104629220,0
007-7794-601,0
20170605093750559,2
007-2348-100,1
007-5508-300,2
007-6138-300,2
007-6572-400,4
20170221180754809,0
007-4611-200,2
007-2563-100,2
007-6960-400,2
20170427191518339,0
007-8530-604,2
007-1368-000,0
20170327083655755,0
007-4486-200,2
007-6687-400,4
007-3408-200,2
20170430192813426,0
007-1206-000,0
20170515161313257,2
007-4039-200,2
20170329082547301,0
20170411103307026,0
007-6374-400,4
20170324104428221,0
20170216090543323,0
20170408212945542,0
007-3804-200,2
007-7002-400,4
20170122100711512,0
007-6500-400,4
20170220140114740,0
007-6469-400,4
20170427181057390,0
007-0782-000,0
007-3674-200,2
007-5380-300,2
007-2192-100,0
20170424153738041,0
20170616084703535,3
007-1789-100,2
20170407222739811,0
20170424154708990,0
20170608112323203,2
007-4374-200,2
20170429224248109,0
007-5430-300,3
20170417105107608,0
20170609091623855,2
007-3053-100,0
007-7506-601,0
007-0420-000,0
007-2153-100,0
007-1970-100,1
007-6774-400,4
20170220100624432,0
20170412090143066,0
007-0807-000,0
20170427180935648,0
007-1285-000,0
007-3216-100,1
007-0398-000,0
007-2418-100,2
007-5170-300,2
007-0406-000,0
007-3274-100,2
20170429221348614,0
20170220140108640,0
20170120220818563,0
007-2728-100,1
007-1191-000,0
20170430193646374,0
007-0658-000,0
20170427183820981,0
007-2451-100,1
20170223090156273,0
007-4946-300,2
20170221163719951,0
20170228221648381,0
007-3411-200,2
007-4950-300,2
007-5222-300,2
007-0229-000,0
20170429220204962,0
007-2643-100,2
007-3376-200,2
007-6661-400,4
007-4085-200,2
007-2044-100,2
20170428110148596,0
20170429211936663,0
007-7369-601,0
007-1827-100,2
007-6792-400,4
007-1467-000,0
007-0296-000,0
007-7973-601,0
20170620192226934,2
007-5532-300,2
20170608194027190,2
007-7184-400,4
007-4784-200,2
007-1740-000,0
20170418095138435,0
20170123171031480,0
20170401171723974,0
007-8405-603,2
20170120154048174,0
20170428163724513,0
20170228224255877,0
20170531140926195,2
007-1949-100,1
007-5900-300,2
007-3459-200,2
007-5372-300,2
007-0212-000,0
007-1256-000,0
007-2025-100,1
20170427183919381,0
007-6511-400,4
20170223114244398,0
007-5331-300,2
20170615155127636,2
007-2689-100,1
007-0536-000,0
007-7701-601,2
20170429205031598,0
20170206144251502,0
20170429203633560,0
20170225144731690,0
007-0310-000,0
007-4574-200,2
007-5949-300,2
20170427085054752,0
007-7887-601,2
20170120222316281,0
007-2361-100,0
007-7109-400,4
007-2505-100,1
007-2700-100,1
20170525090044498,2
20170505163758832,2
20170328145703859,0
20170504165902335,2
007-6758-400,4
007-4989-300,2
007-4003-200,2
20170412093127006,0
20170424095916170,0
007-5062-300,2
20170503093557128,2
20170418145526149,0
007-6765-400,4
20170428161950347,0
20170324091537897,0
20170313102853763,0
007-6308-400,4
007-1122-000,0
20170120223019825,0
007-2246-100,1
007-6247-300,2
007-6351-400,4
007-4473-200,2
007-5997-300,2
20170504154837541,2
20170220143121830,0
20170427185536194,0
007-0908-000,0
007-7283-601,4
20170420093648451,0
007-0484-000,0
20170415095710294,0
20170227112324405,0
20170329084151044,0
007-1028-000,0
007-1248-000,0
20170328102344330,0
007-0961-000,0
007-4468-200,2
20170419205027355,0
20170331091707695,0
20170430195631296,0
20170407221302501,0
20170512225813757,2
007-3038-100,1
20170417110130463,0
007-5184-300,2
007-4522-200,2
007-0198-000,0
20170323141507129,0
007-5423-300,2
20170210121255956,0
007-0404-000,0
007-4032-200,2
007-0411-000,0
20170427180950244,0
007-3690-200,2
007-7270-601,0
20170605152611082,2
007-5403-300,2
007-2136-100,0
20170330153401334,0
20170124131514062,0
20170524104642726,2
20170516150503170,2
007-0023-000,0
007-0009-000,0
20170324091959765,0
20170414145526529,0
20170324083212839,0
007-5617-300,2
007-7003-400,4
007-2667-100,2
20170324080423631,0
007-2602-100,1
20170228222045497,0
007-3641-200,2
007-1490-000,0
20170616085451671,2
20170628125159838,2
20170517172209323,2
007-1228-000,0
007-2211-100,1
20170329140026539,0
007-4254-200,3
007-2178-100,2
20170509092532699,2
007-1788-100,2
007-5021-300,3
007-0094-000,0
007-0562-000,0
007-2383-100,2
20170427091003738,0
007-2702-100,1
007-5721-300,2
007-3750-200,2
20170508222445492,2
007-1784-100,2
007-6802-400,4
007-4084-200,2
007-6615-400,4
007-0104-000,0
007-6229-300,2
007-4379-200,2
20170209143140243,0
007-4820-300,2
20170406084019942,0
20170621140230477,2
007-2861-100,2
007-2181-100,2
20170429224326292,0
007-3195-100,2
007-3878-200,2
20170331133833665,0
007-0620-000,0
007-2060-100,2
007-4380-200,2
007-1632-000,0
20170408233819816,0
007-2987-100,0
007-3846-200,2
20170224153515947,0
20170518093625661,2
20170418195909380,0
007-3324-200,2
20170204133657911,0
20170411113808410,0
20170227233521812,0
007-5727-300,3
007-0304-000,0
007-2840-100,1
007-4531-200,2
20170430201007090,0
20170429224204244,0
20170227233202405,0
20170430201247723,0
20170213104307598,0
007-4035-200,1
007-3967-200,2
007-3548-200,3
007-4159-200,2
007-3285-200,2
20170330080004528,0
007-7058-400,4
007-7343-601,2
20170427181448498,0
20170120221712491,0
20170529050427690,2
007-2692-100,1
20170526094916030,2
20170213115541839,0
007-2995-100,0
20170429231040992,0
007-6519-400,4
007-8424-603,2
007-3149-100,2
20170413144644728,0
007-4027-200,2
007-1649-000,0
007-3194-100,2
007-5918-300,2
007-6906-400,4
20170630165124941,2
20170331085833777,0
007-1022-000,0
007-1815-100,2
007-2801-100,0
007-8582-604,0
20170429195038009,0
007-4461-200,2
20170427190558112,0
20170430200759773,0
007-1710-000,0
20170427220809937,0
007-4327-200,2
20170329082807396,0
007-1100-000,0
20170329081514631,0
20170323090417309,0
007-1073-000,0
007-2460-100,2
007-1125-000,0
20170428093227234,0
007-0155-000,0
20170209131551045,0
007-2880-100,1
20170427093433656,0
20170430201106080,0
007-3089-100,1
007-0418-000,0
007-4778-200,2
007-6557-400,4
20170327080743745,0
007-4066-200,2
007-3265-100,2
007-6736-400,4
007-0886-000,0
007-1254-000,0
007-1769-100,1
007-4105-200,2
007-4249-200,3
20170328164726799,0
20170430191337526,0
20170412202800866,0
20170418085547338,0
007-2172-100,1
007-4051-200,2
20170505094751770,2
20170627103352693,2
007-6305-400,4
007-1344-000,0
20170407232704224,0
20170324085929970,0
007-4676-200,2
007-6817-400,4
20170408233034773,0
20170225201956347,0
007-7197-400,4
007-5377-300,3
20170430192532548,0
20170429203336949,0
007-7966-601,0
007-6342-400,4
007-5365-300,2
007-6122-300,2
007-5612-300,2
007-7594-601,2
20170429231120977,0
20170427184959479,0
20170227232921286,0
20170518101531126,2
20170327111243014,0
007-4171-200,2
007-5624-300,2
007-8579-604,0
007-5394-300,2
20170427090010016,0
20170326081646277,0
20170226225501999,0
20170330111144486,0
007-0319-000,0
20170406104028411,0
20170427182705405,0
007-1766-100,2
007-6743-400,4
20170428163139682,0
20170419095202863,0
20170224160850224,0
20170508101717694,2
007-4602-200,2
007-8317-602,0
20170409211422237,0
007-5587-300,2
20170331142753334,0
20170417152010581,0
007-4530-200,2
007-2191-100,0
20170511191633744,2
20170428094434319,0
20170324140648051,0
20170429210714738,0
20170429205336309,0
20170327081937492,0
007-4641-200,2
007-3776-200,2
20170608212719065,2
007-5682-300,2
007-4785-300,2
20170215102114029,0
20170313172619640,0
007-2266-100,2
20170327112658379,0
007-0154-000,0
20170612233612380,2
007-2965-100,2
007-0493-000,0
007-7719-601,0
20170429203618868,0
20170223105735837,0
007-2786-100,1
20170427184014775,0
007-4258-200,2
007-6067-300,2
20170511173525601,2
007-5226-300,2
20170515124124226,2
007-0244-000,0
007-1464-000,0
007-6128-300,2
007-0329-000,0
20170122170705476,0
20170510182408334,2
007-0998-000,0
20170331094019944,0
20170408231654502,0
007-1816-100,2
007-2579-100,2
007-0664-000,1
20170221105601026,0
20170208101458195,0
007-3533-200,2
007-4363-200,2
20170417110130403,0
007-3549-200,2
007-4479-200,2
007-4494-200,2
007-6941-400,4
007-3276-100,1
20170410110133449,0
007-2197-100,0
20170429214337111,0
007-5301-300,2
20170323140256043,0
20170411204059840,0
007-1138-000,0
007-6212-300,2
007-3532-200,2
007-5855-300,2
20170221164710064,0
007-0905-000,0
007-4538-200,2
007-0665-000,0
20161114145629356,0
007-0035-000,0
007-3070-100,2
20170209151248467,0
007-4743-200,2
007-3839-200,2
007-3600-200,2
007-1326-000,0
007-0575-000,0
20170411140558742,0
007-5711-300,2
007-7823-601,2
20170227233735201,0
20170330111147398,0
20170618221202386,2
007-0514-000,0
20170406153916741,0
007-2218-100,2
20170323083030916,0
20170531142132051,2
20170608133302015,2
20170427213348520,0
007-5084-300,2
20170406085446520,0
007-7188-400,4
007-1631-000,0
20170609154552424,1
007-4477-200,2
007-0079-000,0
007-5411-300,2
20170430201405963,0
20170427185357872,0
20170410100437235,0
20170221161443950,0
20170227155535662,0
007-2571-100,2
007-0202-000,0
007-1234-000,0
007-6632-400,4
007-0972-000,0
20170514222246265,2
007-8481-604,0
007-6822-400,4
007-0206-000,0
007-6767-400,4
007-5405-300,3
20170428150052112,0
007-0474-000,0
007-6655-400,4
20170424155727824,0
007-6523-400,4
007-2441-100,1
007-3836-200,2
20170420184344679,0
007-6020-300,2
007-3953-200,2
20170427214203947,0
007-6110-300,2
20170522113613703,2
007-0781-000,0
007-3164-100,2
20170223084259166,0
007-1379-000,0
007-1319-000,2
007-5665-300,2
20170228170540015,0
007-2083-100,2
007-0492-000,0
007-2223-100,0
007-0110-000,1
007-4162-200,2
20170613084729625,2
007-6496-400,4
007-3201-100,1
007-6501-400,4
007-6117-300,2
007-4650-200,2
007-2309-100,0
007-4469-200,2
007-2152-100,2
20170418093855744,0
007-2187-100,1
007-3498-200,2
007-6648-400,4
20170428090925638,0
20170316102816374,0
007-1753-100,2
20170425120323155,0
007-4805-300,2
20170228000229136,0
20170407151537746,0
007-1730-000,0
007-2860-100,2
20170221143649570,0
20170430173752142,0
007-2735-100,2
20170429204429841,0
007-0600-000,0
007-7847-601,0
20170418105415065,0
007-2130-100,0
007-0271-000,0
007-0491-000,0
20170324095301169,0
007-5874-300,2
007-5860-300,2
007-4669-200,2
007-5487-300,2
20170429221140502,0
007-0721-000,0
20170220095322707,0
007-1889-100,2
007-0102-000,0
007-6053-300,2
20170408224549139,0
007-4679-200,2
20170330153216510,0
007-6600-400,4
007-0965-000,0
20170417100914763,0
20170412202015432,0
007-2660-100,2
007-6895-400,4
20170419111609070,0
20170429203400714,0
20170418135336394,0
20170615110729147,2
20170429202820123,0
20170429193113659,0
20170406112542031,0
007-1723-000,3
20170221080927786,0
007-4579-200,2
20170504152806899,3
20170417113725383,0
007-2261-100,1
007-8728-605,4
007-3268-100,0
007-0773-000,0
007-1681-000,0
20170331083850808,0
20170512151304597,3
007-0811-000,0
20170521091719687,2
007-5702-300,2
007-5214-300,2
007-5651-300,2
007-1498-000,0
007-4914-300,2
007-2695-100,1
007-4899-300,2
20170421184607886,0
20170215092126197,0
20170429231929091,0
20170615145539585,1
007-6473-400,4
007-6318-400,4
007-5958-300,2
20170217091113294,0
007-2363-100,1
20170408224936063,0
007-3168-100,2
007-0293-000,0
007-5990-300,2
007-3862-200,2
007-0991-000,0
007-5272-300,2
20170430195017757,0
007-2873-100,0
20170330152413194,0
20170429220723517,0
007-3272-100,1
007-1041-000,0
20170427083333838,0
007-0219-000,0
20170417083146076,0
20170429212453154,0
20170531173341782,3
007-3613-200,2
20170605164035106,2
20170329095907382,0
007-5764-300,2
20170430200717384,0
007-1979-100,2
20170331110254863,0
20170429213236557,0
20170328145739032,0
007-5269-300,2
007-5705-300,2
007-6363-400,4
007-4164-200,2
007-3296-200,2
007-5095-300,2
007-5339-300,2
007-6654-400,4
007-4138-200,2
20170216172253836,0
20170217170911791,0
007-1908-100,1
007-7260-400,4
007-4939-300,2
20170418102429463,0
007-1447-000,0
20170510083555432,2
20170412112454107,0
007-3351-200,2
007-4752-200,3
007-1602-000,0
007-6720-400,4
007-6061-300,2
20170419194515791,0
20170223153124868,0
007-5696-300,2
007-6739-400,2
20170120221809290,0
007-1686-000,0
20170430175930772,0
007-2812-100,1
007-4420-200,2
007-3237-100,1
20170206144540782,0
20170408233140422,0
20170613150734900,1
007-6827-400,4
007-4391-200,2
20170601084514660,2
20170223153134954,0
20170619110259422,2
007-5204-300,2
20170414165409474,0
007-5879-300,2
007-4218-200,2
007-6388-400,4
007-7666-601,2
007-2998-100,1
007-2498-100,1
20170427084113100,0
007-7536-601,2
007-6475-400,4
007-2171-100,1
007-3297-200,2
20170401100843713,0
007-4612-200,2
007-2473-100,2
007-0430-000,0
007-2919-100,2
007-3756-200,2
20170617204317559,2
20170505142937028,2
20170620193521303,2
007-4491-200,2
007-5810-300,2
007-4509-200,2
20170217172045939,0
007-0670-000,0
20170215093524231,0
007-5271-300,2
20170120222412717,0
007-3807-200,2
20170412203741013,0
20170228103210905,0
007-3891-200,2
007-4306-200,2
20170331093312956,0
007-3786-200,2
007-4311-200,2
20170406100646696,0
007-4226-200,2
20170328081015016,0
20170323093945725,0
007-4328-200,2
007-4594-200,2
20170228154049046,0
007-3605-200,2
20170429210027765,0
007-4367-200,2
007-2929-100,2
007-0462-000,0
007-7233-400,4
20170327134056100,0
20170427182230164,0
20170420093558005,0
20170428115936704,0
007-7022-400,4
20170401091024219,0
20170429214952435,0
20170329095340255,0
007-3673-200,2
20170627110345934,2
007-4947-300,2
007-1127-000,0
20170407220503239,0
007-3980-200,2
20170206180531712,0
20170429223429622,0
20170429230310614,0
007-6340-400,4
007-3828-200,2
007-0820-000,1
20170628114456450,2
20170622080815230,2
20170531165149058,2
007-6973-400,4
007-0706-000,2
007-0924-000,0
007-0818-000,0
007-1572-000,0
007-7773-601,2
20170206175828241,0
007-4981-300,3
20170609095102337,3
007-5862-300,2
007-3785-200,2
20170215225546764,0
20170417083154677,0
20170421101203241,0
007-1891-100,0
007-3009-100,1
20170408221651429,0
20170616112523766,2
20170609152450896,2
007-5340-300,2
20170214145205746,0
20170324080703043,0
20170528174134309,2
007-1926-100,2
20170206143148611,0
007-7039-400,4
007-0121-000,0
20170424155139387,0
007-1140-000,0
007-5121-300,2
20170323172134956,0
20170424154526349,0
20170208175657652,0
007-4700-200,2
007-1359-000,0
007-7688-601,0
007-6821-400,4
20170620191949057,2
007-2371-100,1
007-0013-000,0
20170414165457615,0
20170427084526865,0
007-7574-601,0
007-1472-000,0
20170323152656323,0
20170429203416134,0
007-2090-100,2
20170429204133794,0
007-1414-000,0
20170417113604837,0
20170629112225780,2
20170418092249373,0
007-6740-400,4
007-3994-200,2
007-7580-601,0
20170407230107596,0
20170422192440321,0
007-0070-000,0
20170429221244887,0
007-2496-100,2
007-6996-400,2
20170327140346704,0
007-0983-000,0
007-5099-300,2
007-5676-300,2
007-4724-200,2
007-0341-000,0
007-0572-000,0
20170609165742369,2
007-7298-601,0
007-3811-200,2
20170429200338006,0
007-5273-300,2
20170620001050014,2
007-4796-300,2
007-2883-100,1
007-7265-400,4
20170213091846694,0
20170323162238639,0
007-3235-100,2
007-0185-000,2
007-0986-000,0
20170502002324525,0
007-6302-400,4
007-1829-100,2
007-4425-200,2
20170508093934243,2
007-1647-000,0
20170407235916756,0
20170602155248106,3
20170614094320595,2
007-1903-100,0
20170522105641915,2
20170427181053799,0
007-5322-300,2
20170120222010342,0
20170323085712132,0
007-7004-400,4
007-0208-000,0
20170429215936481,0
007-4435-200,2
20170427190749126,0
007-0544-000,0
20170427190956018,0
007-2048-100,2
007-7217-400,4
007-3212-100,1
20170427185824716,0
007-5626-300,2
20170429200530941,0
20170226234856632,0
20170406101631890,0
20170510143849590,2
007-2311-100,2
20170427203912457,0
20170429231508234,0
007-5302-300,2
007-6040-300,2
20170503090942880,1
20170426084806698,0
007-2859-100,1
007-4690-200,2
007-5553-300,2
007-1335-000,0
007-2807-100,2
007-4224-200,2
007-4926-300,2
007-2737-100,2
20170323092852818,0
007-4358-200,2
007-5488-300,2
007-0727-000,2
007-6567-400,4
007-6875-400,4
007-6867-400,4
007-1729-000,0
007-0118-000,0
007-2666-100,1
20170406100610672,0
20170323085247057,0
007-5080-300,2
007-4646-200,2
20170329140648564,0
007-5586-300,2
20170209102519919,0
007-0131-000,0
007-1848-100,0
007-1069-000,0
007-2422-100,2
20170427111038586,0
007-1486-000,0
007-2204-100,0
20170227170414359,0
007-5224-300,2
007-3832-200,2
20170611090346213,2
007-1150-000,0
20170429204601078,0
20170429221344610,0
20170429202615849,0
007-4307-200,2
20170429210806155,0
20170620003233436,2
007-4069-200,2
20170428101346680,0
20170524140637130,2
007-1586-000,0
007-2435-100,1
007-6203-300,2
007-3790-200,2
007-3570-200,2
007-3647-200,2
20170410090018363,0
20170429213623095,0
20170224114427255,0
007-4104-200,2
007-1770-100,2
20170429200527102,0
007-2543-100,1
007-7901-601,0
20170414145958537,0
007-6118-300,2
007-0990-000,0
20170330213316497,0
007-5795-300,2
007-3968-200,2
007-2480-100,1
007-4514-200,2
20170422185554513,0
20170408220646918,0
20170427180535308,0
20170427184532387,0
20170224104635011,0
20170413133629909,0
20170429222055704,0
007-1209-000,0
20170324101738972,0
007-5592-300,2
20170527112129224,2
007-6498-400,4
20170323131021773,0
20170424170615518,0
007-1642-000,0
20170609083431717,2
007-5666-300,2
007-3289-200,2
007-6815-400,4
007-2225-100,0
20170410120121151,0
20170427180836769,0
007-5712-300,2
20170124162351000,0
20170225203647881,0
20170220091737255,0
20170427094404245,0
20170427181653025,0
20170324084840579,0
20170213165901333,0
007-1528-000,0
007-5364-300,2
20170420141214839,0
20170428104123770,0
007-4897-300,3
20170225202139479,0
007-4668-200,2
007-7292-601,0
007-5229-300,2
007-6300-400,4
20170601160745959,3
20170429200623809,0
20170430200453150,0
20170408211942531,0
007-2217-100,0
007-2595-100,1
20170429223446341,0
20170330165025106,0
20170223151907677,0
007-1146-000,0
007-5280-300,2
20170425160838043,0
20170430160453470,0
20170323130338822,0
007-1265-000,0
20170506154237008,2
007-3639-200,2
007-6781-400,4
007-2410-100,1
20170515172948707,2
007-2035-100,2
20170606104243761,2
007-1081-000,0
20170427191213157,0
007-1957-100,2
20170328150336683,0
007-0204-000,0
20170429224516433,0
20170324112557007,0
007-3823-200,2
007-2730-100,0
007-7222-400,4
20170415091132491,0
20170528173533746,2
007-0316-000,0
20170417140954732,0
007-3669-200,2
20170410151418655,0
007-1574-000,0
007-0667-000,0
007-3016-100,2
007-6252-300,2
007-0414-000,0
20170206085240206,0
007-2765-100,2
20170428091825503,0
007-5609-300,2
007-0288-000,0
20170410093232105,0
20170630161316194,2
007-3550-200,2
20170526174208743,2
20170511082348807,2
007-7007-400,4
007-4436-200,2
007-4968-300,2
007-0067-000,0
007-5995-300,2
007-0615-000,0
20170430202041924,0
20170424164446748,0
007-1621-000,0
007-1398-000,0
20170502095138326,2
20170408222000348,0
20170122162733804,0
20170424110302568,0
007-4555-200,2
20170224160101048,0
007-5836-300,2
20170626083942052,2
007-4637-200,2
007-0410-000,0
007-2355-100,2
007-4208-200,2
007-7213-400,4
007-0700-000,0
007-6831-400,4
20170324095528097,0
20170417140743569,0
007-5841-300,2
20170630124326410,2
20170329141305620,0
007-1059-000,0
20170626162707595,2
007-0501-000,0
20170326104627144,0
20170328101707998,0
20170214213332016,0
20170430201203478,0
007-2814-100,1
20170418195543380,0
007-2055-100,2
007-2319-100,2
20170223174957075,0
007-4890-300,2
20170409201932991,0
20170430193930489,0
007-3546-200,2
20170517112902745,2
007-2881-100,2
20170525111826224,2
20170427190717761,0
007-5831-300,2
007-1612-000,0
20170430201414723,0
007-3927-200,2
007-6394-400,4
007-3336-200,2
007-1658-000,0
20170430191705169,0
20170627105002528,2
20170429203052748,0
20170428092059349,0
007-4729-200,2
20170429204652538,0
007-1581-000,0
007-4179-200,2
007-6768-400,4
20170328081016390,0
20170227103129077,0
007-1445-000,0
007-1715-000,0
007-3024-100,2
007-4625-200,2
20170406115411229,0
007-2198-100,0
007-4095-200,2
20170328150218913,0
007-1539-000,0
007-0660-000,0
007-0860-000,0
20170429210801172,0
20170330080415884,0
20170208174556431,0
20170418085728824,0
20170429213420850,0
20170327111056792,0
20170522100404106,2
007-0930-000,0
007-2120-100,0
20170429203915028,0
20170612162850921,2
20170208081344140,0
007-1060-000,0
007-0221-000,0
007-0506-000,0
007-3023-100,1
007-2184-100,2
20170429224037690,0
007-5056-300,2
007-1551-000,0
20170530104857438,2
20170430152852201,0
20170429203732754,0
20170429210737859,0
007-4537-200,2
20170428082715586,0
007-0893-000,0
20170427182754678,0
20170621145620516,2
20170502000228274,2
007-5018-300,2
007-2095-100,2
007-3693-200,2
20170428095433963,0
007-1023-000,0
007-1783-100,0
007-7133-400,4
007-5013-300,2
007-4324-200,2
20170414104218750,0
007-0113-000,0
007-2474-100,1
007-5937-300,2
20170427081426172,0
007-2148-100,0
20170427180531249,0
007-5320-300,2
007-6988-400,4
007-0708-000,1
20170524135826866,2
007-3279-200,2
007-3076-100,2
20170427182331584,0
007-3866-200,2
20170429204455668,0
007-6605-400,4
20170427191526349,0
007-3755-200,2
007-6521-400,4
007-3626-200,2
007-5310-300,2
20170427100717384,0
007-3830-200,2
20170426101502649,0
20170228225701913,0
20170221161639113,0
007-4557-200,2
20170424161103442,0
20170629093242315,2
20170503083257799,2
20170427195906934,0
20170620102404697,2
007-7163-400,4
007-6964-400,4
007-6748-400,4
20170630161546674,2
007-1854-100,2
20170429200729875,0
007-6099-300,2
007-6726-400,2
007-5408-300,2
007-5752-300,2
007-4118-200,2
20170331082621105,0
20170321102820781,0
007-0780-000,0
20170328081449974,0
20170417092512583,0
007-3434-200,2
20170313105840514,0
20170429210512044,0
20170427201458706,0
007-3540-200,2
20170429214633358,0
007-4800-300,2
007-6797-400,4
007-1293-000,0
20170412202452024,0
20170418085138697,0
007-1569-000,0
007-6193-300,2
20170522103325925,2
007-3603-200,2
007-3471-200,2
007-3865-200,2
007-4215-200,2
007-2753-100,2
007-1190-000,0
20170601163945952,2
20170517104426637,2
007-0381-000,0
007-2536-100,2
007-0107-000,0
007-5137-300,2
007-0805-000,0
007-7504-601,2
20170529115523319,2
20170401092850059,0
007-6059-300,2
007-4910-300,2
007-4604-200,2
20170327103504990,0
007-4439-200,2
007-3400-200,2
007-8521-604,0
007-2790-100,1
20170419194510144,0
007-3108-100,2
007-0871-000,0
20170323095139979,0
20170426173807708,0
007-3455-200,2
007-5629-300,2
20170627192035083,1
007-2016-100,0
007-7043-400,4
007-0480-000,0
20161107140656664,0
007-0328-000,0
20170323140209715,0
007-2758-100,2
007-6373-400,4
007-5679-300,3
007-2251-100,0
20170429193522820,0
007-3903-200,2
007-0943-000,0
007-6918-400,4
20170214214827798,0
20170427192012988,0
20170521094903529,1
007-0702-000,0
007-1027-000,0
20170224160057504,0
007-5203-300,2
007-5983-300,2
007-5078-300,2
20170209134240541,0
007-4906-300,2
20170627101206389,1
007-4148-200,2
007-5570-300,3
20170208152349420,0
007-7864-601,0
20170429205259151,0
20170429224122446,0
20170602114824224,2
007-6686-400,4
20170505100939670,2
007-6853-400,4
007-6014-300,2
007-7446-601,0
007-3368-200,2
007-5623-300,2
20170527183231475,2
20170615104926501,3
007-6516-400,4
007-3414-200,2
007-7110-400,4
007-6599-400,4
007-1156-000,0
007-6013-300,2
20170427203319632,0
20170426090330146,0
007-5979-300,2
20170430193300723,0
007-1895-100,1
007-4731-200,2
007-4510-200,2
20170427182956966,0
007-6162-300,2
007-3726-200,2
20170331090026449,0
007-4696-200,2
007-7269-601,2
007-7159-400,4
007-5939-300,2
007-8236-602,0
007-7008-400,4
007-1760-100,2
007-2029-100,2
007-3260-100,1
20170408220207127,0
20170408225336425,0
20170227230601700,0
007-3699-200,2
20170407225711491,0
007-7438-601,0
007-4553-200,2
007-6153-300,2
20170412093600138,0
20170208081341593,0
007-5325-300,2
007-8249-602,0
20170430190713424,0
20170126115056314,0
20170323092202683,0
20170608215511768,2
007-0090-000,0
20170427180631672,0
20170328082101747,0
007-6098-300,2
007-1043-000,0
20170614093235797,2
007-1429-000,0
007-8149-601,2
20170220152001953,0
007-0569-000,0
007-3520-200,2
20170209090114947,0
20170502112049025,2
20170412103150457,0
007-0728-000,0
007-4934-300,2
20170612094201671,2
20170215223447162,0
007-4629-200,2
20170329080832977,0
20170429215218066,0
007-6512-400,4
20170213134043415,0
20170408212157888,0
20170428085829032,0
20170226231949313,0
007-3940-200,2
20170429231417443,0
007-0394-000,0
20170523084030451,2
20170224133411553,0
007-0512-000,0
20170327102220440,0
20170208102039256,0
20170630161316044,2
20170428092139170,0
20170329082947964,0
20170323114856047,0
007-6058-300,2
007-1056-000,0
20170427101352821,0
20170430195738065,0
20170324091735788,0
20170410094715869,0
20170328110649522,0
007-6953-400,4
20170331085540124,0
007-3380-200,2
007-2133-100,2
20170324091347852,0
20170616090802344,2
20170405093547460,0
20170601152455773,2
007-2043-100,2
20170331110249296,0
007-2847-100,2
20170417200127598,0
20170429224744829,0
20170217105826821,0
007-2898-100,2
20170408223034264,0
20170511162525215,2
20170417110727336,0
20170206163611382,0
20170328150336549,0
20170324090524051,0
007-0111-000,0
20170429203921289,0
20170419084158931,0
007-1719-000,0
20170420184435080,0
20170221162617267,0
007-1159-000,0
007-7852-601,0
007-3147-100,2
20170427190202928,0
007-3855-200,2
20170429202619215,0
007-0861-000,0
007-2113-100,2
20170221162252402,0
20170425083714320,0
007-3664-200,2
007-6936-400,4
007-4220-200,2
20170429201934466,0
20170429232122687,0
007-3896-200,2
007-2645-100,2
20170222150550577,0
20170406083950076,0
007-0837-000,0
007-4228-200,2
007-5023-300,2
20170206143552850,0
007-1421-000,0
20170406150020134,0
007-4321-200,2
20170120220650226,0
20170407224656787,0
007-5165-300,2
20170321103949573,0
007-3858-200,2
20170214214752721,0
007-2335-100,2
007-5135-300,2
20170601160747495,3
007-1995-100,0
007-2805-100,1
007-2010-100,1
007-7581-601,4
20170415090800978,0
007-1315-000,0
20170427095906832,0
007-0806-000,0
20170323082300741,0
007-5497-300,2
20170223115256398,0
20170429224308450,0
007-3719-200,2
20170326093340254,0
20170528112927320,2
007-5980-300,2
20170323103305543,0
007-5197-300,2
20170331094110729,0
007-1663-000,0
007-3315-200,2
20170214220333553,0
007-2146-100,2
007-2057-100,2
20170606095011086,2
20170429205020436,0
007-4357-200,2
007-3385-200,2
20170224211818306,0
007-0372-000,0
007-0115-000,0
007-1438-000,0
007-8316-602,2
20170427215354350,0
20170620113410955,2
20170214095955848,0
20161111214315830,0
20170408232418287,0
007-0999-000,0
20170608195154945,2
007-6603-400,4
20170427212809393,0
20170524181209695,2
007-4259-200,2
007-3801-200,2
20170613191722915,2
007-4780-200,2
007-6486-400,4
007-0920-000,0
007-5654-300,2
20170508101232838,2
20170209131615238,0
20170628180023623,2
007-3118-100,0
007-3723-200,3
20170614093151112,2
20170408225541513,0
007-5477-300,3
007-5780-300,2
20170429213018479,0
007-3465-200,3
20170412193325622,0
007-2379-100,2
007-5892-300,4
007-5758-300,2
20170415102837115,0
20170329082259803,0
20170418100054906,0
007-6503-400,4
007-5869-300,2
20170629153038341,2
007-8414-603,2
20170222153250976,0
20170221161725190,0
007-0163-000,0
007-2267-100,1
007-2124-100,1
007-6314-400,4
007-6459-400,4
007-3578-200,2
007-0116-000,0
20170329140824603,0
20170605163201114,2
20170224093843606,0
007-5622-300,2
20170411114352014,0
20170626180035700,2
007-5986-300,2
007-2487-100,2
007-1503-000,0
007-6982-400,4
20170120153040093,0
007-1355-000,2
20170226090215881,0
20170429095809095,0
007-0633-000,0
007-7126-400,4
20170120221145919,0
007-0577-000,0
007-4867-300,2
20170401092743757,0
20170417114046972,0
007-2091-100,2
007-5856-300,2
007-3850-200,2
007-4149-200,2
20170226230921903,0
007-0366-000,0
20170207174718209,0
20170408220426215,0
007-2890-100,1
007-6387-400,4
20170428155659202,0
007-2174-100,2
007-5529-300,2
20170429211108816,0
20170407235654486,0
20170605093311807,2
007-0130-000,0
007-3893-200,2
20170629210118308,2
007-6437-400,4
007-2437-100,2
20170428082715541,0
007-3753-200,2
20170429232335757,0
20170417174055760,0
007-5637-300,2
007-6871-400,4
007-1369-000,0
007-2283-100,1
007-0166-000,0
20170420095437692,0
007-3970-200,2
20170410135524275,0
20170629083334829,2
20170426075630806,0
007-7023-400,4
007-8689-605,4
20170329091202868,0
007-5793-300,2
007-6819-400,4
007-0827-000,0
20170223151244647,0
20170328095524113,0
20170429212728245,0
007-2195-100,0
007-2141-100,0
007-3582-200,2
007-0330-000,0
20170327084920414,0
20170417095343228,0
007-3716-200,2
007-2365-100,2
007-2871-100,0
007-5113-300,2
20170605163124228,2
007-4698-200,2
007-1914-100,2
20170223171925324,0
20170220140226350,0
20170226225505931,0
007-3365-200,2
007-0494-000,0
007-1214-000,0
20170509155324396,2
007-6468-400,4
20170608154225606,2
20170331112229792,0
007-3789-200,2
007-0637-000,0
20170323095327323,0
20170224144337713,0
20170517104347160,2
007-6598-400,4
007-2647-100,1
007-6995-400,4
20170413111955404,0
20170622094954398,2
007-2400-100,1
007-0386-000,0
007-1484-000,0
007-1336-000,0
20170427185626846,0
007-5878-300,2
20170429224523474,0
20170224104019642,0
007-3330-200,2
007-5327-300,2
007-3824-200,2
007-3762-200,2
007-6080-300,2
007-0582-000,0
007-7141-400,4
20170609094519942,2
20170429220817171,0
007-0587-000,0
20170429204114041,0
007-0499-000,0
007-1259-000,0
007-1033-000,0
20170430195639622,0
007-1197-000,0
20170429230835610,0
007-3645-200,2
20170313172947430,0
007-3701-200,2
20170524161859109,2
007-0258-000,0
007-8485-604,2
20170407111631420,0
20170424162218960,0
007-6364-400,4
007-0080-000,0
007-2351-100,1
20170215102113545,0
007-4203-200,2
20170428163058180,0
20170221155007652,0
20170430175816621,0
007-4341-200,2
20170326095729604,0
007-3552-200,2
007-5548-300,2
007-6513-400,4
007-6360-400,4
20170606111430082,2
007-3048-100,1
007-6581-400,4
007-2562-100,2
007-5378-300,2
20170330222644867,0
007-7734-601,0
007-1973-100,2
20170405085630269,0
20170313172952559,0
20161111142932851,0
20170424154139778,0
007-6313-400,4
20170428091636786,0
007-4100-200,2
20170227160552411,0
007-3538-200,2
007-4050-200,2
007-4991-300,3
007-1237-000,0
007-4967-300,2
007-5024-300,2
007-1554-000,0
007-3659-200,2
007-6239-300,3
007-5512-300,2
20170328094455218,0
007-1295-000,0
007-4806-300,2
007-4280-200,2
007-5096-300,2
20170522172835446,2
20170327112956651,0
007-2552-100,2
20170226204645085,0
20170408000122401,0
20170503090730862,2
20170605144339809,2
20170213170649949,0
007-3660-200,2
20170330165025462,0
007-2986-100,1
007-0578-000,1
20170429203302982,0
20170430195026297,0
20170324095907957,0
007-1556-000,2
007-4516-200,2
007-2463-100,2
007-5693-300,3
007-0074-000,0
20170523165729685,2
20170627170651362,3
007-5199-300,2
20170407155054318,0
007-6507-400,4
007-7131-400,4
20170527183642236,2
20170424170818796,0
20170510151953869,2
20170427211147039,0
20170424164440599,0
007-1594-000,0
007-0127-000,0
20170410093233575,0
007-4954-300,2
007-1395-000,0
20170615112340349,2
007-4797-300,2
007-1154-000,0
20170329101332040,0
20170227160255086,0
007-2846-100,1
007-0331-000,0
20170421081130565,0
20170429205941167,0
007-4114-200,2
007-7672-601,0
007-6985-400,4
20170607085935786,2
007-4511-200,2
007-3445-200,2
20170409195711766,0
007-5282-300,2
007-4621-200,2
007-7033-400,4
20170408232057631,0
20170505143535911,2
20170224160527519,0
20170429213508406,0
20170420184350190,0
007-4464-200,2
007-6957-400,4
20170502160448258,2
007-6980-400,4
007-6583-400,4
007-2718-100,2
007-1404-000,0
007-6510-400,4
007-6474-400,4
007-4316-200,2
007-3694-200,2
20170430191908651,0
007-2154-100,1
20170324135324545,0
20170429204056381,0
20170503160817592,2
007-0868-000,0
20170208144726999,0
007-2531-100,2
007-2831-100,1
20170427191045130,0
007-2331-100,2
007-4833-300,2
007-2378-100,1
007-2186-100,1
007-3643-200,2
007-1139-000,0
007-4058-200,2
007-1325-000,0
007-5453-300,2
007-1953-100,1
007-1611-000,0
20170226083547139,0
007-3774-200,2
007-2321-100,2
20170323140301229,0
20170429224633848,0
20170429220826018,0
007-5945-300,2
007-1195-000,0
007-5603-300,3
007-2822-100,2
20170401090053814,0
20170510164850027,2
007-2144-100,0
20170427182528282,0
007-3808-200,2
20170502085516832,2
007-6332-400,4
20170209092651396,0
20170221110759832,0
007-4757-200,2
007-2395-100,2
20170405114257871,0
007-4808-300,2
007-0635-000,0
20170228230714236,0
007-3005-100,2
007-4804-300,2
007-5132-300,2
20170427195851108,0
007-6962-400,4
007-4685-200,2
20170425083714832,0
007-4626-200,2
20170223171621953,0
20170407230219733,0
20170629093110828,2
20170411085449115,0
007-6186-300,2
007-0251-000,0
007-4642-200,2
20170222150241574,0
007-3881-200,2
007-0826-000,0
20170427104531692,0
20170514222317943,4
007-0149-000,0
007-7647-601,0
20170425160836578,0
20170407222518823,0
007-2132-100,2
007-5225-300,2
20170618204640005,2
20170222092538402,0
007-1350-000,2
007-4633-200,2
007-6528-400,4
20170619165220840,3
007-4257-200,2
20170412135441966,0
20170428110010416,0
007-4229-200,2
007-3000-100,2
20170221145944716,0
007-4821-300,2
20170429230701863,0
007-1147-000,0
007-2850-100,0
007-5147-300,2
20170207145129242,0
20170428130132741,0
20170428090531730,0
007-6086-300,2
007-5560-300,2
20170227083936461,0
007-1780-100,1
007-3944-200,2
20170425095922296,0
007-0077-000,0
007-2243-100,2
007-3362-200,2
20170430194325280,0
20170221080059896,0
20170602085131467,2
007-2600-100,1
007-3742-200,2
007-3661-200,2
007-1176-000,0
007-5799-300,2
20170418110026689,0
007-6489-400,4
20170410093934395,0
007-5435-300,2
20170324081122857,0
20170429223418838,0
007-3051-100,1
007-8478-604,0
007-4721-200,2
20170419085622010,0
007-5287-300,2
20170424162337571,0
20170508100004333,2
20170418102230027,0
20170429210608223,0
20170328150001001,0
20170417084222767,0
007-4944-300,2
007-6705-400,4
20170428083309217,0
007-2380-100,1
007-7685-601,0
20170602115729351,2
007-5790-300,2
20170327150751478,0
007-1696-000,0
20170602084403248,2
20170405082647447,0
007-6793-400,4
20170407203129547,0
007-5256-300,2
007-0089-000,0
007-0900-000,0
007-5003-300,2
20170419085415103,0
007-3486-200,2
20170429221856724,0
20170622165648529,2
20170417155706940,0
20170430180010932,0
20170221095742351,0
20170227231625537,0
007-4971-300,2
007-7427-601,0
20170428085040906,0
20170208101614671,0
007-5041-300,2
007-5694-300,2
20170120223013855,0
20170410092817707,0
20170328091106960,0
007-3187-100,2
007-4326-200,2
007-6482-400,4
20170512230424862,2
20170224220303302,0
20170429210353879,0
20170328080647093,0
007-0148-000,0
007-4373-200,2
007-1862-100,2
20170613163546036,2
20170527112252624,2
007-4037-200,2
007-1790-100,1
20170224161522681,0
20170419160343303,0
007-6185-300,2
20170310115514054,0
20170628162819744,2
007-7631-601,2
20170222150401839,0
007-3079-100,2
20170224212928266,0
20170430201242535,0
007-6808-400,4
20170424165420766,0
007-3104-100,1
20170407232824470,0
007-6353-400,4
007-2691-100,1
20170210121233990,0
007-0103-000,0
007-4239-200,2
20170429215119377,0
20170609090537957,1
007-7249-400,4
007-3956-200,2
007-3469-200,2
20170220085827869,0
20170407235344647,0
007-6010-300,3
007-4887-300,2
20170407232503900,0
007-5955-300,2
007-6023-300,2
007-5556-300,3
007-0083-000,0
20170206181758712,0
007-3581-200,2
20170413144619040,0
20170621140621348,2
007-6120-300,2
007-5414-300,3
20170429210404360,0
007-0599-000,0
007-0442-000,0
007-4143-200,2
20170430201146788,0
007-5177-300,2
007-4430-200,2
20170328145702906,0
007-3199-100,2
007-2598-100,2
007-4542-200,2
007-7166-400,4
20170623150218158,2
007-3204-100,2
007-2127-100,1
007-2291-100,2
20170323130758448,0
007-2478-100,1
007-5920-300,2
007-1063-000,0
007-6684-400,4
007-0298-000,0
20170429214731181,0
007-4521-200,2
20170329085346073,0
20170616090841491,2
20170429210422443,0
007-4634-200,2
007-2799-100,2
007-4181-200,2
20170424154246110,0
007-4737-200,2
20170428145629897,0
007-0953-000,0
20170508102507631,2
007-0459-000,0
20170413154250087,0
007-1915-100,2
20170412103625063,0
20170405091133595,0
007-2449-100,2
007-3950-200,2
20170417113309574,0
007-0550-000,0
007-1029-000,0
007-7100-400,4
20170214144812293,0
20170225144727431,0
007-7671-601,0
20170417141233374,0
007-0731-000,0
20170611090344012,2
20170508105008458,2
20170226202658176,0
007-7517-601,0
007-4973-300,2
007-0527-000,0
007-0453-000,0
20170430200313610,0
007-6929-400,4
20170512164041374,2
20170522172409179,2
20170428081644490,0
007-0253-000,0
007-5398-300,2
007-8170-601,2
007-3094-100,1
007-1162-000,0
20170508162614605,2
20170405172240013,0
007-6861-400,4
20170427093238699,0
007-6902-400,4
007-6165-300,2
007-4330-200,2
007-6076-300,2
007-2005-100,1
007-6670-400,4
20170224110405729,0
20170327105552936,0
20170408092517109,0
20170327134214648,0
20170429204325698,0
20170122100707540,0
20170418135622755,0
20170214220241697,0
007-6103-300,2
007-3017-100,2
20170328105351300,0
007-4209-200,2
20170512123420362,2
20170327140112310,0
20170208152302138,0
007-4466-200,2
20170415091834472,0
007-5768-300,2
007-2950-100,2
20170528112436989,2
007-6060-300,2
20170429215921985,0
20170430145139479,0
007-1192-000,0
20170122165423738,0
20170624195339158,2
007-4120-200,2
20170408211509455,0
007-4844-300,3
007-6967-400,4
007-3952-200,2
007-6828-400,4
20170227171849861,0
007-2593-100,2
20170426085051640,0
20170228223828672,0
20170210163031148,0
007-5675-300,2
007-4163-200,2
20170405085537286,0
20170427183037301,0
20170331100347502,0
20170410095639511,0
007-0057-000,0
007-5782-300,2
007-5853-300,2
007-5107-300,2
20170213133348442,0
007-1946-100,2
20170607084253712,2
007-1131-000,0
20170424110302399,0
20170616121547366,2
20170424094834530,0
20170412085139692,0
007-3991-200,2
20170327105311474,0
20170629163541385,2
20170430203940002,0
007-1292-000,0
20170427181229677,0
20170430201303979,0
20170429220412774,0
20170427094003039,0
20170221150643231,0
007-5865-300,3
20170209164220825,0
007-2838-100,2
007-3426-200,2
007-2961-100,1
20170323094906953,0
20170227170240597,0
007-0543-000,0
20170226230839902,0
20170208175719177,0
007-6607-400,3
20170209134432804,0
007-5227-300,2
007-2288-100,1
007-6721-400,4
20170401171223455,0
007-1810-100,1
007-1121-000,0
20170427191700068,0
007-3243-100,2
20170417153440644,0
007-3630-200,2
20170215091933132,0
007-2458-100,1
007-0834-000,0
20170420110601235,0
007-5767-300,2
007-3732-200,2
20170206105354970,0
007-7205-400,4
007-1469-000,0
007-0142-000,0
007-3215-100,2
007-0189-000,0
20170327094658211,0
007-1629-000,0
20170206144825073,0
007-0885-000,0
20170429204331636,0
007-2772-100,1
007-5636-300,2
20170410161458922,0
007-5844-300,2
007-0295-000,0
007-3347-200,2
20170511205922006,2
007-5261-300,2
20170523093010553,2
007-1821-100,2
20170327075318134,0
007-1921-100,2
007-5868-300,2
20170329082424201,0
20170609091134141,2
20170429231321260,0
007-0595-000,0
007-5124-300,2
20170430191939023,0
007-2070-100,2
20170417110643269,0
007-6294-400,4
007-5315-300,2
007-5353-300,2
007-6112-300,2
007-0405-000,0
007-3112-100,2
20170413112015395,0
007-5471-300,2
007-6568-400,4
007-0085-000,0
20170427084620045,0
20170413081650531,0
20170405131909802,0
20170327093221196,0
20170214214827319,0
007-2343-100,1
20170327104159249,0
007-3727-200,2
20170227225758135,0
007-3859-200,2
20170213081351910,0
20170428155758885,0
20170215104325950,0
007-2026-100,0
007-3845-200,2
007-3536-200,2
007-2774-100,2
20170427184931329,0
20170414113605680,0
007-0151-000,0
20170417155614368,0
20170123102706012,0
007-3671-200,2
007-7645-601,0
007-2030-100,2
20170211092159114,0
007-1462-000,2
20170323081646616,0
007-4099-200,2
20170221162251875,0
007-4779-200,2
007-2661-100,2
20170418084529440,0
20170323130835496,0
007-0038-000,0
20170427091208324,0
007-2759-100,2
20170327103629041,0
007-6127-300,2
007-0378-000,0
007-1476-000,2
007-0452-000,0
007-6070-300,2
007-2588-100,1
20170425091742877,0
007-6657-400,4
20170611090108481,2
20170217171845073,0
20170428091136164,0
007-1025-000,0
007-4384-200,2
20170221111137237,0
20170429213636769,0
20170209163147270,0
007-4794-300,2
007-5343-300,2
20170415092114824,0
20170214135751487,0
20170518194046765,2
007-7128-400,4
20170414104217595,0
007-6893-400,4
20170326091904327,0
007-0259-000,0
20170616085940941,2
20170224160348398,0
007-7210-400,4
20170223094009879,0
20170205084153989,0
007-2607-100,1
007-0679-000,0
20170324095302762,0
20170407215252293,0
007-5279-300,2
20170208175254303,0
007-4282-200,2
007-6552-400,4
007-1661-000,0
007-0696-000,0
007-5710-300,3
007-5245-300,2
20170518151338862,2
20170120220143890,0
007-0383-000,0
007-2273-100,1
20170512114146575,2
007-0275-000,0
007-5673-300,3
20170401095655999,0
007-1047-000,1
20170430192944581,0
007-0623-000,0
007-0738-000,0
20170429195359650,0
20170429200414078,0
007-3501-200,2
007-0896-000,0
007-1676-000,0
007-1094-000,0
20170123103611203,0
007-1797-100,0
007-4935-300,2
007-5005-300,2
007-6940-400,4
007-0233-000,0
007-6894-400,4
007-6102-300,3
007-5057-300,2
20170510082538687,1
007-3633-200,2
20170324140645615,0
007-6377-400,4
20170429222538933,0
007-0181-000,0
007-5072-300,2
20170502084858430,2
007-7014-400,4
007-7363-601,0
007-5428-300,2
007-4878-300,2
007-4283-200,2
20170120222702621,0
007-4913-300,2
20170226204954189,0
007-2632-100,1
007-3884-200,2
007-2466-100,2
20170209151144184,0
007-3802-200,2
007-3055-100,2
20170427182316762,0
007-4884-300,2
20170619152223858,2
20170508222739885,2
007-3682-200,2
007-0465-000,0
20170328094247861,0
007-2269-100,1
007-2313-100,1
007-6280-300,2
007-5849-300,2
20170204102844342,0
007-0608-000,0
20170609154826618,2
007-1700-000,0
007-0584-000,0
007-8428-603,2
20170602085038408,2
007-8491-604,2
007-3958-200,2
007-6139-300,2
20170330080003070,0
007-4760-200,2
20170613164132693,2
007-6779-400,4
20170430194228694,0
20170224104412534,0
007-4803-300,2
20170418083234348,0
20170326105022553,0
007-1904-100,1
007-2842-100,1
007-5716-300,2
20170521091223320,2
20170329144505192,0
20170323095950738,0
20170429204451100,0
20170429231939390,0
007-6596-400,4
20170329083553293,0
007-4695-200,2
007-1349-000,0
007-6154-300,2
20170223113539002,0
007-5367-300,2
20170429215816257,0
20170427184222629,0
007-6841-400,4
007-1732-000,0
007-6282-300,2
007-2347-100,1
007-1625-000,0
20170430195129254,0
20170418082353060,0
20170429204540104,0
007-3062-100,1
007-1053-000,0
20170408225801210,0
007-2137-100,0
007-2259-100,1
20170429224622325,0
007-1563-000,0
007-0916-000,0
20170216154926247,0
007-3602-200,2
20170429220110763,0
007-2975-100,2
20170207080951185,0
20170330075043628,0
007-4112-200,2
20170226230628072,0
20170401091747308,0
007-0367-000,0
007-6222-300,2
20170430200245076,0
20170411103440592,0
20170207174505090,0
007-4660-200,2
007-4907-300,2
007-4429-200,2
20170406115405680,0
20170429225400728,0
007-8609-605,2
007-4620-200,2
20170429213734106,0
20170216161229969,0
007-6675-400,4
20170502085446271,2
007-2698-100,2
20170503090306902,2
007-0433-000,0
20170407223312682,0
20170228111228898,0
20170126114743588,0
20170427185345520,0
20170429230712355,0
20170120222606174,0
007-3820-200,2
007-4613-200,2
20170505100940129,2
007-5413-300,2
20170518150304317,2
007-1113-000,0
007-1049-000,0
20170429210836701,0
20170606104244150,2
007-3206-100,2
007-7149-400,4
007-5384-300,2
007-2495-100,2
007-6997-400,4
20170426082359710,0
007-1284-000,0
20170427093014194,0
007-4031-200,2
007-4301-200,2
007-0814-000,0
007-3780-200,2
20170427185440175,0
20170206144759127,0
20170410144117670,0
20170427185641134,0
20170628195834114,2
20170429220220001,0
007-1064-000,0
007-0747-000,0
20170330082321518,0
20170215225711779,0
007-6104-300,2
20170331144918556,0
007-0787-000,0
20170521102316532,2
007-0096-000,1
20170327101529137,0
007-4590-200,2
007-0583-000,0
007-6656-400,4
20170408224038809,0
20170428085204214,0
007-4240-200,2
20170120215632028,0
007-2401-100,1
20170424154505873,0
20170417154540760,0
20170521094825975,2
007-3010-100,2
20170224113109074,0
007-1282-000,0
20170616085816780,2
007-3293-200,2
007-3431-200,2
007-2749-100,2
20170401100008515,0
20170227235709733,0
007-2585-100,2
007-4654-200,2
007-0389-000,0
007-7235-400,4
007-3963-200,2
007-2555-100,2
20170324084144836,0
20170427190551011,0
007-5133-300,2
20170429202215846,0
007-6650-400,4
20170223094010243,0
007-6426-400,4
20170427184310184,0
007-7049-400,4
007-2227-100,1
007-5618-300,2
007-5091-300,2
007-2550-100,1
007-5540-300,2
007-2629-100,1
007-4886-300,2
20170331101910013,0
20170502160448139,2
20170411115343714,0
007-5953-300,2
20170413122939851,0
007-1072-000,0
007-5571-300,2
007-5535-300,2
20170224160317096,0
007-4749-200,2
20170413133939478,0
20170330085148201,0
20170326080809380,0
20170227155724235,0
20170328153751497,0
20170331085032737,0
20170427084743440,0
007-6878-400,4
007-5970-300,2
20170211162406924,0
20170427184617699,0
007-5781-300,2
007-2979-100,2
007-7169-400,4
007-4423-200,2
007-6073-300,2
007-3004-100,2
20170222154002651,0
007-2086-100,2
007-1110-000,0
007-0467-000,0
007-3557-200,2
20170518112134637,2
20170430200959365,0
20170424161706436,0
20170406110331629,0
007-1989-100,2
007-3946-200,3
20170427191346267,0
007-4393-200,2
007-3544-200,2
20170317221207111,0
007-0856-000,0
20170203162800256,0
20170424161425425,0
007-6935-400,4
007-3591-200,2
007-5685-300,3
007-4043-200,2
20170321103950081,0
20170414152313848,0
007-5385-300,2
007-4962-300,2
007-1992-100,0
20170620003041751,2
007-5762-300,2
20170212142057186,0
007-5783-300,2
007-0186-000,0
007-3642-200,2
20170427184052074,0
007-7697-601,0
007-2024-100,2
007-5239-300,2
20170216090007274,0
007-5724-300,2
007-3920-200,2
007-6011-300,3
20170324095036327,0
007-0261-000,0
007-2635-100,2
007-3230-100,2
20170430192637690,0
20170221161525729,0
20170406094448477,0
007-5668-300,2
20170424165659138,0
007-5596-300,2
20170224114811724,0
007-2000-100,1
007-3746-200,2
20170428083858242,0
007-2712-100,1
007-2176-100,0
007-3930-200,2
20170227160938274,0
20170606191332677,2
20170405094341357,0
007-5872-300,2
007-3128-100,1
20170428083456943,0
007-1321-000,2
007-6609-400,4
007-5595-300,2
20170429211807328,0
007-3332-200,2
007-4900-300,2
20170324075158165,0
007-3976-200,2
007-0350-000,0
007-2081-100,2
007-5397-300,2
20170411204351632,0
007-3658-200,2
007-2492-100,1
20170415102850257,0
20170327111445864,0
007-3971-200,2
20170217095932938,0
20170411204216809,0
20170609100255400,2
20170609233207210,2
007-5286-300,2
007-6260-300,2
007-4687-200,2
007-3856-200,2
007-5110-300,2
20170324082847204,0
20170227160550038,0
20170329083802588,0
20170408232758270,0
007-1548-000,0
20170214095952970,0
20170413085623125,0
007-6585-400,4
007-1149-000,0
007-1495-000,0
20170220135657675,0
20170204102928336,0
007-6409-400,4
007-4756-200,3
007-7768-601,2
007-0073-000,0
007-3192-100,0
007-0355-000,0
20170210094615901,0
007-7024-400,4
20170226224627457,0
007-7041-400,4
20170427181753491,0
20170503161821997,2
007-3516-200,0
007-4580-200,2
007-2093-100,1
20170607104433180,2
007-1806-100,0
20170429222924732,0
007-7798-601,0
007-3875-200,2
20170324140209599,0
007-4023-200,2
20170406101046211,0
20170324085722015,0
007-5329-300,2
20170602084034474,1
007-6234-300,2
007-0201-000,0
20170406101229009,0
007-5402-300,2
007-5890-300,2
007-6717-400,4
007-6766-400,4
007-2443-100,1
20170622194523915,2
20170424093054916,0
007-5156-300,2
20170521011801513,0
20170407222112733,0
007-4709-200,2
007-3739-200,2
007-2775-100,2
20170427185756415,0
007-3731-200,2
20170611090521276,2
007-2918-100,2
007-6978-400,4
007-6832-400,4
007-3813-200,3
20170414102933090,0
007-5169-300,3
20170327100837150,0
20170430190812305,0
20170321102453454,0
20170429223139158,0
007-5308-300,2
20170328105401273,0
20170328081827114,0
20170511162520718,2
007-2836-100,1
007-3921-200,2
007-4726-200,2
007-3032-100,0
20170410110905034,0
20170408212315242,0
20170413114556386,0
007-0315-000,0
007-1199-000,0
007-2854-100,0
007-7190-400,4
20170606165241723,2
20170208143852684,0
007-1157-000,0
007-4445-200,2
20170430190910394,0
007-6446-400,4
20170415102345240,0
007-0862-000,0
20170313105829885,0
007-4397-200,2
007-1009-000,0
007-3495-200,2
20170214165305181,0
007-1390-000,0
20170519153000176,3
007-7142-400,4
20170429205149942,0
20170414104052790,0
007-4121-200,2
20170208101452677,0
20170427095240398,0
007-7820-601,0
20170330074626951,0
20170618220930445,2
20170627081627610,2
007-6285-400,4
007-6494-400,4
007-1835-100,1
20170326101139893,0
007-5835-300,2
007-0263-000,0
007-1890-100,1
007-1900-100,1
20170430191201662,0
007-3049-100,2
007-0365-000,0
007-4889-300,2
20170324140849407,0
007-0436-000,0
007-3799-200,2
007-3882-200,2
007-5266-300,2
007-0428-000,0
007-3871-200,2
007-2317-100,2
20170224150453809,0
007-0697-000,0
20170419100215883,0
007-6323-400,4
20170430194158570,0
20170427112247861,0
007-3218-100,0
20170407151534840,0
007-3758-200,2
007-2221-100,1
007-7034-400,4
007-8637-605,2
007-2464-100,2
007-5755-300,2
007-2916-100,2
007-4610-200,2
007-5288-300,2
007-3319-200,2
20170511170843008,2
20170330140920632,0
007-7858-601,0
20170208101857665,0
20170426091057920,0
007-5719-300,2
007-6160-300,3
007-6254-300,3
20170223084434009,0
007-0416-000,0
007-5439-300,2
007-3857-200,2
007-6403-400,4
007-1270-000,2
007-7848-601,0
007-0710-000,0
20170429214713035,0
20170330105403355,0
20170223090159890,0
007-1870-100,1
007-0518-000,0
20170615112624140,2
007-6782-400,4
007-7910-601,0
20170327111444452,0
20170429205205636,0
007-6492-400,4
007-5268-300,2
007-5562-300,2
007-0123-000,0
007-6465-400,4
20170328110810910,0
007-3378-200,2
007-2913-100,0
20170429221601319,0
007-3590-200,2
007-4667-200,2
20170429202200317,0
007-3322-200,4
007-2662-100,2
007-4052-200,2
20170627112932912,2
20170324083949673,0
007-6525-400,4
007-6443-400,4
20170614105711288,2
007-0054-000,0
007-0535-000,0
007-4786-300,3
20170327110707781,0
20170528112424899,2
20170124162247496,0
20170430191250032,0
007-4310-200,2
007-2354-100,2
007-3080-100,2
20170326095038980,0
007-0346-000,0
20170430191943009,0
20170223145817474,0
007-3473-200,2
20170224160919206,0
007-0850-000,0
20170419095623439,0
20170405112448086,0
007-1982-100,0
20170618100223607,2
007-3485-200,2
007-2900-100,2
007-2586-100,2
007-2194-100,0
007-4952-300,2
007-4577-200,2
007-2930-100,2
007-7181-400,4
007-3277-100,2
20170324074536077,0
007-6709-400,4
20170425090800777,0
007-3090-100,1
007-1299-000,0
007-3085-100,0
20170608194755725,2
007-6352-400,4
20170429202359507,0
20170223171624239,0
007-2329-100,1
007-7226-400,4
007-7868-601,0
007-2017-100,0
007-0934-000,0
007-7225-400,4
007-2948-100,2
007-3522-200,2
007-1235-000,0
007-0419-000,0
20170404145602957,0
007-2501-100,1
007-5218-300,2
20170330100132948,0
20170429215416790,0
20170224160241060,0
007-2416-100,1
007-4205-200,2
007-1549-000,0
007-6643-400,4
20170616201007747,2
007-0675-000,0
007-4462-200,2
20170405084158276,0
20170527183435821,2
007-5015-300,2
007-6159-300,2
007-3488-200,4
007-2907-100,1
20170210165827268,0
007-6873-400,4
20170616082139360,2
20170407203619163,0
007-6587-400,4
007-3249-100,2
007-0774-000,0
007-3816-200,2
20170627160255825,2
20170120223147434,0
20170614092306031,2
007-6624-400,4
007-5249-300,2
007-6949-400,4
20170429221136981,0
007-3160-100,0
20170609164025211,2
20170217172030131,0
007-2756-100,1
20170427180842294,0
007-1035-000,0
007-2229-100,2
007-5330-300,2
007-5563-300,2
20170425092638708,0
007-3172-100,1
20170331095158526,0
007-4497-200,2
007-1813-100,2
007-5410-300,2
007-0666-000,0
007-4227-200,2
007-0718-000,0
20170420184512149,0
007-4951-300,2
007-4272-200,2
007-2235-100,2
007-0735-000,0
007-3294-200,2
20170429231046998,0
007-3496-200,2
20170227161011919,0
007-1964-100,0
007-4351-200,2
007-1550-000,0
20170216172124099,0
007-6166-300,2
007-2293-100,1
007-5201-300,2
007-5172-300,3
20170616200941802,2
20170502092651558,2
007-8131-601,0
007-2564-100,2
007-2119-100,2
20170327140523113,0
20170430175820317,0
20170428090609601,0
20170120223528817,0
20170221103500961,0
20170429204221442,0
20170505094752269,2
007-1793-100,2
20170427184100996,0
007-5873-300,2
20170412112936704,0
007-5125-300,2
20170612211133532,2
20170206143555635,0
007-3145-100,2
007-4010-200,2
007-0004-000,0
20170430180202271,0
007-5048-300,2
20170106171110424,0
20170120220537547,0
007-8268-602,2
007-2488-100,2
20170427190356738,0
007-4044-200,2
007-5274-300,2
20170324140135441,0
20170427181546260,0
20170225203027503,0
007-3390-200,2
007-3391-200,2
20170120104119457,0
20170329081334925,0
20170429223552940,0
20170427184957561,0
007-2658-100,2
007-2515-100,2
007-1814-100,2
20170327103524390,0
20170427110111505,0
20170214220333097,0
20170620113631654,2
007-6432-400,4
007-5493-300,2
007-1165-000,0
007-4707-200,2
20170429200932243,0
007-0601-000,0
20170621194627771,2
20170401170902477,0
007-7108-400,4
20170207175645289,0
007-4894-300,2
20170427191255984,0
007-7601-601,2
20170429231845378,0
20170329082649775,0
20170407152221777,0
20170225202000260,0
20170417111714533,0
007-3394-200,2
20170609190028430,2
007-3687-200,2
007-7379-601,2
20170213154950093,0
007-0325-000,0
20170413085306463,0
20170408211825756,0
007-1135-000,2
007-1145-000,0
007-2099-100,2
007-2709-100,2
007-3917-200,2
007-0714-000,2
007-1099-000,0
007-0994-000,0
20170323104718939,0
20170428110005912,0
007-1880-100,2
007-1604-000,0
007-1578-000,0
20170408222413387,0
007-3629-200,2
007-2337-100,1
20170517163822454,2
007-6590-400,4
20170417091142435,0
20170407232456663,0
007-6692-400,4
20170429204447613,0
20170417105530186,0
20170225194228528,0
007-6725-400,4
007-7214-400,4
20170522111746822,2
20170222152702689,0
007-3186-100,2
20170427095807849,0
007-2302-100,1
20170206105845309,0
007-1076-000,1
007-4572-200,2
20170412085130636,0
007-1362-000,0
007-2864-100,2
20170327085656497,0
007-0388-000,0
007-2856-100,1
007-4507-200,2
007-6667-400,4
20170619085859679,2
007-2974-100,2
007-4600-200,2
007-5306-300,2
007-0053-000,0
007-4866-300,2
007-5644-300,2
20170407234601395,0
20170327075319486,0
20170429193605264,0
20170326075840285,0
20170331085538677,0
007-1397-000,0
007-0948-000,0
20170411094654395,0
007-3782-200,2
20170331082357273,0
20170512113633462,2
20170324140245887,0
007-0950-000,0
007-3056-100,2
007-5100-300,2
007-3477-200,2
007-7253-400,4
007-3803-200,2
20170612000344635,2
007-3239-100,1
007-7675-601,0
007-0642-000,0
20170417113118784,0
20170429204318891,0
20170605171348909,2
007-3170-100,1
007-5383-300,2
20170413085749781,0
007-4059-200,2
007-6199-300,2
20170407220510910,0
20161118173805155,0
007-1951-100,2
007-6322-400,4
007-1527-000,0
007-1180-000,0
007-3066-100,2
007-3060-100,2
007-3697-200,2
007-5494-300,2
007-0434-000,0
007-5230-300,2
20170429201707510,0
007-1261-000,0
007-2357-100,1
20170522095812915,2
007-1317-000,0
007-1453-000,0
007-4422-200,2
20170528182051276,2
007-4093-200,2
007-3912-200,2
20170120223344679,0
007-2529-100,0
20170430195829731,0
007-0618-000,0
007-5151-300,2
007-6100-300,2
007-5549-300,2
007-7242-400,4
20170430193459105,0
007-1480-000,0
007-5934-300,2
20170411141738901,0
20170208175905779,0
20170427191915623,0
20170418090254054,0
20170428150003668,0
007-5237-300,2
007-2845-100,1
20170214103710489,0
007-5715-300,2
20170120215044106,0
007-2286-100,1
007-1239-000,0
20170419080253947,0
20170408232528524,0
007-2092-100,1
007-2518-100,1
007-5470-300,2
007-6683-400,4
20170406100959075,0
007-2318-100,2
20170412105556320,0
007-2891-100,1
20170329102417753,0
20170328075745352,0
20170601172733736,2
007-1198-000,0
007-0065-000,0
20170216172422578,0
20170430200148818,0
007-1204-000,0
007-4053-200,2
20170228231809989,0
007-0273-000,0
007-5111-300,2
20170430173804702,0
007-7167-400,4
007-3708-200,2
007-4020-200,2
20170429214649474,0
007-6147-300,2
007-3335-200,2
007-3635-200,2
007-5094-300,2
20170413081228371,0
007-6375-400,4
007-5914-300,2
20170427184848632,0
007-5219-300,2
20170408222505701,0
007-7662-601,2
007-5114-300,2
20170120222109781,0
20170323090415735,0
007-1126-000,0
007-3372-200,2
20170216090134393,0
20170327091023750,0
007-1684-000,0
007-7686-601,0
007-7674-601,0
007-3342-200,2
007-4387-200,2
20170425160813048,0
007-4417-200,2
007-3028-100,2
007-6840-400,4
007-3547-200,2
20170327091025156,0
007-0283-000,0
007-6447-400,4
20170408223500289,0
007-0160-000,0
20170627112931675,2
007-3632-200,2
007-6295-400,4
20170628114446629,2
007-4276-200,2
007-4390-200,2
007-5448-300,2
007-3650-200,2
20170407215253772,0
007-1247-000,0
007-0852-000,0
007-6838-400,4
007-0751-000,0
007-7367-601,0
007-6579-400,4
007-0739-000,0
20170627105506960,2
20170407215113346,0
20170627160207126,2
007-7503-601,0
20170430194922807,0
20170408231038780,0
007-6143-300,2
20170323130340134,0
20170227100228221,0
007-1861-100,2
007-0779-000,0
007-2736-100,2
20170607085936158,2
20170427205355164,0
007-1098-000,0
20170408212833502,0
007-8657-605,0
007-7114-400,4
007-2465-100,1
20170417103919386,0
20170430200842654,0
007-0678-000,0
007-3071-100,2
20170429201700517,0
20170626095324972,2
20170609151840685,2
20170503161702100,2
007-4883-300,2
007-5834-300,2
007-2810-100,2
007-5220-300,2
007-1187-000,0
007-3069-100,1
007-6811-400,4
20170329140733147,0
20170418085727006,0
20170412093605779,0
007-2175-100,2
20170429212956304,0
007-0437-000,0
007-4912-300,2
007-6506-400,4
007-3510-200,2
20170610095059838,2
20170424153416764,0
007-0481-000,0
007-5906-300,2
20170418101108314,0
20170208175428715,0
20170418115345056,0
007-0270-000,0
007-5382-300,2
20170324085931557,0
20170622194345227,2
20170424165808876,0
007-4504-200,2
20170616200138019,2
20170209163151745,0
20170609193335986,2
007-4513-200,2
20170208173959320,0
007-1532-000,0
007-5840-300,2
20170502000649856,2
20170428090925245,0
007-1709-000,0
20170412084611885,0
007-3957-200,2
20170214215942845,0
007-4595-200,2
007-5992-300,2
007-3419-200,2
007-3610-200,2
20170427190805533,0
20170226215522575,0
007-7143-400,4
20170323085948932,0
007-3947-200,2
007-0897-000,0
20170427100707736,0
007-5507-300,2
20170331152754549,0
007-2738-100,1
007-0285-000,0
007-7243-400,4
20170429211939728,0
007-5963-300,3
20170426090413428,0
007-4137-200,2
007-6540-400,4
007-3822-200,2
007-4335-200,2
20161116111424589,0
20170330110502359,0
007-3072-100,2
20170220175651790,0
007-7743-601,2
007-0031-000,0
007-2722-100,1
007-2636-100,1
007-5186-300,3
20170429205807483,0
20170413142536113,0
007-0469-000,0
007-1565-000,0
20170524090124948,2
007-3474-200,2
007-0698-000,0
007-5440-300,2
007-5234-300,2
007-1536-000,0
20170429203519271,0
20170430200410145,0
20170408224556563,0
007-4487-200,2
20170226222626751,0
007-6805-400,4
20170216091719025,0
007-2497-100,1
007-6487-400,2
007-3153-100,2
20170328093140718,0
007-5801-300,2
007-0533-000,0
007-4893-300,2
20170429094922803,0
007-5698-300,3
20170429214540625,0
20170120222217788,0
20170330153037252,0
20170411085448701,0
20170120220324635,0
007-6751-400,4
20170330223645351,0
20170429214310392,0
007-2985-100,1
007-6663-400,4
007-0881-000,0
007-0098-000,0
007-6045-300,2
007-4681-200,2
20170228230503037,0
007-5161-300,2
007-1436-000,0
20170429200105002,0
007-3409-200,2
007-5928-300,2
007-1382-000,0
007-3281-200,2
007-5826-300,2
007-8809-605,4
20170227235708188,0
007-0993-000,2
20170228164709059,0
20170331085939812,0
20170224221350415,0
007-3436-200,2
007-0069-000,0
007-7147-400,4
20170503093529661,2
007-6439-400,4
20170509080348495,2
007-4360-200,2
007-6783-400,4
007-2724-100,2
20170215142210754,0
20170428082724356,0
20170221085350842,0
20170227092138383,0
007-4372-200,2
20170430191205889,0
007-1509-000,0
007-5942-300,2
007-7148-400,4
007-0307-000,0
007-6434-400,4
20170627170606195,2
007-6777-400,4
20170224215834352,0
20170120222419866,0
007-3945-200,3
007-7870-601,2
007-1779-100,1
20170429204446471,0
007-7139-400,4
007-1494-000,0
20170401085538289,0
007-1090-000,0
007-4774-200,2
007-4814-300,2
007-2613-100,2
007-2926-100,0
007-0498-000,0
20170224215420169,0
007-4523-200,2
007-0171-000,0
007-3245-100,1
20170323085924938,0
007-2157-100,1
20170502144544291,2
20170412101211088,0
20170429221345193,0
007-6499-400,4
20170609152452421,2
20170427181949337,0
007-6189-300,2
20170429221140130,0
007-3453-200,2
20170408075831962,0
007-4471-200,2
20170516201510046,2
007-4409-200,2
007-2160-100,2
20170429213324820,0
007-4616-200,2
20170330095646213,0
007-6627-400,4
20170428152142921,0
20170427190859280,0
007-5662-300,2
20170413101311265,0
20170225201448382,0
007-3040-100,1
007-0748-000,0
007-4375-200,2
20170429201922729,0
007-1557-000,0
20170329140505128,0
007-6030-300,2
007-1302-000,0
20170629163635747,3
007-6963-400,4
20170217095932475,0
20170608174654273,2
20170429201715366,0
20170414160504857,0
20170517171357632,2
20170223142426042,0
20170322172509719,0
20170317220721928,0
20170401085943596,0
007-3440-200,2
007-2668-100,2
007-6452-400,4
007-7267-400,4
007-3057-100,2
007-2839-100,1
007-5583-300,2
007-4549-200,2
20170223104628748,0
007-4255-200,2
007-6043-300,2
007-1651-000,0
20170429200552854,0
20170620185826890,2
007-0092-000,0
007-6418-400,4
007-5699-300,2
20170626174943225,2
007-2611-100,2
20170223142304907,0
20170327135922650,0
20170429204325334,0
20170429214434015,0
007-3413-200,2
007-6891-400,4
007-3346-200,2
20170210161908570,0
007-0592-000,0
007-6278-300,2
20170519144026204,2
007-6230-300,3
007-2681-100,1
007-2115-100,2
007-5811-300,2
007-4212-200,2
007-4607-200,2
20170310152252645,0
20170601084914808,2
007-1017-000,0
007-3761-200,2
007-5960-300,2
007-4433-200,4
20170323141155955,0
20170424162204793,0
20170408225650220,0
20170413124003874,0
20170429210859316,0
007-5568-300,2
007-4992-300,3
007-2156-100,1
007-3395-200,2
007-5437-300,2
007-2993-100,2
007-1920-100,1
007-0022-000,0
20170427085831881,0
007-1305-000,2
007-3995-200,2
007-3185-100,1
007-5884-300,3
20170427191218747,0
20170207090720712,0
20170519180821875,2
007-5424-300,2
20170314170514447,0
007-0523-000,0
007-7048-400,4
007-4377-200,2
20170424105339602,0
007-5373-300,2
007-0969-000,0
007-6680-400,4
007-7223-400,4
007-2447-100,2
007-6573-400,4
007-6345-400,4
007-3609-200,2
20170429231610484,0
007-5577-300,2
007-6079-300,2
20170430200001876,0
007-6987-400,4
20170630165348383,2
007-2375-100,1
007-6171-300,2
007-5784-300,2
007-2482-100,1
20170429212217526,0
007-3955-200,4
007-2270-100,2
20170211082727722,0
007-5489-300,2
007-0733-000,0
007-7680-601,0
007-6214-300,3
007-3735-200,2
007-0342-000,0
007-0172-000,0
20170606164132548,3
007-6152-300,2
007-2963-100,1
007-3771-200,3
20170417155614815,0
007-7119-400,4
20170428084252566,0
007-8463-604,0
007-0796-000,0
20170521093537739,2
20170629195829257,2
20170519153500194,1
20170417113720568,0
20170208145455755,0
007-3567-200,3
007-8820-605,4
007-2677-100,1
007-6531-400,4
20170430193938725,0
20170621150030683,2
20170227160938767,0
007-0281-000,0
20170327140304750,0
20170406093306267,0
007-4091-200,2
007-0362-000,0
007-0490-000,0
007-4916-300,2
007-0894-000,0
007-1417-000,0
20170428100842515,0
007-4801-300,2
007-1852-100,1
20170511083029837,2
007-1635-000,0
20170408215516624,0
007-0758-000,0
007-3030-100,2
007-0395-000,0
007-5374-300,3
20170427184631485,0
007-3654-200,2
20170430195620250,0
007-4539-200,2
007-3502-200,2
20170407111907898,0
20170427182104559,0
20170602084503140,2
20170223174340183,0
007-6052-300,2
20170330134444958,0
007-1802-100,1
007-4225-200,2
20170429215557695,0
007-0299-000,0
007-1828-100,2
20170330151213043,0
007-0008-000,0
20170410153212741,0
007-0332-000,0
20170517172217788,2
20170612205028509,2
20170330085147771,0
007-0050-000,0
007-3287-200,2
20170226093451361,0
20170214144744712,0
007-1963-100,1
007-5332-300,2
007-4302-200,2
20170427184442451,0
20170224143736405,0
20170214095358288,0
20170407230211885,0
20170626145830231,2
007-6111-300,2
20170324075706591,0
20170424154840851,0
007-4382-200,3
007-7553-601,0
20170414124917250,0
20170430200418746,0
007-7266-400,4
20170428153045005,0
20170407200146765,0
007-5019-300,2
007-2028-100,2
20170430195959787,0
007-0250-000,0
20170429212801878,0
007-6379-400,4
20170612205100506,2
007-0691-000,0
20170407231610478,0
20170418110028118,0
007-4222-200,2
20170503090730660,2
20170204133920100,0
20170408233042465,0
20170211112234910,0
007-4832-300,2
007-6449-400,4
20170511224846523,2
007-5416-300,2
007-3403-200,2
007-2540-100,1
007-5923-300,2
20170522165511476,1
20170323114802884,0
20170525194632164,2
007-3130-100,2
007-4103-200,2
007-2968-100,0
20170405144029792,0
007-0180-000,0
20170427183057654,0
007-5336-300,2
20170223115112397,0
007-0586-000,0
007-4167-200,2
20170430200912409,0
007-2594-100,2
007-6780-400,4
20170429205648335,0
20170518092223117,2
20170629210946501,2
007-4732-200,2
007-3317-200,2
007-1754-100,2
20170419092947422,0
007-3050-100,1
20170430193829449,0
007-6006-300,2
007-2432-100,1
20170429210915900,0
007-5771-300,2
007-3900-200,2
007-1980-100,1
20170429223148908,0
007-5309-300,2
007-5689-300,2
20170405094018458,0
20170618202042689,2
20170427190719686,0
20170408100832823,0
007-1183-000,0
007-7496-601,2
20170323083645401,0
007-4697-200,2
20170224105612339,0
20170429212526026,0
007-4493-200,2
007-2596-100,1
20170429220931403,0
007-4599-200,2
20170327081938871,0
007-5881-300,2
20170612142737909,2
20170407234751158,0
007-0976-000,0
007-0736-000,0
007-3015-100,2
007-7036-400,4
20170612144725880,2
20170331082121975,0
007-5176-300,2
20170407092845768,0
20170429204454340,0
007-5298-300,2
20170125090829476,0
007-4529-200,2
20170412135448206,0
007-1011-000,0
007-1327-000,0
20170326093743368,0
007-3631-200,2
007-0133-000,0
007-7575-601,0
007-2892-100,1
20170415095936462,0
007-7001-400,4
20170424155646247,0
007-0030-000,0
20170222150401576,0
20170407230314139,0
007-1170-000,0
007-5181-300,2
007-6148-300,3
007-2397-100,1
20170429210208453,0
20170608143417670,2
007-7846-601,0
007-2446-100,2
007-1160-000,0
20170210165610120,0
20170608194754738,2
007-4457-200,2
20170418095137921,0
20170614092603290,2
20170409200246090,0
007-0955-000,0
007-4025-200,2
20170621165342675,2
20170226092823995,0
007-3007-100,2
20170205084158321,0
20170120223435679,0
007-6836-400,4
20170120153745015,0
007-1630-000,0
007-1800-100,1
007-5294-300,2
007-5843-300,2
007-0564-000,0
20170323090622129,0
007-1722-000,0
20161118155730990,0
007-5446-300,2
007-5982-300,2
20170220135627133,0
007-0609-000,0
007-5028-300,2
20170427085829281,0
20170224105604117,0
007-0630-000,0
20170226233115447,0
007-7423-601,0
20170204102928720,0
20170223145414095,0
20170418093447163,0
007-7105-400,4
007-4841-300,2
20170407210511730,0
007-4458-200,2
007-3842-200,2
20170401085536898,0
20170409201706285,0
20170427083332299,0
20170221104145522,0
007-2729-100,0
007-1525-000,0
007-5628-300,2
20170323084059923,0
20170430145035418,0
007-3014-100,2
007-1095-000,0
007-4323-200,2
007-1743-000,0
007-3042-100,1
007-4767-200,2
20170206144408086,0
007-1066-000,0
20170427180715306,0
20170310100246469,0
007-5904-300,3
007-2834-100,1
007-4481-200,2
007-5822-300,3
007-0825-000,0
20170429222421625,0
007-7763-601,4
20170410135203932,0
20170427195508307,0
007-5857-300,2
20170417105035582,0
007-4693-200,2
20170225105517257,0
20170429220215205,0
007-3769-200,2
007-6025-300,2
20170613163045778,2
007-7025-400,4
007-6312-400,4
007-3122-100,4
007-3117-100,2
20170517093748842,2
007-5118-300,2
20170609091703811,2
20170424161116024,0
20170427185709099,0
007-3922-200,2
20170429200413084,0
007-2263-100,1
007-0737-000,0
007-1717-000,0
007-1697-000,0
007-5954-300,2
20170424161221373,0
007-0503-000,0
007-2915-100,2
007-2209-100,0
007-4862-300,2
007-1932-100,2
007-6105-300,2
007-7258-400,4
007-5625-300,4
007-1603-000,0
007-0064-000,0
20170607175753557,2
007-1898-100,2
007-6402-400,4
007-5808-300,2
007-5567-300,2
007-4566-200,2
20170331162653412,0
20170326100016067,0
007-0726-000,0
007-8147-601,0
007-6999-400,4
20170430200430297,0
007-0327-000,0
20170427111816715,0
007-4922-300,2
20170125101246852,0
20170326093023147,0
20170429204224555,0
007-0421-000,0
007-4115-200,2
20170427085812198,0
20170531093300130,2
007-1882-100,2
20170120141652234,0
20170327161538508,0
007-0767-000,0
007-4350-200,2
007-4930-300,2
20170602115729294,2
20170226084101981,0
20170429215702685,0
007-2326-100,2
20170418102650385,0
007-8426-603,2
007-5326-300,2
007-5829-300,2
20170223145813763,0
007-5502-300,3
007-5012-300,2
007-6378-400,4
20170408221828738,0
007-1758-100,1
20170429222004396,0
20170429202324291,0
007-3577-200,2
20170429212028624,0
007-3729-200,2
20170524182956093,2
007-3916-200,2
007-0711-000,0
20170427204940840,0
007-7145-400,4
007-3246-100,1
007-1652-000,2
007-7230-400,4
20170429225450389,0
007-6063-300,2
007-1231-000,0
007-6892-400,4
007-6697-400,4
007-0949-000,0
007-6048-300,2
007-1442-000,0
007-3575-200,2
20170120214743891,0
20170329093248244,0
007-5290-300,3
007-0655-000,0
20170417105010250,0
007-7437-601,0
007-0354-000,2
007-0168-000,0
20170615104443012,2
20170419080252596,0
007-4869-300,2
007-3734-200,2
007-5250-300,2
007-7187-400,4
007-4999-300,2
007-6580-400,4
20170329162304252,0
20170419162922607,0
007-0040-000,0
007-2725-100,1
20170213165917903,0
007-6457-400,4
007-6847-400,4
007-1161-000,0
007-5613-300,2
20170429215929548,0
007-4158-200,2
20170429204127993,0
20170429202702212,0
20170226093639051,0
20170221143958712,0
007-0207-000,0
007-5891-300,3
20170429231658211,0
20170221090830670,0
20170429203446115,0
007-4773-200,2
007-5420-300,2
007-4289-200,2
007-1457-000,0
20170221145536662,0
20170610144321884,2
20170429224554063,0
007-0036-000,0
20170606164240191,2
007-1221-000,0
007-2037-100,2
007-2330-100,2
007-1543-000,0
007-0427-000,0
20170324092825264,0
20170408222209641,0
20170616112827989,3
007-1115-000,0
007-0385-000,0
20170427185309607,0
20170511141336893,2
007-2150-100,2
20170323172228668,0
007-5851-300,2
20170420183706090,0
20170424093951909,0
007-3879-200,2
20170330153640872,0
007-5803-300,2
007-1871-100,2
20170405090519417,0
20170429203248590,0
007-1620-000,0
007-6772-400,4
20170413151855798,0
007-6431-400,4
007-5064-300,2
20170330085956922,0
007-2098-100,1
20170420091642882,0
007-3229-100,2
20170429201527326,0
007-3730-200,2
007-4881-300,2
20170126085942092,0
007-5180-300,2
007-1502-000,0
20170527111710016,2
007-5971-300,2
20170228225854236,0
007-1656-000,0
20170414102629794,0
007-4623-200,2
20170323085445439,0
20170615084024946,2
007-6741-400,4
20170324085456190,0
20170427184911862,0
20170405094437613,0
20170221103944179,0
007-1308-000,0
20170419095201125,0
20170616112827825,2
007-2773-100,2
007-1804-100,2
20170406115000382,0
20170224161918334,0
007-5926-300,3
007-0570-000,0
007-1492-000,0
007-1182-000,0
007-1917-100,0
20170612085727554,2
007-2278-100,2
007-5883-300,2
007-0072-000,0
20170328145935050,0
20170406101629941,0
007-5930-300,2
007-0703-000,0
20170429204350949,0
007-2622-100,1
20170228113922441,0
20170424161654569,0
20170420153059903,0
007-2185-100,1
007-3463-200,2
007-0215-000,0
007-3675-200,3
20170526155853592,2
007-3267-100,1
20170613092147899,2
007-5467-300,2
007-5707-300,2
20170222151853159,0
20170408221820944,0
20170226215154468,0
20170429205725019,0
007-1822-100,1
20170502095044024,2
20170406083949109,0
20170424092158103,0
007-2693-100,2
20170502204843387,2
007-0778-000,0
20170328180147668,0
007-0108-000,0
007-5722-300,2
20170206181347418,0
007-6584-400,4
007-1366-000,0
20170429205621477,0
20170331094112192,0
007-4985-300,2
20170407091619377,0
007-1116-000,0
007-1977-100,1
20170409200955120,0
007-0052-000,0
20170221161526000,0
007-3035-100,2
007-7208-400,4
20170607082814913,2
007-2208-100,1
20170515172130361,2
007-2659-100,2
20170429211825418,0
007-1741-000,0
007-0838-000,0
007-1267-000,0
007-6172-300,2
20170522165643535,2
20170429213724153,0
007-2747-100,2
007-4671-200,2
20170622085448687,2
20170420093642324,0
20170227160448936,0
20170428083319755,0
007-0902-000,0
007-6660-400,4
007-1251-000,0
007-6005-300,2
007-8764-605,2
20170226223735491,0
20170614092927284,2
007-0371-000,0
007-5723-300,2
007-2830-100,1
20170217110405216,0
20170410085956202,0
007-3320-200,2
007-4482-200,2
007-1132-000,0
007-3106-100,2
20170327094326044,0
007-7670-601,0
20170531150831935,2
20170415085332361,0
20170213091511155,0
007-0280-000,0
007-1205-000,0
007-0532-000,0
007-7232-400,4
007-2605-100,2
007-4718-200,2
20170628162852314,2
007-2785-100,1
20170429212853903,0
007-4214-200,2
20170329134945032,0
007-5464-300,2
20170502103242684,3
007-4396-200,2
007-5772-300,2
007-2851-100,2
20170412193714113,0
