id_code,diagnosis,domain
f8fc411092c7,2,aptos
8ceff4c4c860,0,aptos
e60e4edb3ca9,0,aptos
0fb1053285cf,1,aptos
6dfd80748e72,2,aptos
0c76fd494af6,2,aptos
81d79d53ed7b,0,aptos
d7ac4a0c9760,0,aptos
eeaea2c5ff34,0,aptos
4f20f9a9a65b,2,aptos
d88c4843aec3,0,aptos
b72a86d61959,0,aptos
6762b2b48ea5,1,aptos
7cc4b7aabe04,4,aptos
d3d578fe433f,2,aptos
65dda202653d,0,aptos
870fbe6eaa68,0,aptos
b0f0fa677d5f,0,aptos
aeed1f251ceb,4,aptos
07419eddd6be,2,aptos
f8f5942b690e,0,aptos
47d1603a555b,1,aptos
9ae54843c69a,0,aptos
ad20080452de,0,aptos
7214fc7cbe03,0,aptos
6df8b7b6e837,0,aptos
8a87dd2a784e,0,aptos
e93394175a19,3,aptos
763ad1236efe,0,aptos
0edadb2aa127,3,aptos
ae5d31979f19,0,aptos
b927a9238434,2,aptos
97d02a9b94f7,0,aptos
462937ece243,0,aptos
0c7e82daf5a0,2,aptos
dcc6c0ad5cad,0,aptos
946545473380,0,aptos
c48ae5da188e,2,aptos
87b1938994b5,2,aptos
15b21c80cc31,0,aptos
3dfc50108072,2,aptos
44e0d56e9d42,2,aptos
8c4ceddeb1c6,0,aptos
4ef16a53d899,0,aptos
84b472c49cfa,0,aptos
d871895742b1,0,aptos
9858cc2ae073,0,aptos
05339950962e,0,aptos
6c00dd8bf708,0,aptos
6b00cb764237,1,aptos
d91273efb92a,2,aptos
d2d523e9f669,0,aptos
cac80797770f,2,aptos
49e4b95ee2dc,0,aptos
05195a3db5e2,0,aptos
8b26d3cd61e8,2,aptos
2f81ee5f2926,0,aptos
499c8df39222,4,aptos
8f06ca4642bd,0,aptos
650fbed3fdca,2,aptos
0b3efe669365,0,aptos
8e20b8fac7c3,2,aptos
b6304c545f95,2,aptos
9e99ae6ee7af,0,aptos
5b644a403e1f,2,aptos
d3e56584a481,0,aptos
39134907127a,2,aptos
942f544c4e15,0,aptos
2f5c9cdfb333,2,aptos
43823561c3f0,0,aptos
12bc439d373a,0,aptos
6cffc6c6851a,0,aptos
2f284b6a1940,4,aptos
6966abf40b8c,0,aptos
0cecc2864b7f,0,aptos
5cc6dea19614,2,aptos
8693ab1fd2be,0,aptos
07a3be30563b,2,aptos
8000a6b97a84,2,aptos
1ae8c165fd53,2,aptos
2dc647e00ad3,0,aptos
17eb5d4ad740,2,aptos
e5197d77ec68,0,aptos
c6916bc42016,0,aptos
3a61e690f4bb,2,aptos
518e880613de,4,aptos
27b68863349f,2,aptos
c5e238aa18be,4,aptos
6a91eb157f47,2,aptos
12ef75375322,0,aptos
2ef955d6d9ff,0,aptos
df3adfd6ba36,2,aptos
595446774178,1,aptos
6a244e855d0e,3,aptos
247ac63e5510,4,aptos
103abbd8b63e,0,aptos
f3a88d3026dc,2,aptos
b65ff67743b2,2,aptos
d994203deb64,2,aptos
7d11dbc1e738,0,aptos
12a82fc7d73e,2,aptos
210bfe0127c6,0,aptos
2399d68d407f,0,aptos
5d74f98d62be,4,aptos
242fc19be06f,0,aptos
dc0f6e5b489b,0,aptos
f55e1d2a19e4,1,aptos
8c2f0f04e1ed,1,aptos
fbfa925506f6,0,aptos
86d58f850a0c,0,aptos
2a47e5b21791,2,aptos
6d259b5b4c76,4,aptos
19113e5f45ec,2,aptos
7d261f986bef,2,aptos
8aab201c0691,2,aptos
71e4130bf5c8,2,aptos
25dc1b41ed9c,2,aptos
98fbe56dcc2c,1,aptos
76cfe8967f7d,2,aptos
fac399455195,2,aptos
26463a5fb949,4,aptos
8e7981855125,0,aptos
66366a90d1ef,0,aptos
07083738b75e,2,aptos
51da6aebba8f,3,aptos
fb767cea406c,0,aptos
08b6e3240858,0,aptos
69591ebb198d,2,aptos
b21abe5d9722,0,aptos
2241b7e90782,2,aptos
bcdc8db5423b,2,aptos
a2811f512c1c,0,aptos
ae8424cdb029,2,aptos
5712e2aa73a2,1,aptos
bec0acd539b2,3,aptos
a6d45de20e4d,4,aptos
8a25a080f28f,1,aptos
f7defe70afc3,0,aptos
d18f6431ebce,0,aptos
e4dcca36ceb4,0,aptos
05113073b268,0,aptos
1df3e03a8f5f,1,aptos
658ad9f09f5d,0,aptos
4ab8c0cece7f,0,aptos
7d48f8cdfb69,0,aptos
ab653b8554c0,0,aptos
a56729de89e9,2,aptos
de4cdabbce6d,0,aptos
06586082a24d,0,aptos
050bb1eafa76,0,aptos
9c514d2d5b3f,0,aptos
65a3b13ad9a0,0,aptos
d93b61dc8f64,0,aptos
6852f4531591,0,aptos
d85a842d20bd,2,aptos
157d17349cc6,2,aptos
8421107255ae,2,aptos
be161517d3ac,2,aptos
5a93c0f783c4,0,aptos
521d3e264d71,2,aptos
7e9081e95bf6,0,aptos
0f495d87656a,1,aptos
e04f3c6619a3,0,aptos
9d1feed37610,0,aptos
2ef10194e80d,0,aptos
ad1aa75d5630,0,aptos
165634a6167e,0,aptos
94076a9fb9b5,0,aptos
c4aef0d88d1b,0,aptos
0fffa73e2402,2,aptos
7d94a000c2d0,0,aptos
f45f1485c940,2,aptos
a9dc80cba9a4,0,aptos
b576c5269ad1,1,aptos
45ae04cfde5d,2,aptos
ad3fc5076852,1,aptos
2a099b247b10,2,aptos
8191ae701985,0,aptos
8db2ce991101,4,aptos
fd0a70082e7c,0,aptos
15528e740543,2,aptos
d2afca74cbc3,0,aptos
fdbc252813b1,0,aptos
a88f68b0b114,2,aptos
cf603a9ef2d5,1,aptos
639915f58a2f,0,aptos
1dd9adcbfff4,2,aptos
e85d410d6836,2,aptos
a2696f444ecb,1,aptos
a76b69e443ce,4,aptos
d6df4fe492ec,0,aptos
4f60129e9a5b,2,aptos
bc7bf19b84e3,0,aptos
27fca9f12b3c,2,aptos
ccd34029493d,2,aptos
fb1b8771c70a,0,aptos
ac81fc200162,0,aptos
f42b693a9414,0,aptos
d25b8a8ad3c4,2,aptos
0097f532ac9f,0,aptos
dbb2c63f6f08,3,aptos
4a213b405ee4,1,aptos
b3d135bd3bb5,3,aptos
2209daf71aab,0,aptos
cd01f4f83336,0,aptos
356304d15a5c,0,aptos
46f56c38051f,2,aptos
79ade634c633,0,aptos
8dfa629ca74e,2,aptos
07a2b8cabf6b,0,aptos
5905a9b06a73,2,aptos
184a185e7447,0,aptos
e2856afe62c5,2,aptos
13d014ccd136,0,aptos
d667af5742f6,0,aptos
949710bead24,0,aptos
7e0598cc88a0,4,aptos
8dfff47b06b7,2,aptos
417f408ee8e0,2,aptos
876e1dd12d38,2,aptos
51a078d6d43a,0,aptos
99e8bf998285,2,aptos
edceb0657d77,0,aptos
60aa4e649abf,0,aptos
1c13a1483f4a,0,aptos
a93f1ea3ff4a,2,aptos
03747397839f,2,aptos
77ab222bf85c,0,aptos
6f689fced922,0,aptos
07a0e34c8d20,3,aptos
9e3510963315,4,aptos
c73c5f6ef664,2,aptos
992599744a23,0,aptos
4d47300e3ddb,3,aptos
1c5ad36fb799,2,aptos
ff1e940105f9,0,aptos
000c1434d8d7,2,aptos
41960d5f58c2,0,aptos
6cee2e148520,0,aptos
c5a6f432a1ec,0,aptos
b17f0b81dab3,1,aptos
780f9c237c56,0,aptos
e62490b7d0e9,4,aptos
5f4a8c074bd5,0,aptos
fc782722a50c,0,aptos
1632c4311fc9,2,aptos
891392c9683c,2,aptos
bb733062f494,2,aptos
cc671a73e1cb,0,aptos
ca25745942b0,1,aptos
b9b99dad668d,1,aptos
a6356a3c5d11,0,aptos
55eb405ec71e,4,aptos
885fa5fc5da8,0,aptos
f8cf7ed8ef00,4,aptos
e13412678eff,3,aptos
a96ff96bbae5,0,aptos
f57cf3b6f48e,0,aptos
97da093947e8,4,aptos
3c9529918097,0,aptos
e47452069ea1,0,aptos
36865bbc64d6,3,aptos
0a3202889f4d,1,aptos
e966850247f4,0,aptos
014508ccb9cb,0,aptos
387138ddf43d,0,aptos
917f76f360b6,2,aptos
ca9c912ebad7,2,aptos
d868acdccb5b,3,aptos
e38f3a65b02b,1,aptos
96a9706b8534,1,aptos
b759cbef90c5,0,aptos
b294927b14b0,0,aptos
fca931da5c5e,1,aptos
2fe06bedb2c4,4,aptos
537e5c578f40,0,aptos
ce887b196c23,2,aptos
45c39ab9e797,2,aptos
7be1b9aa78aa,0,aptos
0709652336e2,0,aptos
12e6e66c80a7,2,aptos
2f7789c1e046,4,aptos
5264a54e1830,0,aptos
79cbae28d8b2,0,aptos
ef48780f5d5f,0,aptos
54f57cf26126,0,aptos
7743f4e04a6d,2,aptos
dfc7ec7db0e0,0,aptos
cf6551521a35,0,aptos
7e70344b0c25,0,aptos
4826d10030b3,0,aptos
77e7c7a160c8,2,aptos
71e43b4f8ba6,0,aptos
8846b09384a4,0,aptos
4bd5d0b30198,0,aptos
5a179c123fd8,0,aptos
1d29cb2f4296,0,aptos
ed6704e3b72e,3,aptos
77acc2cafee1,0,aptos
9b0eb9f41da4,2,aptos
6bf26b777e3a,0,aptos
a2dff8dbc9f8,0,aptos
358d2224de73,1,aptos
2a2a6435f7f3,0,aptos
710b05a96e0f,4,aptos
76df141d966b,0,aptos
c3a82acb7d7a,3,aptos
587146a55885,1,aptos
6735931000ec,3,aptos
66cd9c28e636,1,aptos
2bbcfdc477db,4,aptos
afc345cc9145,0,aptos
55eac26bd383,1,aptos
00cb6555d108,1,aptos
f0860c21533b,0,aptos
cb2201c226d6,0,aptos
8c87bd748996,2,aptos
95a4cc805c7b,1,aptos
af6166d57f13,0,aptos
ed3a0fc5b546,4,aptos
d6228d951958,2,aptos
e2a47a74e6e1,2,aptos
6a2642131e4a,0,aptos
094858f005ab,2,aptos
2bb063318cf1,3,aptos
76b950c6ed5e,0,aptos
dfea19863428,0,aptos
c3d12a23f451,4,aptos
4393c5bc576a,1,aptos
01eb826f6467,2,aptos
df84e7113003,4,aptos
419406328dcd,2,aptos
64c6c6ee0d98,0,aptos
15e96e848b46,4,aptos
7f1f3269f546,0,aptos
a75bab2463d4,1,aptos
3f47f83217b5,2,aptos
1a1e974a7dbf,0,aptos
fefded6bf135,0,aptos
c334f8688b77,0,aptos
c261b1aaa828,2,aptos
ab686895533e,0,aptos
ffd97f8cd5aa,0,aptos
0d310aba6373,1,aptos
0a9ec1e99ce4,2,aptos
37c523296d42,0,aptos
65a7fe9482fe,0,aptos
a0cd7bffdaa0,4,aptos
b64e1eef3d63,0,aptos
a7b0d0c51731,2,aptos
6efa36d59ada,3,aptos
1414128bead0,2,aptos
8ead17dfb6a6,0,aptos
9a3109657ac1,1,aptos
0953c0ac1735,2,aptos
681c3c115684,2,aptos
80b5a9519aec,2,aptos
83d81ba5959c,0,aptos
50915e2329a1,0,aptos
370f575adb23,0,aptos
6d292ca4c9ad,1,aptos
aa60813e1a8d,0,aptos
de6210f88536,0,aptos
bd375ba756b1,0,aptos
14c3b41d289c,0,aptos
e868c3da340b,2,aptos
fed5bb685832,0,aptos
1c47815f4a6b,0,aptos
c90c6b94cf40,0,aptos
5d4e5fd34d91,0,aptos
cd4e7f9fa1a9,2,aptos
f47a2a4a0411,1,aptos
fc4c2d35c6f8,2,aptos
6c3589d7ed8d,0,aptos
97fdee242fea,0,aptos
ab3c505b624f,0,aptos
d41b33fcb94f,2,aptos
13d71389563f,2,aptos
0bf37ca3156a,4,aptos
80e6e425f966,0,aptos
be3a7d9e981e,0,aptos
66bae1ba227f,2,aptos
d4bc001f7224,0,aptos
4fef9ed8a4c5,3,aptos
276b14f72328,0,aptos
64678182d8a8,1,aptos
37de05ef12a5,2,aptos
1faf8664816c,0,aptos
a6b6d27c1b32,0,aptos
cd972e5639e0,4,aptos
68332fdcaa70,1,aptos
cc1eebed9276,2,aptos
fdd534271f3d,4,aptos
203275daf46d,2,aptos
f531232ecb55,0,aptos
42c65af5ab16,0,aptos
b07bc463b718,1,aptos
ea05c22d92e9,2,aptos
a7673ac44509,0,aptos
207dd0487264,0,aptos
d7078e8b0349,0,aptos
e907d23cce3d,0,aptos
4dd71fc7f22b,4,aptos
4ee1ad981a6d,2,aptos
a5bb85afc6e8,0,aptos
cb602182cde3,2,aptos
aa0afc41ed19,2,aptos
052d9a3fe55a,2,aptos
34a7dbd3f05c,0,aptos
3a1ecf5e2839,4,aptos
7e5a76c4e103,0,aptos
ba08cee68c71,4,aptos
b402b18d99a5,2,aptos
c6e1e9fbf39b,2,aptos
10f10fd30718,0,aptos
20404ec7b518,2,aptos
1cb814ed6332,2,aptos
f4874247ede6,0,aptos
c1437a7a52c9,0,aptos
aa4407aab872,0,aptos
d10d315f123f,2,aptos
d865997a6280,0,aptos
c7c0470bcf87,2,aptos
75238d945315,0,aptos
25b4080f598b,0,aptos
d51e5d7484ea,0,aptos
0ad7f631dedb,1,aptos
84b79243e430,0,aptos
721214151233,0,aptos
6b66b0e86f7e,0,aptos
b16dd4483ca5,0,aptos
42b93b574f23,2,aptos
2b4c7b5f1f1e,0,aptos
1e9224ccca95,4,aptos
3908b3cfd620,0,aptos
5265dc9acdf8,2,aptos
467b7d9d811c,2,aptos
720b5f62ce80,0,aptos
46cdc8b685bd,4,aptos
9c52b87d01f1,3,aptos
ac0a48ccbf70,0,aptos
ca6842bfcbc9,1,aptos
0519b934f6b1,2,aptos
b460ca9fa26f,0,aptos
73e83a07a16d,2,aptos
7427dedafccf,1,aptos
a0e635689259,0,aptos
fd4c946c52bf,0,aptos
6028a575dc27,1,aptos
586f5c56081e,0,aptos
61da799bf0aa,0,aptos
7a6495a39d87,0,aptos
0b2ea8f268cf,0,aptos
e82232a3c28b,0,aptos
c7c3d363bc86,0,aptos
3f73c91b7e32,1,aptos
c2a58b2cfd0b,0,aptos
bf811911acf9,0,aptos
513b0a4651fa,1,aptos
0369f3efe69b,1,aptos
76be29bb30b2,1,aptos
3dbfbc11e105,2,aptos
a386ec9aabde,2,aptos
881ec6186e68,0,aptos
4f46d7ee61ed,2,aptos
9de9421f17e3,0,aptos
6cb96a6fb029,0,aptos
f3cd489acbee,2,aptos
870f433e8f37,0,aptos
3ccf96c1dd6d,4,aptos
f68690db78d3,0,aptos
3323fd59782e,0,aptos
20d5fdd450ae,4,aptos
3f3de2a6b0f5,2,aptos
ea4ce9516144,0,aptos
0da321efbce6,0,aptos
2ecbc2e3f239,1,aptos
799214e8b07c,0,aptos
a14fcf84bfe1,3,aptos
63e041a757eb,0,aptos
66393d8c60ba,0,aptos
f06e7a9df795,0,aptos
7569ac24762e,0,aptos
9f8112c710be,0,aptos
975252e325e3,2,aptos
cad5b1a82e60,0,aptos
1c5e6cdc7ee1,2,aptos
aa10a4b2e709,0,aptos
e9286ddf6ffe,1,aptos
6b128e648646,3,aptos
09eeafa9656a,2,aptos
174db0854291,0,aptos
ed2c52c14493,0,aptos
48c49f662f7d,2,aptos
d99dd99be001,0,aptos
36677b70b1ef,1,aptos
5c85d22bd0de,0,aptos
b66f23ffa730,0,aptos
a73d012c4c38,0,aptos
d38cf0f4a9af,0,aptos
a6731dd737af,0,aptos
289a47dcbb82,0,aptos
9d75de31f1b8,0,aptos
7ec0e61a7e29,0,aptos
e1e490773462,2,aptos
dad71ba27a9b,4,aptos
1ee1eb7943db,2,aptos
0da632ca45e0,0,aptos
906d02fb822d,0,aptos
9a28d4e8aef0,2,aptos
0eced86c9db8,0,aptos
aa8a1e814811,0,aptos
a07efb1ecfc0,0,aptos
a0445785e2f7,0,aptos
731b19a460ad,2,aptos
0afdfe5f422c,2,aptos
33b893e18eb3,1,aptos
8dc22e65c06f,1,aptos
af828dab3ffc,2,aptos
a19507501b40,2,aptos
9b4fc15df3c8,0,aptos
58059e73d2d4,0,aptos
983c98354e9c,0,aptos
28dc010a0780,0,aptos
504a69096fcb,0,aptos
f58cdfa968be,0,aptos
09237bf783a4,0,aptos
a384e688e228,0,aptos
57469423a012,2,aptos
4dd5d5ccddcf,1,aptos
bf6cbccacf39,0,aptos
9878db94d9f3,3,aptos
21d18b022429,4,aptos
98104c8c67eb,2,aptos
94b1d8ad35ec,1,aptos
2f7fbdcc9a4b,0,aptos
1c7a013eeba7,0,aptos
93d6d20a5ee3,0,aptos
8a234d68b27e,3,aptos
f633c474e8b8,0,aptos
bf8092e4001d,3,aptos
5c7ab966a3ee,4,aptos
3d663a6a50a3,2,aptos
c2d2b4f536da,2,aptos
62ecdc90dd42,2,aptos
7e160c8b611e,3,aptos
bb752b179751,0,aptos
22d843b2bbd1,0,aptos
5a091e8cd95c,1,aptos
2bd4d4fbed5c,2,aptos
1d74c4713e21,0,aptos
f48241b0c995,0,aptos
c6c2bad91f23,2,aptos
821789e9053f,1,aptos
b0d6417bad3e,2,aptos
a77eb914b383,0,aptos
e251bdf05b85,0,aptos
7e980424868e,0,aptos
1177d583c807,2,aptos
7a3ea1779b13,1,aptos
3b10191dfd25,0,aptos
a06b353e7bed,0,aptos
41ab357d103f,0,aptos
d26bc6e1230d,0,aptos
e32dc722eca5,4,aptos
86d6808f0609,3,aptos
686ed1dbae20,2,aptos
2c77bf969079,0,aptos
b665041e1633,2,aptos
9fa02dfb5553,0,aptos
72c31aa48e2c,0,aptos
224bb938e2dd,2,aptos
a505981d1cab,2,aptos
c096131ad065,0,aptos
1409ab48175a,0,aptos
23fca0693e2a,2,aptos
c5b58cc992af,0,aptos
0f882877bf13,3,aptos
3fc219927a97,2,aptos
a9a28c37c8c4,2,aptos
388f12e8df0b,2,aptos
d15ca3469b87,2,aptos
1d46f1326394,0,aptos
362c4a96cebb,2,aptos
b468ebf5cb11,2,aptos
5723d0ec895e,2,aptos
be8697eb2078,0,aptos
e8d1c6c07cf2,3,aptos
b8fb9f55cd6d,2,aptos
5f13e8a07344,3,aptos
929cd3867815,2,aptos
b960142a8de7,3,aptos
96d48b073f18,2,aptos
38055d8b9f08,3,aptos
aa5ce75edcf5,2,aptos
3b232b394e4f,4,aptos
b3f31c371e59,0,aptos
98d41bce73a8,0,aptos
576e189d23d4,4,aptos
e0863b353093,2,aptos
f5e6226bd2e0,4,aptos
b22cc1bf0b8a,0,aptos
cffc50047828,0,aptos
0cae727cf119,0,aptos
2665f72e2dd3,3,aptos
f092febbf5c0,3,aptos
a3bd2e034614,0,aptos
a8652b2de23f,2,aptos
db52626d450c,0,aptos
f09cfc6a4dbd,0,aptos
b9b6ee2b9453,2,aptos
4a558a1cd243,2,aptos
1d55e689cf84,2,aptos
8273fdb4405e,1,aptos
5f51192841f7,0,aptos
fe2df69676cf,1,aptos
ef5155990874,0,aptos
ae57c8630249,0,aptos
cb28adab4e8a,0,aptos
39f8935185e6,0,aptos
29f44aea93a4,2,aptos
2a3a1ed1c285,2,aptos
1fb455685328,0,aptos
76095c338728,0,aptos
4e7694eebb91,2,aptos
2da82d14e1b7,0,aptos
add1d681d712,2,aptos
cd66754e1b3b,0,aptos
c1c8550508e0,2,aptos
15e24b73d4a7,0,aptos
d803598dabda,4,aptos
79be2ff796bf,2,aptos
a0fd94e2ad76,0,aptos
196e6a186452,2,aptos
b0acd3593310,0,aptos
bacfb1029f6b,1,aptos
f69400b316a7,2,aptos
b376def52ccc,2,aptos
04aef84a2cc1,0,aptos
6cbc3dad809c,2,aptos
de38adaae009,0,aptos
2cef97083e6f,2,aptos
c947bb6cf9f6,0,aptos
389552047476,0,aptos
d271d3a2b552,4,aptos
b640e3bdff75,1,aptos
f58f0b2fd718,0,aptos
f71aca5a7dc3,0,aptos
abe940882578,0,aptos
4c129470cec4,1,aptos
b71428739d4e,1,aptos
e229aca862c7,2,aptos
0182152c50de,0,aptos
9e2a8135f471,0,aptos
40e9b5630438,1,aptos
9e2ba2b979f1,0,aptos
5e18af29d812,2,aptos
4b6cb0bcfd44,0,aptos
44855f666225,2,aptos
54bbe3da103e,2,aptos
de55ed25e0e8,0,aptos
a66c3165876f,2,aptos
9a496b1e20f9,4,aptos
cb547e723a16,4,aptos
5e7db41b3bee,4,aptos
1bb0ddfe753a,1,aptos
d7bc00091cfc,0,aptos
b6d9974443ce,0,aptos
966c07831334,0,aptos
b8297a2291f5,0,aptos
28824d12d31d,2,aptos
5c8482926a08,2,aptos
143db89c11c8,0,aptos
c3c8fdda50c0,0,aptos
a30a143a53a3,0,aptos
4dd14c380696,0,aptos
00cc2b75cddd,0,aptos
573ea80a53be,0,aptos
bfe467b7e997,2,aptos
5d5b5da5f939,0,aptos
4e4a6224a04e,0,aptos
cb2f3c5d71a7,1,aptos
f025f33b2c9b,4,aptos
d1fa0f744620,0,aptos
54bdcdecd8f3,0,aptos
b83a6eca125f,2,aptos
79d44db3da2d,4,aptos
2d7666b8884f,1,aptos
7ea756985353,1,aptos
14ee87d6cc42,2,aptos
9f285b3e57ed,0,aptos
83fda7c0500b,0,aptos
07751b94a88a,0,aptos
188219f2d9c6,0,aptos
555d0bef3c5b,0,aptos
878e356c8fc9,0,aptos
8201cab8322d,3,aptos
2585bbc91909,0,aptos
0b00f8a77510,0,aptos
4fd5ec0dca09,0,aptos
e29e54ff921e,0,aptos
ab7991df166b,0,aptos
fdd18ccbbdc5,1,aptos
a4ee03ecff60,0,aptos
b3d12069e1c5,2,aptos
e66ad813a508,0,aptos
3e3a3955b9c5,3,aptos
93a1b984de84,0,aptos
40c24aded50c,0,aptos
5b3e7197ac1c,3,aptos
35df2bc6ae95,0,aptos
ee78ce914066,1,aptos
3f82631e9080,0,aptos
e1c02f6c3362,0,aptos
0e94cd271c00,0,aptos
1ab8d3431ffc,0,aptos
f30f203ef51e,2,aptos
a3706ce27869,2,aptos
ed2ef440d22c,0,aptos
dce73d90c00c,0,aptos
11b220a397b8,0,aptos
c52bb7343387,2,aptos
9041eb43456e,2,aptos
1df0431bfa73,0,aptos
a86128b601a7,0,aptos
7d3835e4e63a,3,aptos
91f3c4c1e72b,0,aptos
0c917c372572,3,aptos
4da6e2089d57,2,aptos
bf18ff30a8f6,1,aptos
436e7a7af761,0,aptos
4b237b958555,0,aptos
a1edf0e66592,0,aptos
7a46cfa69bae,0,aptos
882a71de424e,2,aptos
ed6bd9293a89,0,aptos
835b9f6e12ba,0,aptos
6dcde47060f9,2,aptos
dde43aa22ae6,2,aptos
c57c164bca05,0,aptos
c8fc0df22999,1,aptos
3c311c9109b0,2,aptos
1d674e2e32e0,1,aptos
c8905b8d5cf1,2,aptos
65e120143825,4,aptos
999115d9386b,2,aptos
f86d1c404acb,0,aptos
760b6f4c6d82,2,aptos
0924cec998fa,0,aptos
81914ceb4e74,0,aptos
4e8585a96739,0,aptos
c5bec7f1e5f3,0,aptos
4eaf2f81819d,0,aptos
62318d514160,4,aptos
b11dcdcbc8c8,0,aptos
63c3c571b8ee,2,aptos
1b398c0494d1,0,aptos
64eb5a79dfdd,1,aptos
1da4a17c18c9,0,aptos
9a94e0316ee3,3,aptos
88e5051f65bd,0,aptos
5efa24b03d5e,1,aptos
db690e2d02f8,1,aptos
2a2274bcb00a,0,aptos
789f0ec1eab8,0,aptos
936299166bea,0,aptos
547b37da9223,2,aptos
7c6594b50690,0,aptos
207a580de0ea,2,aptos
ef476be214d4,0,aptos
45369821d6a3,0,aptos
e0313be77035,0,aptos
10bf25731c08,0,aptos
8ae049175db6,4,aptos
002c21358ce6,0,aptos
2cfe8703f265,0,aptos
fea14b3d44b0,1,aptos
4e43d05cc2ef,2,aptos
7350c50667c5,2,aptos
51d574513bcb,2,aptos
b92eacd1392a,0,aptos
de730033c683,0,aptos
abf09c44d5f4,2,aptos
3b2b91590590,0,aptos
bfda2fd0533a,2,aptos
cb39761f0712,0,aptos
15cc2aef772a,1,aptos
63c0eafd6aa9,0,aptos
ba2ea9182090,0,aptos
dbee04ae6426,2,aptos
5a11d21c2828,2,aptos
a87f53bc984a,2,aptos
0fe31196e0e8,0,aptos
299086c6d1b5,3,aptos
59e5212f7139,1,aptos
8a01daa423f7,1,aptos
badb5ff8d3c7,0,aptos
e811f39a1243,2,aptos
16060f05d047,0,aptos
e77a93c3d9a9,0,aptos
f9ecf1795804,2,aptos
084c02cf077f,0,aptos
7005be54cab1,1,aptos
7ccf9d25dc48,0,aptos
fd87b6b2e664,0,aptos
a8e88d4891c4,3,aptos
874f8c1929f6,0,aptos
582f739b8f62,2,aptos
6e092caa065f,0,aptos
fc603cbedb41,2,aptos
9ce46d400cd6,0,aptos
df5ce3ea7820,2,aptos
0851d6a69589,0,aptos
2f42e20db938,3,aptos
b574d229ec4c,2,aptos
880edb2cdb69,0,aptos
956765d5f46d,0,aptos
6c2555a9cae4,2,aptos
197af0de76e2,0,aptos
3132556f5352,0,aptos
664b1f9a2087,4,aptos
91e2c2890c9f,2,aptos
8d3d67661620,2,aptos
254052cf3e48,4,aptos
3079490a4b9c,0,aptos
4d1cf360b2d7,2,aptos
b60dbf9f0744,2,aptos
6089fa333013,3,aptos
08752092140d,2,aptos
691eeb59b4cb,0,aptos
bd34a0639575,0,aptos
315c1a0d87fd,0,aptos
e5d56f4f359b,2,aptos
ee3f5cf52188,0,aptos
1509d097b69a,0,aptos
68987fb159ab,0,aptos
ecb4500285ed,0,aptos
a2b97d98f130,0,aptos
ea5c42a78979,0,aptos
7ed4128b2a4e,0,aptos
3fa4f4d77177,3,aptos
beb2ad14fd2d,0,aptos
8114d6a160df,1,aptos
0161338f53cc,2,aptos
f0546a45ef10,0,aptos
ff631653374e,0,aptos
0e82bcacc475,4,aptos
4036471a1bb7,0,aptos
b96b518596b3,4,aptos
999ad827ed35,0,aptos
8af50c9d0a86,0,aptos
a3475dc3ac80,2,aptos
cd01672507c9,0,aptos
c01eae4b4939,4,aptos
9519a590985d,0,aptos
bfaa0080ab61,2,aptos
31452ad8808c,2,aptos
e7578d8dba72,0,aptos
b9fe7da14a32,0,aptos
df841a0440d8,2,aptos
0d8f60ed9280,0,aptos
222f3ee3a1e8,4,aptos
240b25a7debe,0,aptos
8a8a251770cd,0,aptos
76c0c7e1b6cb,2,aptos
b82d5f1f1145,2,aptos
52ddde91a349,0,aptos
b69c224edd6e,0,aptos
64ac539f58cb,0,aptos
266fbefa58fb,0,aptos
f1dc26c4bfa3,4,aptos
3732de8b416f,0,aptos
17188c13e635,2,aptos
46d3316c4857,4,aptos
df8365d6ac33,2,aptos
9910c827e2fe,0,aptos
65e6f1bd9875,0,aptos
7e77b61e1639,0,aptos
1002b5151b8e,0,aptos
3ca637fddd56,4,aptos
95e732e043a1,4,aptos
9a9b21215c55,2,aptos
0083ee8054ee,4,aptos
aa6242f9e08c,0,aptos
521b5377a727,0,aptos
1b8ad0afe9fb,2,aptos
76cab26493f1,0,aptos
9fab29e69a6b,4,aptos
c6a2975228af,2,aptos
5293576816aa,0,aptos
85cbb84ac8e0,4,aptos
3dec415b188a,0,aptos
a188c60b93fb,0,aptos
6fb656d506b2,3,aptos
e23add229074,4,aptos
51cd8d2057fa,0,aptos
a47432cd41e7,1,aptos
0d744aed4d64,0,aptos
a62ea0043aa7,2,aptos
523ff163211b,2,aptos
18b99159a14f,0,aptos
c5a0e84e955d,0,aptos
4d009cebabc9,2,aptos
64bad93fde3f,4,aptos
4abca30b676b,4,aptos
03ff7d159f10,2,aptos
33778d136069,3,aptos
84e8c62165b5,2,aptos
bc92a61a1f9c,0,aptos
e12df54e0d1e,0,aptos
f6f433f3306f,3,aptos
d9bbdc33db83,2,aptos
25002fe43f92,2,aptos
58184d6fd087,1,aptos
ff4cd992667b,0,aptos
c7d0deb71576,0,aptos
2af1bf226f51,2,aptos
51269b77d312,3,aptos
bd5013540a13,4,aptos
a8c54e2a4b79,1,aptos
97c6cb55866d,0,aptos
42985aa2e32f,0,aptos
6b664ed2a938,0,aptos
ed3ce1674761,0,aptos
4c570172778b,3,aptos
9b95d6203406,2,aptos
51aa3361294c,0,aptos
b46b09a45f39,0,aptos
9eaac43744f5,2,aptos
8a3eb86ae4bd,0,aptos
6c4ec95dd8ba,0,aptos
2b07790a2422,2,aptos
312694ea8e6a,4,aptos
8ff2733f6aef,2,aptos
1968183f0e61,2,aptos
e06cccc08c59,0,aptos
0cb6b898389f,0,aptos
06b71823f9cd,1,aptos
12ab2f6397f0,0,aptos
5511f114e7ee,0,aptos
a00b4cb250a7,1,aptos
b06dabab4f09,2,aptos
51cfeccaf40d,2,aptos
22098b1fe461,1,aptos
ef26625121b3,4,aptos
4d21ce39c905,2,aptos
be6cbf6e5b10,0,aptos
545df1bbcd61,1,aptos
78a577c3e0bf,2,aptos
0abf0c485f66,0,aptos
a15470303941,2,aptos
1b3647865779,0,aptos
875d2ffcbf47,0,aptos
d9ba044671e1,4,aptos
883c6a184f16,0,aptos
80ed04a84a16,0,aptos
c1896142a20a,4,aptos
4dc2211a1c31,4,aptos
1e143fa3de57,2,aptos
1f31701dd61b,0,aptos
33b978734eab,0,aptos
a443c4fd489c,1,aptos
435414ccccf7,0,aptos
86baef833ae0,2,aptos
2700754f71e9,2,aptos
9274e75dc4d5,0,aptos
f3b27ac2d371,0,aptos
e019b3e0f33d,4,aptos
b842b43cb7fb,0,aptos
18cde9649e90,0,aptos
7a77c3eb468c,0,aptos
fe3f62695b2d,0,aptos
7f6690fa390a,0,aptos
aec51513cf45,0,aptos
e594c19e2e1d,0,aptos
59ee65760535,2,aptos
9e2058917304,0,aptos
1cc58b15f466,0,aptos
baaca2f7e1f0,0,aptos
03a7f4a5786f,4,aptos
f451eee2b66b,0,aptos
a8c9fcdbc0be,0,aptos
ad944bd56bb6,0,aptos
6b30767595d8,0,aptos
5e7cc6ab4ac4,2,aptos
ee36ca728641,0,aptos
7da558d92100,0,aptos
f298b7d05958,0,aptos
7f60f2a083d3,1,aptos
b8ebedd382de,1,aptos
51030843fde2,2,aptos
bdff5d8bddf8,4,aptos
11242a67122d,4,aptos
523b3f0fc646,1,aptos
4ccee4db09b6,0,aptos
4a44cc840ebe,2,aptos
27e2be850a99,4,aptos
0e0fc1d9810c,4,aptos
fe0e2dee1834,0,aptos
1623e8e3adc4,3,aptos
1dfbede13143,2,aptos
61a62b1dcc36,0,aptos
e9ce5bf645ab,0,aptos
4c3c1ed09771,1,aptos
18b06f56ab27,1,aptos
d0ffa0425ef1,3,aptos
0fb560f9adb2,2,aptos
3461dc601cc2,1,aptos
87295c5fa1cc,0,aptos
b532dedd928c,0,aptos
fda39982a810,3,aptos
f252046c0fe6,0,aptos
52edbe29d655,0,aptos
274f4de2a59d,0,aptos
3325b1fe55d2,0,aptos
4bcee3cbe232,0,aptos
5a2c27b95c7c,2,aptos
1da25637859b,2,aptos
ab50123abadb,2,aptos
eb6b1f1c09db,0,aptos
e135d7ba9a0e,0,aptos
5ca73d28f17f,0,aptos
b09101adb478,0,aptos
4c53cc97ea13,0,aptos
f9e1c439d4c8,0,aptos
2fdffb6160a6,2,aptos
17eff993386f,1,aptos
51af8c112682,4,aptos
1c6d119c3d70,2,aptos
1891698febce,0,aptos
d48178e4a49b,4,aptos
a0d04a19cf40,2,aptos
24f3e70f0419,0,aptos
65e51e18242b,1,aptos
1f5496352859,0,aptos
af345c68e836,0,aptos
1dbdc32c17db,2,aptos
c31651ea04c6,3,aptos
ceb601fe8dba,2,aptos
77f69c7ff324,2,aptos
44878f34e31f,0,aptos
2221cf5c7935,0,aptos
eebd1e195952,0,aptos
697538183db5,3,aptos
6baafa56895c,3,aptos
05cd0178ccfe,3,aptos
19722bff5a09,1,aptos
e821c1b6417a,4,aptos
b49b2fac2514,4,aptos
0a09aa7356c0,2,aptos
0304bedad8fe,0,aptos
a06a63d866b2,0,aptos
141735b57ec0,2,aptos
ae2c3f6312ef,0,aptos
df6d13d04da1,0,aptos
64b9206afb3f,0,aptos
8ab8d9b3ce3f,2,aptos
912fbe06407e,0,aptos
c406325360b1,2,aptos
67844c46bc61,2,aptos
60f15dd68d30,4,aptos
aeab0a63bcaf,0,aptos
6a2c3f4ef329,0,aptos
d1cad012a254,1,aptos
64a13949e879,2,aptos
91b7a4179ecf,0,aptos
d85588ff2ebd,1,aptos
00a8624548a9,2,aptos
7bc4dd99eee5,4,aptos
c1ebe785503a,1,aptos
b10fca20c885,0,aptos
4eabad7948cf,0,aptos
5bea250d8bf5,0,aptos
9c72ed6befa0,4,aptos
4d9fc85a8259,3,aptos
12058bbb8299,0,aptos
f36cb007a1ef,0,aptos
08037e4490e5,0,aptos
b9c7c5182075,0,aptos
6504b703c429,0,aptos
b0d35981708b,2,aptos
e8e44b3160e3,0,aptos
1e8c31e29dd3,0,aptos
cc839823755b,2,aptos
6e73acb2cf60,4,aptos
caec68f11c86,2,aptos
16ce555748d8,4,aptos
5188a8afa879,2,aptos
d10ef306996b,4,aptos
32ed318235b8,0,aptos
02358b47ea89,0,aptos
175dd560810a,2,aptos
bb11db08584a,1,aptos
3cd9713c0ecb,0,aptos
bc34f52c37c7,0,aptos
070f67572d03,3,aptos
a95d9d61ddd4,0,aptos
99c6a123ed6a,0,aptos
17f6c7072f61,0,aptos
3c42512c81e0,0,aptos
1a19f2ef4472,0,aptos
75a4343b12f9,0,aptos
12b57dac703e,0,aptos
3601dac9bed7,0,aptos
898f0bc8acfa,0,aptos
4e1e252317b5,0,aptos
4c60f6fcea75,0,aptos
f0e1201b5c1f,0,aptos
6e018411ba4a,0,aptos
a14bbd9a583e,3,aptos
ad2f0b9d059c,3,aptos
99132193eaa0,1,aptos
962c0fc85e13,0,aptos
dccdf750c962,0,aptos
4145dcb25053,0,aptos
a3fcf42ff56d,4,aptos
f481f76a6b75,1,aptos
65cf00be6fb4,0,aptos
f0c13be90519,1,aptos
5db2e3a4594a,0,aptos
e582e56e7942,0,aptos
32d7d360d891,0,aptos
11b5c77fbf79,2,aptos
ffec9a18a3ce,2,aptos
8bbd7835e9aa,1,aptos
df4aec4a0eaf,4,aptos
1782142e17d9,0,aptos
30db694bee42,0,aptos
dd02d60bef14,0,aptos
4c5ab774a381,0,aptos
5dd2e26fc244,4,aptos
3823acc4e464,0,aptos
f0f89314e860,4,aptos
4e85aa647534,0,aptos
e0d229db881a,0,aptos
35cd9832fc0a,0,aptos
cd563556cb57,0,aptos
80f6b30ece8c,0,aptos
8ab3faa3701f,0,aptos
fb61230b99dd,3,aptos
c0202976c670,2,aptos
92fcf50b3562,0,aptos
d67374d3fa2a,2,aptos
7525ebb3434d,3,aptos
89d2a7403a06,2,aptos
dee687c6e88a,2,aptos
5b0e53f53ef3,1,aptos
9ed6c2b25767,0,aptos
7526c59c36d3,0,aptos
8acdf12f412a,0,aptos
d1fb4efb117c,2,aptos
fb696a8e055a,4,aptos
ab03d50bba2f,0,aptos
4c9f0fdaaef7,3,aptos
9ab18a4a957f,0,aptos
dbd062558b81,1,aptos
d16e59a2b33a,0,aptos
ea9c41e1ced0,0,aptos
af7a36454670,0,aptos
7828dd083cdc,0,aptos
b56340f472d2,1,aptos
b7278b4f2448,1,aptos
bebb3f167654,1,aptos
3599029efeb3,0,aptos
6f923b60934b,4,aptos
5078caaf1f57,0,aptos
2821998fc002,0,aptos
848e66b9e199,0,aptos
7356dd08b0ae,2,aptos
09662e462531,0,aptos
f952ad2e4356,0,aptos
66460ecab347,0,aptos
bb5083fae98f,3,aptos
4a96c28f3f07,0,aptos
3f98be586fe3,0,aptos
0e3572b5884a,0,aptos
437900a99871,2,aptos
dd110d2b8c21,2,aptos
1db0393cdbc1,0,aptos
e580676516b0,1,aptos
6daef3e5ca22,4,aptos
bff51afc76d4,0,aptos
bfdee9be1f1d,4,aptos
94dcb491143f,2,aptos
dc6fa1b38b83,2,aptos
f460608cf4cc,2,aptos
34acae864963,0,aptos
af87d48ffe01,0,aptos
f69835dc7c50,4,aptos
190a309f2cc5,0,aptos
4464bb62bf20,0,aptos
bcd503c726ba,4,aptos
f5a8c6426a71,3,aptos
4158c340fa49,0,aptos
3218a6d8eb2c,3,aptos
bf7047dc683c,2,aptos
d88806d9ece9,2,aptos
107aea0d9289,1,aptos
aa841de1ee82,2,aptos
54b322c66d01,0,aptos
43e9c66eb0f3,0,aptos
155e2df6bfcf,0,aptos
cd29c88c9e36,2,aptos
441117562359,2,aptos
354b8911d6ed,2,aptos
ec0c9f817b03,0,aptos
bebfbd907cac,0,aptos
e3b47ed5b511,0,aptos
9b093fe95d6b,3,aptos
525d0dd8dc45,0,aptos
90a9a41eec6d,0,aptos
aae8f9f3ef8c,3,aptos
405b4f78658f,3,aptos
e19936582c61,3,aptos
1a90fad9ffa2,4,aptos
2c827005b8f8,0,aptos
4210809074c1,0,aptos
4c635a01593d,0,aptos
62cc7ddb53b6,2,aptos
ed88faaa325a,2,aptos
7e9458de5707,2,aptos
4d7d6928534a,1,aptos
9785805af1b8,2,aptos
4e6071b73120,1,aptos
12e3f5f2cb17,1,aptos
5ce5eeaf757a,0,aptos
2cceb07ff706,2,aptos
38fe9f854046,2,aptos
e76a9cbb2a8c,3,aptos
d567a1a22d33,1,aptos
1943983492e5,2,aptos
3ee4841936ef,4,aptos
7ee6de71c140,0,aptos
a4b8de38eac1,3,aptos
d18b1d8ac4de,2,aptos
96c3e3db68bc,2,aptos
6ea07d19b4ce,1,aptos
f7116e7b2f4e,0,aptos
7f6ce40f306b,2,aptos
c23ff6dcf15e,0,aptos
39923b29988a,2,aptos
4e82c3c8d31f,1,aptos
0cbcc7b23613,0,aptos
857230f64a2e,4,aptos
ead23cc922ed,1,aptos
45693d027798,0,aptos
f4df3d86688d,0,aptos
0af296d2f04a,2,aptos
ab1c20a94f3f,4,aptos
6d5a8362dd1e,0,aptos
624fb7317106,2,aptos
3c72f580d4ba,1,aptos
82088c6734e6,0,aptos
c70d09370109,2,aptos
c40976189f22,1,aptos
0f364b7d4384,0,aptos
f1d719c97838,0,aptos
0ca0aee4d57e,2,aptos
653534ded339,2,aptos
22a6da005395,1,aptos
7b49041cbf17,3,aptos
1a7e3356b39c,4,aptos
af5a0bc4e1fa,0,aptos
50d8249f7bc9,0,aptos
3c1efa38d0da,2,aptos
febfb20dc311,0,aptos
e31c42a8652b,2,aptos
165cd2070ebd,4,aptos
f3a4751af42e,0,aptos
1601c939412f,0,aptos
01b3aed3ed4c,1,aptos
67f5d89da548,1,aptos
05b1bb2bdb81,0,aptos
da0a1043abf7,2,aptos
bc8c6a778cde,0,aptos
52dbec057cc8,2,aptos
6cdd0f985270,1,aptos
49eb73968c44,0,aptos
246e4506824a,2,aptos
ec01f0862669,0,aptos
e740af6ac6ea,4,aptos
54dc6e8107cd,2,aptos
971bb98ab935,0,aptos
bb08949dd70a,0,aptos
44f7f3ef9d50,0,aptos
e6a5e4718873,0,aptos
d94e10f42861,2,aptos
dea7538bb91a,0,aptos
04d029cfb612,2,aptos
62b826899151,0,aptos
cf1b9d26d38d,4,aptos
68ddb15a74de,0,aptos
25e9fd872182,1,aptos
9d98a0b585f2,2,aptos
f71bea807c96,0,aptos
bc73ce76ec43,1,aptos
941d874c8afb,0,aptos
0ada12c0e78f,4,aptos
83a63c4a3e4a,0,aptos
76bc31e0d3be,0,aptos
18af532e7e1e,2,aptos
6bcce181be65,0,aptos
5cf9127f251a,2,aptos
75ed83dbccce,0,aptos
60eeae3ba23d,2,aptos
dd285d9e97fe,0,aptos
0a85a1e8f9e9,0,aptos
9287e57326d0,0,aptos
30941b65348b,1,aptos
9b418ce42c13,2,aptos
b89938407ee6,2,aptos
02685f13cefd,4,aptos
46923eea9a4e,2,aptos
76e589911303,1,aptos
c68dfa021d62,2,aptos
5069feccd866,0,aptos
d30d079e6f9a,0,aptos
3bf3085ac167,0,aptos
a1eb88562239,0,aptos
4927945ecfed,0,aptos
530d78467615,2,aptos
93be637084a2,1,aptos
7247a2c97f71,2,aptos
996f57c86ba5,3,aptos
033f2b43de6d,2,aptos
55f7f018c61c,0,aptos
33596a635b53,0,aptos
77543f66a84a,2,aptos
38f1901f214a,0,aptos
fa59221cf464,4,aptos
0024cdab0c1e,1,aptos
d2dc86021c67,0,aptos
2b88cb6e31cd,2,aptos
44a86263117b,0,aptos
e81f4a2fbbdc,0,aptos
904b03ad5594,0,aptos
dee31065f8fe,0,aptos
150f92b45349,0,aptos
78937523f7a8,0,aptos
12ce6a1a1f31,1,aptos
349f3c0ac83e,2,aptos
e66855a5c583,0,aptos
9904939ab83d,2,aptos
f9aa35187bf3,2,aptos
10de500cf0c5,0,aptos
6a905a7202d2,0,aptos
e83d315d8f98,2,aptos
e724866f5084,2,aptos
5814cbd2e9bf,0,aptos
4ecd1fdd1435,1,aptos
384631079d1e,1,aptos
58a9e0d7f7af,0,aptos
ac1667fac512,0,aptos
a88365134c3c,0,aptos
df0886f1e76b,0,aptos
849a91e9ab28,1,aptos
c18a006f7f1d,0,aptos
9039cbfcbb2f,0,aptos
9c893e16c055,0,aptos
111898ab463d,1,aptos
2b074afdf626,2,aptos
8c29a76fa08c,0,aptos
63d217b059b6,2,aptos
2fefb720869a,0,aptos
64fedbf97473,4,aptos
d3e884109b45,3,aptos
88e4399d207c,0,aptos
e5f332efcbc7,0,aptos
498f143c0374,3,aptos
80b5697f2a5e,0,aptos
9c14ce27cbfc,0,aptos
4a4cb731f91a,0,aptos
1f15ca672675,0,aptos
5bda2ed09e62,4,aptos
992b9a07b25f,0,aptos
c05b7b4c22fe,2,aptos
f0a2dc580009,0,aptos
da0a83f074f3,0,aptos
ae975c43bd8b,0,aptos
0dc8d25b3f69,3,aptos
53273d664cd8,0,aptos
ac2c814949f9,2,aptos
b498b84d383f,2,aptos
22ce8ef69357,2,aptos
022f820027b8,0,aptos
883ddb650967,0,aptos
2408799a09b2,0,aptos
e55188915f9d,1,aptos
98f48850ebce,2,aptos
7f84284598f5,2,aptos
d28bd830c171,2,aptos
1f9ccda4ddf2,0,aptos
69b3a00927fc,0,aptos
c013e869acce,0,aptos
8785b71238d8,4,aptos
f7508f14dd7b,0,aptos
6de39b94f634,0,aptos
b0619ca93a5f,0,aptos
af6a1508cd95,0,aptos
5b32ece9c627,0,aptos
453a1e2754b2,2,aptos
4554062fa836,0,aptos
5a27b9b2a9c1,0,aptos
d0926ed2c8e5,0,aptos
9eaf735cf01f,1,aptos
475300735b7f,0,aptos
2532613a584a,2,aptos
a6c9e96a10d7,2,aptos
ca1036496659,1,aptos
ee3fe7809e6a,0,aptos
6324d77cf926,0,aptos
599498e9e4bc,0,aptos
b43440c6ebe4,0,aptos
61d9c88a3a4b,0,aptos
d990a3f0cbdb,2,aptos
e6a58edc5b42,2,aptos
a476fd984005,2,aptos
60e269e3e188,2,aptos
48543037d0b3,2,aptos
2cdcc910778d,0,aptos
0fbbd665431f,0,aptos
6298468d7d75,1,aptos
384db24ebbd7,0,aptos
d29b37d110f3,0,aptos
f762c272c522,1,aptos
72595230840c,3,aptos
7d1da90d3ca9,2,aptos
28a4d00927b7,2,aptos
b746a6681ba9,2,aptos
0dce95217626,1,aptos
4c78d9d18da9,2,aptos
709784f7fcc2,2,aptos
7a12f49e29df,0,aptos
cec299c2a2d5,0,aptos
35beb47fe159,0,aptos
a664d2055886,2,aptos
00e4ddff966a,2,aptos
7a39c91416e2,0,aptos
aeb6f4fd2eed,0,aptos
4ef7144e24ff,1,aptos
91e82fe4e434,0,aptos
ca360bec5851,2,aptos
269b44e628eb,3,aptos
e96099b961b4,2,aptos
201f882365d3,0,aptos
ea7e21bab610,0,aptos
bca2bdc15fc5,2,aptos
1dfe599d12a9,0,aptos
d473f6fafba0,2,aptos
48afe8c47454,2,aptos
d2c6b99ef62c,2,aptos
6c30dd481717,0,aptos
2a3378bcfbcc,2,aptos
6e0f78e188ff,0,aptos
a19ecd0a706e,1,aptos
a26f50218b84,0,aptos
e7defafeb957,2,aptos
73ef3c3dcbe4,0,aptos
15cd5f52d300,2,aptos
5879285f9d8d,1,aptos
0d0a21fd354f,2,aptos
10f36b0239fb,1,aptos
21abd36095a1,4,aptos
24b943fe725e,1,aptos
e3e490babc0c,2,aptos
afc744fad65e,0,aptos
e4a44f9158dc,0,aptos
565f3404f9b2,0,aptos
0fc6829da85b,0,aptos
a9e984b57556,3,aptos
43f22d1be8dd,0,aptos
a1e236fbc863,0,aptos
d264396d8d1a,2,aptos
226c6ceb9185,0,aptos
ecad6845f630,0,aptos
a73c3d516c59,0,aptos
f02babb3a023,0,aptos
b200c23b299b,0,aptos
7335a2d43ada,1,aptos
a9b3177f01c0,0,aptos
e3a7671f787b,2,aptos
070d4ce5fd90,0,aptos
4a7dc013e802,4,aptos
75c180e04f65,0,aptos
4ad6109706e8,2,aptos
c446985355f1,0,aptos
4f0866b90c27,3,aptos
2f4e81787d9b,1,aptos
5d9c841eb245,0,aptos
352e4a939242,3,aptos
e0b5a982a018,3,aptos
4c6c5a1bf5ab,0,aptos
ec6f1797a25a,0,aptos
f80118bbda18,2,aptos
8af6a4e5396f,4,aptos
a8eb35b3bcd2,2,aptos
e03e70bc8bba,2,aptos
8cb6b0efaaac,2,aptos
0b64a0a06f9a,0,aptos
81b0a2651c45,2,aptos
00b74780d31d,2,aptos
4ccfa0b4e96c,4,aptos
e4d3d437b0a8,0,aptos
b5bf7b84fc66,0,aptos
9cedf5c7016b,2,aptos
1e4b3b823b95,2,aptos
310c27067ac0,2,aptos
d91635f380b4,0,aptos
8b568d47a1fd,0,aptos
529906ff9dfa,0,aptos
76e6a9238570,2,aptos
c1819db0aece,0,aptos
f7fec8935126,1,aptos
1ca35d483772,0,aptos
db49cdf1ea64,2,aptos
4a0bba3b7d83,2,aptos
85cc6d636898,2,aptos
d1a60c3b9fe5,0,aptos
bf1b7e21e774,2,aptos
962cf85e4f6d,2,aptos
6b3860e8f64f,0,aptos
29f9e1ac9507,0,aptos
8958a4d17b7e,3,aptos
059bc89df7f4,1,aptos
2994f17f58a5,1,aptos
fe06dad6851c,0,aptos
a47878630dc2,2,aptos
db3cd58aa315,0,aptos
de16416220de,4,aptos
e5f73f2855c0,0,aptos
286e9981dd9b,0,aptos
87d46b1cc4e9,0,aptos
ae1344610ebe,2,aptos
7b9d519cbd66,0,aptos
7f39c36469b5,0,aptos
dd19428c3d29,1,aptos
8660e1864665,0,aptos
2682e6da9050,0,aptos
977e1ca77653,1,aptos
2a8a9e957a6c,1,aptos
8871e6a26596,2,aptos
6253f23229b1,3,aptos
8448af27ba07,0,aptos
a70d0f12a641,0,aptos
3c78bfca247b,4,aptos
2f143453bb71,0,aptos
3c726de3ee90,1,aptos
43bc7c066dfb,0,aptos
92587e494d51,0,aptos
191348830ddf,2,aptos
d844a7252f4e,0,aptos
0104b032c141,3,aptos
7af4d8704032,0,aptos
200d947f75db,1,aptos
4ef0b485a7da,2,aptos
97a5ad7548b7,2,aptos
2e26762daed5,2,aptos
4ed31cc07366,2,aptos
7bf981d9c7fe,1,aptos
abdb365cacbc,1,aptos
9232dc06cfdc,0,aptos
62e6f814c8f5,2,aptos
ac17cc18a994,0,aptos
d2c2f02bb313,4,aptos
09c8323c612e,0,aptos
cc3d2e961768,4,aptos
7d1b40fdbd86,2,aptos
b5c80d0ed0ff,2,aptos
188a9323be03,2,aptos
1633f8291a80,0,aptos
d7ab5c040294,0,aptos
7b691d9ced34,0,aptos
aed4e743c230,2,aptos
74898f372d2b,0,aptos
1d11794057ff,1,aptos
2c8101f14723,0,aptos
e07045d7c5f7,1,aptos
7455e2b5fc57,2,aptos
70ed3ec68b94,2,aptos
f85c78201a50,0,aptos
a0267206d51e,2,aptos
c6a145742708,4,aptos
51405d042000,2,aptos
2b10f138e67d,0,aptos
1124ffcd76c2,2,aptos
ae20112e7a1e,0,aptos
ec4649213ccf,1,aptos
f02956bd7c50,0,aptos
e6f0ce5bf282,2,aptos
adb56cecafaf,3,aptos
a7ec056502e7,1,aptos
875a2fc5fe23,4,aptos
0a61bddab956,1,aptos
dcf109df1a2b,0,aptos
2b21d293fdf2,2,aptos
dc0eea0b68a7,0,aptos
698d6e422a80,2,aptos
98e44127872f,0,aptos
2ef4a04aed1b,0,aptos
93802d1e3c41,0,aptos
4ad8d3ec8789,0,aptos
186c1835eec5,0,aptos
3ffa14d60b24,2,aptos
e65f94ad9be3,2,aptos
2db0cd3e30da,0,aptos
d9a475dfe59a,2,aptos
08c17a2d95b7,2,aptos
2b48daf24be0,3,aptos
8010c931321f,0,aptos
29580bed2f7d,2,aptos
6181aa9f75f4,3,aptos
b187b3c93afb,2,aptos
d7e5fe5245e0,0,aptos
338326891d84,0,aptos
83038ca49b6d,0,aptos
8b8fe3fc8950,0,aptos
7269a1d84a57,0,aptos
cb68fce07789,0,aptos
ef81cd8854cb,0,aptos
612f2df37a1d,4,aptos
b74de20d73de,0,aptos
86410aa13b3e,0,aptos
9bf060db8376,3,aptos
2df07eb5779f,4,aptos
43fb6eda9b97,2,aptos
47e51065b819,2,aptos
61bbc11fe503,4,aptos
144b01e7b993,2,aptos
549381330191,0,aptos
03c85870824c,3,aptos
5ca779ace6e7,0,aptos
3694e8c8e09a,0,aptos
aabd867043cf,0,aptos
94111ed3d276,1,aptos
e4151feb8443,2,aptos
dd90c321d7bc,0,aptos
2131aa3a1e6f,2,aptos
8e6df9eedcd8,0,aptos
a12ca80bb8c7,0,aptos
da1fb35f5df9,1,aptos
8f2996b8d855,1,aptos
5056fa7d505f,0,aptos
07e827469099,0,aptos
b5a3ca5c0a80,0,aptos
9782c0489eca,1,aptos
1df1530b9b8d,0,aptos
d66b6f333dc7,1,aptos
9870ce41cac4,0,aptos
a44345b27804,0,aptos
08ee569d4721,0,aptos
a9a3225cf4b5,0,aptos
a721efb1e049,2,aptos
c6a8f8f998a2,0,aptos
fa7fa797c650,0,aptos
d85d052900b4,1,aptos
dee1031a76ae,0,aptos
ab32db41c409,0,aptos
c8d2d32f7f29,4,aptos
7ad0c4975890,0,aptos
63a03880939c,1,aptos
484dbeb9bf2a,0,aptos
2d3f4094c08a,0,aptos
e529c5757d64,0,aptos
ebe0175e530c,4,aptos
90bde2ff8953,0,aptos
19545647508e,0,aptos
11d8e5eaee5b,0,aptos
e10190a9d52f,2,aptos
5728b8aa98ef,0,aptos
457c7c927e27,3,aptos
ed2c06fcc573,2,aptos
a01c590c444f,2,aptos
bfefa7344e7d,4,aptos
7ba6b23c4b46,0,aptos
e01b7bac822b,0,aptos
2a93334f663a,0,aptos
fe0fc67c7980,3,aptos
daad7b617f21,0,aptos
f26b02ead915,0,aptos
9cf7c1349673,0,aptos
76e5b50f95a7,0,aptos
51d0034d177d,2,aptos
83e529e95b0e,1,aptos
9dab2e6ba44b,2,aptos
4246ed634f25,2,aptos
c7b622ec8104,1,aptos
33105f9b3a04,1,aptos
6ccfdb031184,0,aptos
d0079cc188e9,3,aptos
07d8db76b301,2,aptos
cbc23af521f3,0,aptos
4926dea289f8,0,aptos
52230bbef30e,2,aptos
87a9f4d20f07,0,aptos
2a08ed6bbcbc,1,aptos
d95959798b57,2,aptos
aeccef0bdc26,0,aptos
217dad18a5ed,2,aptos
1fddd7c98fd2,0,aptos
07596907347b,0,aptos
291e2ff3d834,2,aptos
6f0e5848d9ce,0,aptos
79540be95177,2,aptos
9a326446c431,0,aptos
891329021e12,0,aptos
bb9a3d835a94,1,aptos
cd48cfab4e44,0,aptos
5077cdb88aed,0,aptos
3232b34cbe99,0,aptos
3246f07e65b4,2,aptos
b5e6ae31493c,0,aptos
239f2c348ea4,2,aptos
51a1d162e223,4,aptos
9cc6b1f9bcbd,4,aptos
08c60c647673,0,aptos
12025b34deb8,2,aptos
0c43c79e8cfb,0,aptos
e265c870f9b3,2,aptos
9bbb6c455913,0,aptos
de778495a1cd,2,aptos
daff5427c9b2,0,aptos
d16398c971e9,3,aptos
8bf2d925dc0c,0,aptos
855f0a5442b6,2,aptos
838b3e4d0bb4,0,aptos
7eee3d1f1268,0,aptos
436fa3fd145a,0,aptos
5e52c9fe676f,2,aptos
a8582e346df0,1,aptos
28f93cad89c5,2,aptos
4c60b10a3a6a,3,aptos
e632e38fd2d4,0,aptos
8543a801dce0,2,aptos
6bf2a81a5d91,0,aptos
92b0d27fc0ec,2,aptos
1fd5d860d4d7,4,aptos
5288f7441f64,0,aptos
50ddd7d976df,0,aptos
a07d9a5045cb,0,aptos
5ed6dc419e4d,2,aptos
423abbaa5fad,2,aptos
04efb1a284cc,0,aptos
dc3c0d8ee20b,2,aptos
6dc0281f11e3,0,aptos
b7983cb3f270,0,aptos
74418f620068,2,aptos
7c2e852171c0,0,aptos
180afe1d5ef7,2,aptos
22895c89792f,4,aptos
3730c322d35b,0,aptos
785777558f05,4,aptos
d332d7b8a26e,0,aptos
3b73a3a4a734,1,aptos
c62cef02efa2,0,aptos
1864d3411143,0,aptos
eeb231c3ef1f,1,aptos
535682537302,0,aptos
5db895d3f1fc,0,aptos
415f2d2bd2a1,0,aptos
d69698f838db,0,aptos
f7edc074f06b,2,aptos
94f9ecf4b8d2,0,aptos
281d7b7c7676,4,aptos
59928f999ae7,0,aptos
404ede327e98,0,aptos
8ac0c44bbf24,4,aptos
3d3e288d490e,2,aptos
bd06028eb7dd,0,aptos
e47770a2e5d1,0,aptos
8344c783da65,0,aptos
069f43616fab,3,aptos
acf976efd7ce,0,aptos
5f70ad48a525,2,aptos
0125fbd2e791,0,aptos
db4ed1e07aa3,1,aptos
e8ddfc9709ce,0,aptos
3cdda8b3df19,2,aptos
8be6629a6039,0,aptos
7bc00e58d419,0,aptos
7ec1ffe8220b,2,aptos
4689b739d240,4,aptos
a3d2a0c4cd17,1,aptos
598b8f5b3822,0,aptos
e9f82b5bbaf4,2,aptos
d6283ded6aea,2,aptos
e1b8acb1cea1,0,aptos
10a5026eb8e6,0,aptos
ad029ba7fa8b,0,aptos
b0f8613305a3,0,aptos
8596a24a14bd,4,aptos
cf8ae5501bd6,0,aptos
3f6bccf21ce8,0,aptos
c12e9ca420a5,0,aptos
0a1076183736,2,aptos
19e350c7c83c,1,aptos
e246cd89e1cc,0,aptos
c9d42d7534e0,2,aptos
a654b25124c3,0,aptos
b9519abce0c1,0,aptos
454a944eb557,0,aptos
63b71347e95d,0,aptos
2ba0b0d9bda2,2,aptos
62b4be2799ca,0,aptos
02da652c74b8,0,aptos
bab776139279,0,aptos
bf87aedf2489,0,aptos
5548a7961a3e,1,aptos
a2ddabee14e9,4,aptos
5633ced07d8e,1,aptos
b05922e7abd3,0,aptos
c561bcd519e9,2,aptos
db6207e62c7b,0,aptos
001639a390f0,4,aptos
2bb3c492d6d3,0,aptos
c62585bd68fb,4,aptos
3796af4d987a,4,aptos
9b57e43b44e7,0,aptos
1f543a86c4d4,2,aptos
8bf05909e1e1,0,aptos
096436d68d06,0,aptos
628b581aa905,0,aptos
494fc9c745a3,1,aptos
c0e509786f7f,4,aptos
445a8a6da55c,0,aptos
08a3875063c3,4,aptos
c25e02b39c01,0,aptos
441affbe99aa,2,aptos
c4a8f2fcf6e8,1,aptos
76516f828d88,0,aptos
cbe633765ea7,0,aptos
054b1b305160,0,aptos
13d411c85ffd,0,aptos
4d17559ac1e2,0,aptos
6fbaaf8eb67a,0,aptos
290ecdba359f,2,aptos
ab724603ee93,0,aptos
c613db1cab27,2,aptos
300305ce82d2,2,aptos
c0f15fe3b4b7,1,aptos
9be0683649ff,0,aptos
12ae44be0d38,0,aptos
70d657f8f503,4,aptos
3cab32dd6ef9,0,aptos
837acf120946,0,aptos
0551676cc2aa,0,aptos
c0a117de7d0a,0,aptos
51e656e5a541,0,aptos
7c629b491d1a,4,aptos
1ca91751be4d,0,aptos
fbcbc81cf9be,0,aptos
28f98cfe3858,1,aptos
500aad15b7c8,0,aptos
eb32a815f78c,2,aptos
80dbeb0fdc75,0,aptos
e9129ce55fd7,2,aptos
28f73575e1f2,0,aptos
56e56aa08362,2,aptos
58b866484a05,4,aptos
50840c36f0b4,1,aptos
8a81f62320d6,0,aptos
187f6ccda87a,4,aptos
ed246ae1ed08,4,aptos
4478b870e549,2,aptos
50916d67bb51,0,aptos
07122e268a1d,4,aptos
44f4ae58990e,2,aptos
495255c7492f,1,aptos
d5a39339ff3d,2,aptos
de18071c36e6,0,aptos
abf0f56c6f12,2,aptos
e9f3c85a2a02,0,aptos
87b671c6d4c5,0,aptos
ace2281f00c4,0,aptos
b8e9a8f4617d,0,aptos
b6bf847fbcb2,0,aptos
f9d8ff3e6592,0,aptos
830e297965a1,0,aptos
dd3dad6ca78f,3,aptos
8564b7aa3c1a,0,aptos
1f63d44d9e3c,2,aptos
9f935fb38440,0,aptos
9985375d709f,0,aptos
23148a40ecb0,2,aptos
1ffaa51a6245,2,aptos
8714d17bb6da,1,aptos
bc34ed91c9bc,4,aptos
b0eeae01b8ab,2,aptos
8a759f94613a,2,aptos
66d2ca47aa44,2,aptos
a32b5ce3d48a,4,aptos
b70cb31b9abb,4,aptos
bc23f74e14dd,2,aptos
7d37a2939f12,2,aptos
cb75210abebe,2,aptos
bed8296c8dfe,0,aptos
d1f7ea924a01,0,aptos
d16e39b9d6f0,0,aptos
34723fae6475,2,aptos
650104ede84c,0,aptos
6c250a30593b,4,aptos
5b3d41626ec5,0,aptos
05e9126dfa5c,0,aptos
4189d4e631ec,2,aptos
e7fc93ac5b6d,2,aptos
4a0890b08532,2,aptos
33ffddea8c6e,1,aptos
0eff8eacb2f7,2,aptos
e69b48516577,0,aptos
61c2fbd16e38,2,aptos
232549883508,2,aptos
4dbce359d0e1,2,aptos
b77b8a1f09f1,4,aptos
35362d43e753,0,aptos
7c52fe73e748,2,aptos
613028ede6a0,4,aptos
b7a1bb106051,0,aptos
fc898dfeb24f,0,aptos
ca891d37a43c,2,aptos
67ed8cc78b97,0,aptos
5b76117c4bcb,4,aptos
0cb14014117d,3,aptos
7fdb177b8f7d,0,aptos
84b88e8d3bca,0,aptos
9568eb7e9c08,2,aptos
e2c3b037413b,0,aptos
7bda86d95c5b,2,aptos
a64273801bde,2,aptos
cd45bfa07d41,1,aptos
0981195eb9fb,4,aptos
ca0f1a17c8e5,2,aptos
18323d8f2470,2,aptos
aa9cfe639ef1,2,aptos
675de69373f8,0,aptos
3286073a976e,0,aptos
20688cb25704,2,aptos
269f0792f11f,2,aptos
2b5bb6d33959,0,aptos
eabf421f94d0,0,aptos
cd3fd04d72f5,2,aptos
726dff37edc0,0,aptos
acc9f29538c4,2,aptos
2d870833c0c9,2,aptos
b7bd4a6627b6,0,aptos
0b8bdec9d869,0,aptos
ddb222ff7c1d,0,aptos
789434d095d1,4,aptos
8c7c26c52a6c,4,aptos
541db13517e2,2,aptos
5e97cb2b0888,0,aptos
4029d70e9d8a,1,aptos
d516f77d4516,0,aptos
5299a532f0e0,0,aptos
e30a890600e1,0,aptos
bfb578c0e8d8,0,aptos
86b3a7929bec,2,aptos
4dd9d29eae5d,1,aptos
1638404f385c,4,aptos
0f96c358a250,3,aptos
d2cd47ed2c1d,0,aptos
b1b3e7d0a5f3,4,aptos
803120c5d287,2,aptos
609be3ca5ddf,0,aptos
94372043d55b,1,aptos
b90bc89ce8d8,4,aptos
6e44f6d04fc9,0,aptos
be7bc89f5fec,2,aptos
7a238a1d3cf3,4,aptos
080f66eedfb9,4,aptos
2608e1dac5b1,2,aptos
52ae917fcea4,1,aptos
3e1f8fecb06f,2,aptos
f366fb1cc475,0,aptos
901a3552fe26,0,aptos
0dbe6c26cedc,0,aptos
359bab5d784b,0,aptos
495106ae3b68,0,aptos
c597ef460944,0,aptos
9a3c03a5ad0f,2,aptos
922586d86cd8,0,aptos
596f4fdb0004,0,aptos
655cafb4c932,1,aptos
2d04cead4d3a,0,aptos
5173d54fc214,2,aptos
7663aba8d762,2,aptos
8a67f1efa315,2,aptos
c3cd0200df79,3,aptos
25b0e72705a8,3,aptos
d6b109c82067,0,aptos
e2a233493b90,1,aptos
674057ab250c,2,aptos
a419fcb2dfb5,0,aptos
ce6f33a81ad5,0,aptos
26453eb7e989,2,aptos
15bed5adde74,3,aptos
0684311afdfc,1,aptos
78d53c82a23e,2,aptos
a94da3d3b5c0,0,aptos
48fda42bd5d4,2,aptos
c3b15bf9b4bc,0,aptos
41345cec5957,0,aptos
3748349334f6,2,aptos
135575dc57c9,2,aptos
cd9e2190c73f,2,aptos
6f460f9968c7,0,aptos
401fdfd0db07,0,aptos
478fc46eaa49,0,aptos
ef99c499d665,0,aptos
b4f41b5bf0ef,1,aptos
bd9904495ccd,4,aptos
4982378d72f9,0,aptos
5a36cea278ae,2,aptos
753b14c27c83,4,aptos
3c326543fff6,0,aptos
3fd7df6099e3,2,aptos
2923971566fe,0,aptos
7efc91af4ae6,4,aptos
b6fd109b1bc9,0,aptos
4b6895d0cf8d,0,aptos
f999c6921e6d,2,aptos
8eeac97f02f0,4,aptos
f5c953bee7cd,0,aptos
f66c4ee86629,0,aptos
6889bc64ab09,2,aptos
7ccb267fd394,1,aptos
78bcdffb8785,1,aptos
e16af45285e5,0,aptos
064af6592ba6,2,aptos
9fefe2b44795,3,aptos
92e3d608fd3c,0,aptos
840527bc6628,2,aptos
851e40a21f81,0,aptos
ad6b07d5c338,0,aptos
bdb98063fe84,2,aptos
32a3eb37ff40,2,aptos
2cf18033da31,0,aptos
f4de9620e3f2,0,aptos
e499434242cc,2,aptos
36b5b3c9fb32,3,aptos
cf8f1bc7a215,0,aptos
d74ccc796517,0,aptos
f7e9fa75c7c1,0,aptos
234399352d36,2,aptos
f9e779a13204,2,aptos
5baed382f062,0,aptos
d952dbfb0fe4,2,aptos
d9311f7497cb,2,aptos
e4b0df29b96f,0,aptos
6b07971c3bf6,1,aptos
36e4b704b905,0,aptos
f994a3b07935,0,aptos
907aaff827e5,2,aptos
18f1f979d30d,2,aptos
8d9516ea3587,0,aptos
cc964bf04dbc,0,aptos
6e1db8711879,0,aptos
e12d41e7b221,2,aptos
ad93d88c87ea,0,aptos
27f82ada84ac,0,aptos
c81c6911f5e0,0,aptos
ea15a290eb96,1,aptos
f8d62557ad0c,0,aptos
30263a7d5609,0,aptos
b2748ac28fc1,2,aptos
ff0740cb484a,2,aptos
48a45619d1a3,0,aptos
8b079e79035f,0,aptos
f6d760566a51,0,aptos
72a867980067,0,aptos
ba4d2c4b3039,4,aptos
291f581d365e,0,aptos
2927665214e1,0,aptos
b598bc9753c2,0,aptos
20c883d3bd38,2,aptos
29d059522fa1,0,aptos
d2c5fb82fe5f,0,aptos
f2f569a64949,0,aptos
e933923aab15,0,aptos
3580a545016d,0,aptos
77e15f213b04,0,aptos
fa6f3d8bb1d5,0,aptos
70d0392397de,0,aptos
4d167ca69ea8,0,aptos
e68746d426b2,0,aptos
80e7cc0a0649,3,aptos
96ea316ed0ab,0,aptos
c373b73a80c8,0,aptos
ff4955e76894,0,aptos
18621b9ca978,0,aptos
1f3f32efaf20,0,aptos
4ffa38550c95,0,aptos
40dd4e6e4444,0,aptos
b5834ee64541,3,aptos
a3802934bad7,2,aptos
5bf6f2958e53,0,aptos
ae2e888905ba,0,aptos
7d8f67cadc29,2,aptos
7c2f820a6425,2,aptos
bb45257258cc,1,aptos
1a369baf9ee6,2,aptos
878a3a097436,2,aptos
812d5adafaf2,2,aptos
9033f1493da1,2,aptos
2fdfb80ea53c,0,aptos
71c1a3cdbe47,1,aptos
72606afaf3da,0,aptos
7adfb8fc0621,0,aptos
ea68b58a6e8f,0,aptos
e68bdd36e589,0,aptos
b2aaa81cc8f0,2,aptos
7d626a7ffe76,4,aptos
b73d0bcd3d33,0,aptos
f4e68b61f480,0,aptos
42b08dca9b2f,2,aptos
e2161692a0b4,2,aptos
e1900014dabf,3,aptos
071435a218ec,2,aptos
8ed586c43023,0,aptos
0c55d58bebaf,2,aptos
6ba5ed791444,2,aptos
6d10709053ae,0,aptos
374535e0adb8,4,aptos
ac5b5dddf91b,2,aptos
f72adcac5638,4,aptos
a7b03e58a6e1,0,aptos
1c9521878baf,3,aptos
cd93a472e5cd,4,aptos
6c6505a0c637,0,aptos
de57c9e9fa93,0,aptos
a08a0133754a,0,aptos
1db6bb46c102,0,aptos
d968a983d4d2,2,aptos
8e4a354e3da2,0,aptos
3128eb593012,2,aptos
c5a9ebef1517,3,aptos
1b4625877527,2,aptos
9ac2e3e9fca5,0,aptos
eadfc8809ec8,2,aptos
80feb1f7ca5e,2,aptos
5d024177e214,2,aptos
876deb29f000,0,aptos
09935d72892b,1,aptos
0a38b552372d,0,aptos
0a902c80d5da,0,aptos
1b495ac025b7,3,aptos
306c841af3fc,0,aptos
b99afe7137fb,4,aptos
f901d460517c,3,aptos
cab3dfa7962d,1,aptos
f0098e9d4aee,4,aptos
a1faeb4d5f10,0,aptos
a8854768549f,0,aptos
6d6fcf49e515,0,aptos
61ac9b0dc6b9,2,aptos
cbd0870aa933,4,aptos
578109578b46,1,aptos
45e4b7eada54,1,aptos
4818672273af,2,aptos
35ac70c0d08f,0,aptos
5777ef74c9ec,1,aptos
f583a722434c,2,aptos
26999ebc21de,2,aptos
bcb0498ed2c1,0,aptos
944a233fbf8e,1,aptos
a06e41bd2634,2,aptos
6f0463c1ff18,2,aptos
5ea9e447bb62,0,aptos
8bdb891661a8,2,aptos
89b044cbaf85,2,aptos
f3bb996b45ce,0,aptos
51af8a689511,0,aptos
9da74370835a,2,aptos
93421787f520,0,aptos
8e3b79e1f1f7,2,aptos
5cbe88914a72,0,aptos
fcc32dffd24d,0,aptos
5f6db235c04d,0,aptos
bb2f89488ecd,0,aptos
3e86335bc2fd,2,aptos
e2ec22b3d07e,0,aptos
27bab1432f61,2,aptos
c6d4e4a3bd4c,0,aptos
9837048b85dc,2,aptos
4276b82e4489,0,aptos
0212dd31f623,0,aptos
789c60cba801,0,aptos
07a1c7073982,1,aptos
d5c63a8d9e94,0,aptos
89fc080f7e83,2,aptos
a4d4b69f7404,3,aptos
ad12cde115ab,0,aptos
d141728fa392,2,aptos
093cf723fede,0,aptos
0babc12807b2,0,aptos
a1822dd8d05d,0,aptos
de50dfa745f8,2,aptos
bf7b4eae7ad0,0,aptos
8c0d05233238,3,aptos
9f1efb799b7b,2,aptos
571bbdbf585e,0,aptos
2b3a4a81d748,0,aptos
7b8c78b41c0d,2,aptos
2c2aa057afc5,2,aptos
6165081b9021,1,aptos
fa573163dd8b,0,aptos
22325552a4e3,1,aptos
af8aa32beee4,2,aptos
9bafbbd152d2,3,aptos
01d9477b1171,0,aptos
7f0ffeb0a333,0,aptos
762d6e5d5068,3,aptos
bde1063a5dd7,0,aptos
71f6a6e4620a,1,aptos
fb6b8200b7f8,1,aptos
5e5275ddee29,0,aptos
e3ec668f6fad,4,aptos
c6229222bf22,0,aptos
d866c26d76f0,0,aptos
b9bc81fcb075,0,aptos
4350a1b2f3cb,0,aptos
c21eb81de9fc,0,aptos
272d9c043c81,2,aptos
d18e5b68f6d2,2,aptos
2f2e1949ad56,1,aptos
03e25101e8e8,1,aptos
3b4a5fcbe5e0,4,aptos
44e951e45dca,2,aptos
38b9bb961847,1,aptos
283c3aeba594,0,aptos
ba735b286d62,4,aptos
0ae2dd2e09ea,0,aptos
9b7b6e4db1d5,2,aptos
01c7808d901d,2,aptos
3a643599f852,0,aptos
0180bfa26c0b,2,aptos
a8aed92940fb,0,aptos
684dd88a0d49,0,aptos
29192375ab1b,0,aptos
913490237ad4,3,aptos
4ce74e5eb51d,2,aptos
ad570b850a4f,2,aptos
6d0c0531083f,3,aptos
b310bd564329,3,aptos
c56e65f74187,1,aptos
369229040a34,0,aptos
dd3176bacfe2,0,aptos
a15652b22ab8,2,aptos
77b7b71ebcc3,0,aptos
55034b1dbff2,2,aptos
57f5ad4b5b29,0,aptos
5c817060c0ed,0,aptos
d8cdb7d7283a,2,aptos
ff344e5c9341,2,aptos
99ecdb41d5e7,1,aptos
65e530ee2e79,2,aptos
f9d52509c571,0,aptos
bba38f2294a3,4,aptos
42b9c1977681,0,aptos
0dc031c94225,1,aptos
1db18bdd43aa,2,aptos
26d60db3bbfd,0,aptos
50f5201fd18a,0,aptos
a7c10ca6c117,0,aptos
e7d2c2c3b30f,4,aptos
6dc07f968794,0,aptos
a1872f9c0cba,0,aptos
6180920bc224,0,aptos
aea59ebec445,3,aptos
a987aa7aac37,0,aptos
57ce57a8cfb0,2,aptos
3b0190bbe615,0,aptos
772af553b8b7,3,aptos
52886bed8a07,2,aptos
19ef4d292196,4,aptos
24de56d433cd,0,aptos
17d997fe1090,0,aptos
3e61703b5ab2,0,aptos
1efa5d443707,4,aptos
2a4520f1f9a3,0,aptos
66375b3c64db,4,aptos
97f290d31813,0,aptos
274f5029189b,1,aptos
384e6c915722,0,aptos
c67117c6ab3b,3,aptos
f09fd9433dff,0,aptos
8eb3337a54e9,2,aptos
c546670d9684,0,aptos
080ee76c958c,4,aptos
041f09eec1e8,2,aptos
894a37fc3738,0,aptos
e540d2e35d15,2,aptos
a247961a5cd9,0,aptos
81371b0c01ad,0,aptos
57760be09c03,2,aptos
4cfd22ae43d4,0,aptos
4cddfc22b0ad,0,aptos
c1e6fa1ad314,1,aptos
af3b0115aad1,3,aptos
916915f01e17,0,aptos
02dda30d3acf,4,aptos
5eb8fb1aad41,0,aptos
cbc2e57447c2,2,aptos
5d3c8c1f57da,0,aptos
0318598cfd16,4,aptos
f2c0b41acd05,0,aptos
237c078d00fc,3,aptos
d2901144070c,4,aptos
f8372e80f731,2,aptos
d02b79fc3200,0,aptos
f431f2e119d7,0,aptos
460893cd86e3,2,aptos
6c315ad3d07f,2,aptos
d659d7fd5ccf,4,aptos
331121c65e88,0,aptos
e663c6627a95,2,aptos
a8b3c0961d42,0,aptos
f64b6e85f1c9,0,aptos
510aa0a898fa,2,aptos
e4c799738a19,0,aptos
f002ce614c59,0,aptos
7435e9a3e36e,0,aptos
360832d84ce0,0,aptos
7a0cff4c24b2,2,aptos
189cbbc9e5e3,0,aptos
7dee6bf8b9c1,2,aptos
8f9819752ca0,0,aptos
1c0e5dd1b14c,2,aptos
3710ff45299c,0,aptos
1f4fb37e0854,0,aptos
e1418d28d668,2,aptos
8d4d14a4ab07,0,aptos
a528be013a04,0,aptos
be197b663520,0,aptos
b7aca95b97b9,0,aptos
35aa7f5c2ec0,1,aptos
71a39c660432,3,aptos
92f313287a29,2,aptos
98e8adcf085c,2,aptos
0afbeeef0ff7,0,aptos
247e98aba610,4,aptos
a02dfd67a925,0,aptos
523d0c2cb4d6,2,aptos
3428230bf1bd,2,aptos
5a5d3798c357,2,aptos
ca7570c5925c,2,aptos
4dd7b322f342,0,aptos
6377e23928f6,1,aptos
58c12863f33d,0,aptos
d39752cb6e57,0,aptos
026dcd9af143,2,aptos
eae70f527755,0,aptos
b13d72ceea26,2,aptos
383e72af1955,3,aptos
de2eb5c8aa83,0,aptos
b762c29cf2f3,2,aptos
71c22da3d6c6,0,aptos
01f7bb8be950,0,aptos
ababe19ed448,1,aptos
bf9cba745efc,2,aptos
9c5dd3612f0c,2,aptos
f4d3777f2710,2,aptos
fe3b0e50be78,0,aptos
cae33655ca00,0,aptos
8ead8f37423c,0,aptos
8650d32f4a9e,0,aptos
527bea76116c,2,aptos
668a319c2d23,0,aptos
bda91b76095b,0,aptos
a182b5b191de,4,aptos
83df53d58f28,0,aptos
4fa26d065ad3,1,aptos
1c3a6b4449e9,1,aptos
9a4f370d341b,2,aptos
9095d43fb132,0,aptos
b22354b5f94b,1,aptos
c64c0966b4cf,0,aptos
dec5595e6154,0,aptos
26e231747848,2,aptos
4294a14c656a,3,aptos
d9d2631f043c,0,aptos
172df1330a60,1,aptos
5cde55f745af,2,aptos
c5ad60521f8c,2,aptos
2fb3a8606a77,2,aptos
d9e58e4d8689,0,aptos
5995321563b7,0,aptos
c26f98f58350,0,aptos
e4210e7fe587,3,aptos
4c52922f3bfd,2,aptos
da9262d9f5d9,0,aptos
fc1b1841eadf,2,aptos
896ad584a841,0,aptos
a879c3569552,2,aptos
aa6673241154,4,aptos
61f403fdb434,4,aptos
03fd50da928d,2,aptos
4a589edaea60,0,aptos
b70e7c26f51e,0,aptos
44976c3b11a6,0,aptos
0e75d51152fc,2,aptos
da44f80b422b,2,aptos
4df6a81b476e,3,aptos
1594ca6c30d3,2,aptos
3cdef7c591cc,0,aptos
a8a6588c8eb7,0,aptos
a15590a7d774,2,aptos
cfdbaef73a8b,0,aptos
38c7153457e2,0,aptos
3c53198519f7,2,aptos
cb02bb47fdc5,0,aptos
582115961a3d,1,aptos
36041171f441,1,aptos
2a5a8b744f08,2,aptos
48c72dec46e5,2,aptos
f0267c42907c,0,aptos
905cc86bf100,4,aptos
248139c423c4,1,aptos
8e76054f0831,0,aptos
7ef5ff774a48,1,aptos
ff8a0b45c789,4,aptos
8f14bca04b47,0,aptos
83b61051737f,2,aptos
e39b627cf648,4,aptos
b0c9a492e068,0,aptos
79ce83c07588,1,aptos
a3ad6c2db6f1,1,aptos
677f087cd697,1,aptos
a015ce4f51ad,2,aptos
4e231670b48c,0,aptos
5eb311bcb5f9,2,aptos
b77b88926843,0,aptos
cf0824f53dd9,2,aptos
7aabd768abff,0,aptos
df9cb3729eb1,0,aptos
bcc762618e7d,2,aptos
bd269a1f0e4d,1,aptos
49d69c4c6290,2,aptos
08f8838d69bb,0,aptos
b3c0c3330278,2,aptos
0151781fe50b,0,aptos
77baa08a1345,2,aptos
d9c9b9786da3,0,aptos
a2b995b81692,0,aptos
1ab3f1c71a5f,3,aptos
49386d603494,1,aptos
1f07dae3cadb,2,aptos
c80f79579fed,2,aptos
b351ae99413a,0,aptos
873fe0404d6e,2,aptos
efff2f1a35f5,2,aptos
c6f5b5b5be41,0,aptos
d1a24527a15d,4,aptos
5ad3dabeb2cd,0,aptos
d3de0d313d61,1,aptos
c5ba9e455d5e,3,aptos
c8823cdaf7fa,2,aptos
7550966ef777,2,aptos
665ce639a331,1,aptos
0ce062f26edc,0,aptos
fc8fce67fbf8,0,aptos
38373431d996,0,aptos
2eba4279e503,0,aptos
0d0b8fc9ab5c,0,aptos
13ab8db8c700,1,aptos
4242c0d87f57,2,aptos
1541226c5d72,2,aptos
91cf56d3d1af,3,aptos
1608c82a263f,0,aptos
fca1a8738b8a,0,aptos
916ec976ff30,3,aptos
80ca40196225,3,aptos
49a4765f8822,2,aptos
060e00d1e2ab,0,aptos
2d552318eb07,2,aptos
d29096bd94aa,2,aptos
33d72035c27a,0,aptos
e7b5dd5bab1f,0,aptos
663a923d5398,2,aptos
2f8d14a7d390,0,aptos
08bef347f40d,0,aptos
94145d1f42cf,0,aptos
fd62bd0db4f1,1,aptos
a2ad3da4c7d6,2,aptos
d3be5346684b,2,aptos
b99c825b93c5,2,aptos
e9faf0296643,0,aptos
3ce2f8a77a32,0,aptos
0e0003ddd8df,0,aptos
e12b67835e03,2,aptos
67c03349bb31,2,aptos
4f5dd7660b17,0,aptos
757e39293591,0,aptos
33e7bf536fc5,0,aptos
a62e995f167c,0,aptos
7e4019ac7f5a,4,aptos
9d9bfefa809c,2,aptos
8433a032b96c,0,aptos
9e7a63b2fc6a,0,aptos
f62b8a076833,0,aptos
b94c58d063bf,1,aptos
222d0ac042b4,2,aptos
e037643244b7,4,aptos
a1b12fdce6c3,2,aptos
eb050765b323,0,aptos
6fe67482bfae,4,aptos
5347b4c8e9b3,1,aptos
c97472ef2c66,0,aptos
c85b79d70079,0,aptos
7fc3a8bb40de,0,aptos
beeca5f14618,0,aptos
3f5b4c2948e8,2,aptos
b95d4dd8e5e2,2,aptos
408ea9d5e082,4,aptos
8ffa608170d3,0,aptos
04a6fc58dabc,2,aptos
1ae3c58759fb,0,aptos
17e6116b89b3,0,aptos
addf66a50f42,0,aptos
73d40ce06a67,0,aptos
06024377d573,2,aptos
1c0cf251b426,1,aptos
215d2b7c3fde,0,aptos
bb783d8e496f,1,aptos
89b725411cee,2,aptos
4409965eb2a4,0,aptos
436e1793d240,2,aptos
4318b6adeb97,0,aptos
3aa2b1ce6700,2,aptos
7eeb191ad06b,0,aptos
7635921c5efb,0,aptos
b963a11638f2,0,aptos
ca7f5caddf96,2,aptos
8bc6716c2238,1,aptos
8dba09a4e5ed,2,aptos
6061f5b7378d,3,aptos
8d8aca52c07b,4,aptos
3ee17aa12e46,1,aptos
388279491b5d,0,aptos
4a1afe4044f4,0,aptos
3cd801ffdbf0,2,aptos
be521870a0ea,0,aptos
da8900ac7f29,2,aptos
d27ac9e54901,0,aptos
8aa3c4681542,0,aptos
a85cda5f725d,0,aptos
ba4e62c11cc0,0,aptos
fdc685055659,0,aptos
44a4d04162cc,0,aptos
fa0c87bd75ce,0,aptos
84a72e15b23c,1,aptos
b91ef82e723a,2,aptos
5445255635f0,0,aptos
82d364726a58,0,aptos
10ecc5292ab1,2,aptos
b98f77098b9d,2,aptos
435d900fa7b2,2,aptos
53f6c1c65c04,1,aptos
7ae69d22075a,1,aptos
e97ecf4355cb,0,aptos
a01024054596,1,aptos
26d9576e8043,0,aptos
f0800723bc63,2,aptos
3a1d3ce00f0c,2,aptos
20170408222000348,0,ddr
007-6634-400,4,ddr
007-6167-300,2,ddr
007-5665-300,2,ddr
20170421090335674,0,ddr
007-1610-000,0,ddr
007-5565-300,2,ddr
007-4369-200,2,ddr
20170208175254303,0,ddr
007-7482-601,0,ddr
007-3149-100,2,ddr
007-2180-100,0,ddr
20170515161313257,2,ddr
007-6086-300,2,ddr
007-6482-400,4,ddr
20170309170855442,0,ddr
20170427215222651,0,ddr
007-0212-000,0,ddr
20170413135413739,0,ddr
007-5093-300,2,ddr
20170328153647268,0,ddr
007-2620-100,2,ddr
20170222152227838,0,ddr
20170227234108022,0,ddr
20170430145041016,0,ddr
20170329140505128,0,ddr
007-5031-300,2,ddr
007-4397-200,2,ddr
007-4461-200,2,ddr
007-4409-200,2,ddr
20170429202459692,0,ddr
007-2372-100,2,ddr
20170413133417921,0,ddr
007-0710-000,0,ddr
007-7376-601,0,ddr
007-5408-300,2,ddr
007-5246-300,2,ddr
20170515124124226,2,ddr
20170329082547301,0,ddr
007-1727-000,0,ddr
007-0916-000,0,ddr
007-0981-000,0,ddr
20170327111337500,0,ddr
007-1388-000,0,ddr
20170430194330581,0,ddr
007-2256-100,0,ddr
007-0624-000,0,ddr
007-6207-300,2,ddr
007-5830-300,3,ddr
20170429205727730,0,ddr
20170411141555506,0,ddr
20170206181758712,0,ddr
20170328153751497,0,ddr
20170331095409627,0,ddr
20170120214751267,0,ddr
20170216143323349,0,ddr
20170408231141817,0,ddr
20170505143012060,2,ddr
20170418094314732,0,ddr
007-4404-200,2,ddr
007-1252-000,0,ddr
007-1535-000,0,ddr
007-1248-000,0,ddr
20170213091344083,0,ddr
007-5834-300,2,ddr
007-8391-603,0,ddr
20170215134305589,0,ddr
007-5874-300,2,ddr
20170224104412980,0,ddr
20170426083617275,0,ddr
007-1396-000,0,ddr
007-5198-300,2,ddr
20170429210712137,0,ddr
20170417155614368,0,ddr
007-5570-300,3,ddr
20170410144117670,0,ddr
007-3589-200,2,ddr
20170216090134393,0,ddr
20170415090308241,0,ddr
007-6698-400,4,ddr
20170618202047811,2,ddr
20170126115215453,0,ddr
20170429222336805,0,ddr
007-6778-400,4,ddr
20170429203902763,0,ddr
20170401143447280,0,ddr
007-2307-100,2,ddr
007-0853-000,0,ddr
007-5354-300,2,ddr
20170519180821875,2,ddr
007-0976-000,0,ddr
20170601083342050,2,ddr
007-5007-300,2,ddr
007-3410-200,2,ddr
20170512224117149,2,ddr
007-2956-100,2,ddr
20170214145510533,0,ddr
20170330153519213,0,ddr
007-0238-000,0,ddr
007-3300-200,2,ddr
007-0407-000,0,ddr
20170615145539585,1,ddr
007-3371-200,3,ddr
20170217095932475,0,ddr
007-6061-300,2,ddr
007-3667-200,2,ddr
20170226221006886,0,ddr
007-4355-200,2,ddr
20170324085147957,0,ddr
007-5044-300,2,ddr
007-2449-100,2,ddr
007-0989-000,0,ddr
20170324100528998,0,ddr
20170405133141232,0,ddr
007-3128-100,1,ddr
20170430204301874,0,ddr
007-4124-200,2,ddr
20170428091458070,0,ddr
007-6357-400,4,ddr
007-7049-400,4,ddr
20170112164139239,0,ddr
20170425114619614,0,ddr
20170605152611082,2,ddr
20170112165604167,0,ddr
20170427184014775,0,ddr
20170429224757696,0,ddr
20170226224620828,0,ddr
20170323110340307,0,ddr
007-6574-400,4,ddr
007-5236-300,2,ddr
007-2360-100,1,ddr
20170418144948571,0,ddr
20170413083558002,0,ddr
20170428140422781,0,ddr
007-0823-000,0,ddr
007-1945-100,0,ddr
007-1463-000,0,ddr
20170611090521276,2,ddr
007-5291-300,2,ddr
20170210121850656,0,ddr
20170324080703043,0,ddr
007-0050-000,0,ddr
007-5743-300,2,ddr
007-6828-400,4,ddr
007-0084-000,0,ddr
20170426091840642,0,ddr
007-3623-200,2,ddr
007-2189-100,0,ddr
007-6153-300,2,ddr
007-4358-200,2,ddr
007-0173-000,0,ddr
20170223151244647,0,ddr
007-1176-000,0,ddr
007-0600-000,0,ddr
20170425091743217,0,ddr
20170327134056100,0,ddr
20170222154002651,0,ddr
20170317221207437,0,ddr
20170429203732754,0,ddr
20170221145429884,0,ddr
20170419121209408,0,ddr
007-0561-000,0,ddr
20170418135726222,0,ddr
20170429215836124,0,ddr
007-0146-000,0,ddr
20170407222732099,0,ddr
20170519154024233,2,ddr
20170407230606423,0,ddr
20170227231625537,0,ddr
007-2186-100,1,ddr
20170331093914206,0,ddr
007-0123-000,0,ddr
007-7688-601,0,ddr
007-7675-601,0,ddr
007-5853-300,2,ddr
007-2590-100,2,ddr
007-0266-000,0,ddr
007-6299-400,4,ddr
007-0865-000,0,ddr
007-4657-200,2,ddr
007-7157-400,4,ddr
007-3500-200,2,ddr
20170405090038424,0,ddr
007-1789-100,2,ddr
007-5399-300,2,ddr
20170430194128267,0,ddr
20170518092605842,2,ddr
007-4766-200,2,ddr
007-0257-000,0,ddr
007-6320-400,4,ddr
20170430175859077,0,ddr
20170429221520080,0,ddr
20170514222515286,2,ddr
20170120154237310,0,ddr
007-7334-601,0,ddr
007-1492-000,0,ddr
007-4143-200,2,ddr
20170518150304317,2,ddr
007-1404-000,0,ddr
007-3049-100,2,ddr
20170429204914816,0,ddr
20170120222109781,0,ddr
007-5252-300,2,ddr
007-2987-100,0,ddr
007-3059-100,1,ddr
007-5187-300,2,ddr
007-2283-100,1,ddr
007-6700-400,4,ddr
007-1810-100,1,ddr
007-4326-200,2,ddr
007-4817-300,2,ddr
20170521011801513,0,ddr
007-1964-100,0,ddr
007-1977-100,1,ddr
20170411095647973,0,ddr
20170605163124228,2,ddr
20170626180309266,2,ddr
20170427095241916,0,ddr
20170407222627536,0,ddr
007-4013-200,2,ddr
007-3797-200,2,ddr
007-6584-400,4,ddr
20170429202713383,0,ddr
007-5034-300,2,ddr
007-3683-200,2,ddr
20170407200152768,0,ddr
007-0061-000,0,ddr
007-3813-200,3,ddr
007-6949-400,4,ddr
20170217172030131,0,ddr
007-4177-200,2,ddr
007-4405-200,3,ddr
007-7900-601,0,ddr
007-0354-000,2,ddr
007-3265-100,2,ddr
007-4621-200,2,ddr
007-2049-100,1,ddr
007-1899-100,2,ddr
20170429201751503,0,ddr
007-3346-200,2,ddr
007-0731-000,0,ddr
007-0885-000,0,ddr
007-0385-000,0,ddr
007-3734-200,2,ddr
20170407235353003,0,ddr
007-4690-200,2,ddr
007-6209-300,2,ddr
20170429200414078,0,ddr
20170407215805982,0,ddr
007-1446-000,0,ddr
007-0898-000,0,ddr
007-0681-000,0,ddr
007-1474-000,0,ddr
007-4487-200,2,ddr
007-8412-603,2,ddr
007-0767-000,0,ddr
007-3788-200,2,ddr
20170209165155852,0,ddr
20170207175645289,0,ddr
20170428130130326,0,ddr
007-0457-000,0,ddr
007-0396-000,0,ddr
007-2498-100,1,ddr
20170429215113781,0,ddr
20170429201027628,0,ddr
20170427090010016,0,ddr
007-0430-000,0,ddr
20170429212835329,0,ddr
007-5287-300,2,ddr
20170123093849026,0,ddr
007-5692-300,2,ddr
20170411095212766,0,ddr
007-3627-200,2,ddr
007-3901-200,2,ddr
007-4659-200,2,ddr
007-5771-300,2,ddr
20170424154139778,0,ddr
007-4374-200,2,ddr
007-2431-100,2,ddr
20170429214758300,0,ddr
007-5062-300,2,ddr
20170429202200317,0,ddr
007-6067-300,2,ddr
007-2408-100,2,ddr
007-1733-000,0,ddr
007-5273-300,2,ddr
20170430195329598,0,ddr
007-4343-200,2,ddr
20170428162225876,0,ddr
007-0367-000,0,ddr
20170430192421866,0,ddr
20170429210737859,0,ddr
007-1090-000,0,ddr
20170424154505873,0,ddr
007-0193-000,0,ddr
20170429212303368,0,ddr
007-2016-100,0,ddr
007-2381-100,1,ddr
20170430153125783,0,ddr
20170427191526349,0,ddr
007-4509-200,2,ddr
007-7369-601,0,ddr
007-2323-100,1,ddr
20170213165734780,0,ddr
20170430195631296,0,ddr
007-4570-200,2,ddr
20170612115247828,2,ddr
007-1002-000,0,ddr
007-5816-300,2,ddr
007-0905-000,0,ddr
007-2986-100,1,ddr
007-2115-100,2,ddr
20170323142918454,0,ddr
007-7947-601,2,ddr
007-0154-000,0,ddr
007-1825-100,1,ddr
007-3255-100,1,ddr
007-4421-200,2,ddr
007-4028-200,2,ddr
007-0417-000,0,ddr
007-1752-000,0,ddr
007-7669-601,0,ddr
007-4579-200,2,ddr
007-1701-000,0,ddr
20170323090415735,0,ddr
20170502081723288,2,ddr
007-5763-300,3,ddr
007-2357-100,1,ddr
007-0184-000,0,ddr
20170418195909380,0,ddr
007-4640-200,2,ddr
007-1280-000,0,ddr
20170428115908001,0,ddr
007-1596-000,0,ddr
007-0609-000,0,ddr
20170526155433935,2,ddr
007-2098-100,1,ddr
20170414155609250,0,ddr
20170524161955670,2,ddr
007-0387-000,0,ddr
007-0525-000,0,ddr
007-0303-000,0,ddr
20170424161116024,0,ddr
007-3340-200,2,ddr
20170208134713854,0,ddr
007-3694-200,2,ddr
007-4966-300,2,ddr
007-4550-200,2,ddr
20170214214211574,0,ddr
007-3190-100,2,ddr
007-6443-400,4,ddr
20170223114244398,0,ddr
007-4855-300,2,ddr
20170612142012308,2,ddr
007-4198-200,2,ddr
007-7103-400,4,ddr
007-1314-000,0,ddr
007-6652-400,4,ddr
007-6130-300,2,ddr
20170413133512678,0,ddr
007-2445-100,1,ddr
007-2451-100,1,ddr
007-3525-200,2,ddr
007-0175-000,0,ddr
20170430201806128,0,ddr
007-7424-601,2,ddr
007-6577-400,4,ddr
20170401095150739,0,ddr
007-2718-100,2,ddr
007-6158-300,2,ddr
007-2807-100,2,ddr
007-6465-400,4,ddr
007-2886-100,0,ddr
007-4955-300,2,ddr
20170429193522820,0,ddr
007-3978-200,2,ddr
20170430191609332,0,ddr
007-4849-300,2,ddr
007-3251-100,1,ddr
20170622084331077,2,ddr
20170430193353131,0,ddr
007-3282-200,2,ddr
007-4934-300,2,ddr
007-4796-300,2,ddr
20170330085148201,0,ddr
007-4269-200,2,ddr
007-2290-100,2,ddr
20170613152423477,2,ddr
007-3942-200,2,ddr
007-6360-400,4,ddr
20170418135117697,0,ddr
007-6872-400,4,ddr
007-2779-100,2,ddr
007-2483-100,2,ddr
20170606164132548,3,ddr
007-3577-200,2,ddr
007-4915-300,2,ddr
007-4942-300,2,ddr
20170427182528282,0,ddr
007-0751-000,0,ddr
20170329141621593,0,ddr
007-2818-100,2,ddr
007-1723-000,3,ddr
007-4647-200,2,ddr
007-6593-400,4,ddr
007-5882-300,2,ddr
007-0314-000,0,ddr
007-4726-200,2,ddr
007-0359-000,0,ddr
20170209164220825,0,ddr
007-2880-100,1,ddr
007-6686-400,4,ddr
20170429223630839,0,ddr
007-0688-000,0,ddr
007-3446-200,2,ddr
20170213081352167,0,ddr
007-3911-200,2,ddr
20170429205939678,0,ddr
007-3903-200,2,ddr
007-7214-400,4,ddr
20170614152351572,2,ddr
007-1880-100,2,ddr
007-5298-300,2,ddr
20170630161237123,2,ddr
007-1021-000,0,ddr
007-4057-200,3,ddr
007-4078-200,2,ddr
007-0211-000,0,ddr
007-4364-200,2,ddr
007-2894-100,2,ddr
007-0087-000,0,ddr
007-4038-200,2,ddr
20170430195829731,0,ddr
20170220140108640,0,ddr
20170329074906288,0,ddr
007-3135-100,2,ddr
20170420153059903,0,ddr
007-5687-300,3,ddr
007-5095-300,2,ddr
20170429204028596,0,ddr
20170427091903552,0,ddr
007-3041-100,1,ddr
007-3979-200,4,ddr
20170427181248592,0,ddr
007-6196-300,2,ddr
007-1347-000,0,ddr
007-4733-200,2,ddr
007-4230-200,2,ddr
007-2845-100,1,ddr
20170427182104559,0,ddr
20170428091637167,0,ddr
20170619192052705,2,ddr
20170329140824603,0,ddr
20170329095340255,0,ddr
007-2809-100,1,ddr
007-2895-100,2,ddr
20170324143921857,0,ddr
007-6599-400,4,ddr
007-6213-300,3,ddr
007-3106-100,2,ddr
007-1299-000,0,ddr
007-3324-200,2,ddr
007-0825-000,0,ddr
007-3040-100,1,ddr
20170508163653358,2,ddr
20170616173230875,2,ddr
20170214100028230,0,ddr
007-0418-000,0,ddr
20170227091840469,0,ddr
20170430191337526,0,ddr
007-2636-100,1,ddr
007-1311-000,0,ddr
007-6607-400,3,ddr
007-6334-400,4,ddr
20170427181227245,0,ddr
20170508102511803,2,ddr
007-3602-200,2,ddr
007-0066-000,0,ddr
007-3880-200,2,ddr
20170429213027948,0,ddr
007-6099-300,2,ddr
20170429213412314,0,ddr
007-0827-000,0,ddr
007-1055-000,0,ddr
20170327095113002,0,ddr
007-5644-300,2,ddr
007-0413-000,0,ddr
20170427185451261,0,ddr
007-3220-100,2,ddr
007-2722-100,1,ddr
20170327104333816,0,ddr
007-2243-100,2,ddr
20170509092532699,2,ddr
007-5918-300,2,ddr
007-6260-300,2,ddr
007-3611-200,2,ddr
20170504152807089,2,ddr
20170208152302138,0,ddr
20170228170540015,0,ddr
007-1151-000,0,ddr
007-6251-300,2,ddr
20170323095042818,0,ddr
007-5900-300,2,ddr
007-0483-000,0,ddr
007-8798-605,2,ddr
20170430195240385,0,ddr
20170106171110424,0,ddr
20170203162429942,0,ddr
007-3350-200,2,ddr
20170331110249296,0,ddr
007-5699-300,2,ddr
007-5015-300,2,ddr
20170120223336407,0,ddr
007-2642-100,2,ddr
007-5526-300,2,ddr
20170323081649844,0,ddr
007-5913-300,2,ddr
007-3812-200,2,ddr
20170429224326292,0,ddr
20170210121955624,0,ddr
007-4517-200,2,ddr
007-0776-000,0,ddr
20170525100049684,2,ddr
007-3419-200,2,ddr
20170215142210754,0,ddr
007-6628-400,4,ddr
007-2089-100,2,ddr
20170427183729491,0,ddr
007-3723-200,3,ddr
007-0658-000,0,ddr
007-4700-200,2,ddr
007-1235-000,0,ddr
20170120222702621,0,ddr
007-6025-300,2,ddr
007-1060-000,0,ddr
007-3616-200,2,ddr
007-1180-000,0,ddr
20170429201403506,0,ddr
007-5815-300,2,ddr
007-4303-200,2,ddr
20170512160521256,2,ddr
007-1237-000,0,ddr
007-2545-100,2,ddr
007-5752-300,2,ddr
007-0892-000,0,ddr
007-5477-300,3,ddr
007-2966-100,0,ddr
20170424110805162,0,ddr
007-2241-100,1,ddr
20170430195124766,0,ddr
007-4154-200,3,ddr
20170120223019825,0,ddr
20170204102600357,0,ddr
007-2239-100,2,ddr
007-4948-300,2,ddr
20170329134945032,0,ddr
007-2278-100,2,ddr
20170504235109239,2,ddr
007-5943-300,2,ddr
007-2791-100,2,ddr
20170427183048684,0,ddr
007-3626-200,2,ddr
007-2912-100,2,ddr
007-7248-400,4,ddr
007-6631-400,4,ddr
007-2109-100,1,ddr
20170217102353762,0,ddr
007-4375-200,2,ddr
007-5245-300,2,ddr
20170428091724893,0,ddr
20170406195436349,0,ddr
20170427190949954,0,ddr
20170224160348398,0,ddr
20170413114556386,0,ddr
007-5510-300,2,ddr
007-7581-601,4,ddr
20170412085130247,0,ddr
007-6943-400,4,ddr
007-2223-100,0,ddr
007-0661-000,0,ddr
20170120215036395,0,ddr
20170322172551935,0,ddr
007-2764-100,1,ddr
20170524090124948,2,ddr
20170413113710974,0,ddr
20170328091227668,0,ddr
007-1699-000,0,ddr
007-1168-000,0,ddr
007-4311-200,2,ddr
007-1276-000,0,ddr
007-4101-200,2,ddr
007-2149-100,2,ddr
007-4180-200,0,ddr
20170412102256852,0,ddr
20170407234957611,0,ddr
20161111142956603,0,ddr
007-7572-601,0,ddr
20170323152656323,0,ddr
20170407235654486,0,ddr
007-5129-300,2,ddr
20170221162521538,0,ddr
007-3724-200,2,ddr
007-4150-200,2,ddr
20170427182524137,0,ddr
20170524140637130,2,ddr
007-5038-300,2,ddr
007-6300-400,4,ddr
20170408211509455,0,ddr
20170405114257871,0,ddr
20170328150218913,0,ddr
20170327140718220,0,ddr
007-6885-400,4,ddr
007-3362-200,2,ddr
20170414102752964,0,ddr
20170408224204870,0,ddr
007-1290-000,0,ddr
007-5694-300,2,ddr
20170215103258027,0,ddr
20170226215154468,0,ddr
20170428090531730,0,ddr
007-7959-601,0,ddr
007-7546-601,2,ddr
007-3266-100,2,ddr
20170425160445127,0,ddr
007-2144-100,0,ddr
20170430192959163,0,ddr
007-3685-200,2,ddr
007-0999-000,0,ddr
007-6937-400,4,ddr
007-2004-100,2,ddr
007-4259-200,2,ddr
20170504113211152,2,ddr
20170331094615661,0,ddr
20170429204124258,0,ddr
20170616130013868,2,ddr
20170213165917903,0,ddr
20170327160654598,0,ddr
007-5564-300,2,ddr
007-7026-400,4,ddr
007-0643-000,0,ddr
007-7125-400,4,ddr
007-3806-200,2,ddr
20170430200643256,0,ddr
20170324091959765,0,ddr
007-3970-200,2,ddr
20170323141155955,0,ddr
007-5870-300,2,ddr
007-6366-400,4,ddr
20170120221605529,0,ddr
007-3983-200,2,ddr
007-1527-000,0,ddr
20170628084907615,2,ddr
20170430201203478,0,ddr
20170327170922593,0,ddr
007-2188-100,1,ddr
20170227225502933,0,ddr
007-8312-602,2,ddr
007-5420-300,2,ddr
007-3328-200,2,ddr
20170427181653025,0,ddr
007-5455-300,2,ddr
20170221161526000,0,ddr
007-1782-100,2,ddr
20170327082612907,0,ddr
20170429200817412,0,ddr
20170429210404360,0,ddr
007-3325-200,2,ddr
007-2073-100,0,ddr
20170413085623125,0,ddr
007-4262-200,2,ddr
007-5791-300,2,ddr
20170406101723985,0,ddr
20170324083758293,0,ddr
007-7328-601,0,ddr
007-5023-300,2,ddr
20170327140819321,0,ddr
007-4145-200,2,ddr
20170328095524113,0,ddr
007-0733-000,0,ddr
007-5419-300,2,ddr
20170405083433546,0,ddr
20170324140135441,0,ddr
007-0557-000,0,ddr
007-5371-300,2,ddr
007-0934-000,0,ddr
007-5801-300,2,ddr
007-5991-300,2,ddr
007-3922-200,2,ddr
007-4798-300,2,ddr
007-4780-200,2,ddr
20170628114446629,2,ddr
007-6046-300,2,ddr
20170612233612380,2,ddr
20170627081627610,2,ddr
007-4410-200,2,ddr
20170331152754549,0,ddr
007-0548-000,0,ddr
20170226215522575,0,ddr
007-0957-000,0,ddr
007-2015-100,1,ddr
007-0703-000,0,ddr
20170324080421980,0,ddr
20170120222210531,0,ddr
20170214144743190,0,ddr
007-4506-200,2,ddr
20170407092042980,0,ddr
007-0098-000,0,ddr
20170408212826147,0,ddr
20170515195806593,3,ddr
20170213154311956,0,ddr
007-1757-100,1,ddr
007-0456-000,0,ddr
20170429213426833,0,ddr
007-3156-100,2,ddr
20170224111208087,0,ddr
20170427204349781,0,ddr
007-5276-300,2,ddr
007-2293-100,1,ddr
20170329082301186,0,ddr
20170426134639089,0,ddr
007-5728-300,2,ddr
20170220100439903,0,ddr
20170120215044106,0,ddr
007-6024-300,2,ddr
007-4353-200,2,ddr
20170612094201671,2,ddr
20170512230427333,2,ddr
007-0713-000,1,ddr
007-0324-000,0,ddr
20170327140646337,0,ddr
007-2661-100,2,ddr
007-1512-000,0,ddr
20170324082251139,0,ddr
20170323103303961,0,ddr
20170429231316160,0,ddr
20170521005524099,2,ddr
20170226205347603,0,ddr
20170428091733252,0,ddr
20170411115343714,0,ddr
007-4912-300,2,ddr
007-5063-300,2,ddr
007-0665-000,0,ddr
20170615143207262,2,ddr
007-5621-300,2,ddr
20170407155503268,0,ddr
007-4501-200,2,ddr
007-7527-601,2,ddr
20170426082440236,0,ddr
20170625202046477,1,ddr
007-6836-400,4,ddr
007-0627-000,0,ddr
20170505113156680,2,ddr
007-1656-000,0,ddr
20170213143235311,0,ddr
007-3184-100,1,ddr
20170221150754290,0,ddr
007-6232-300,2,ddr
20170618220930445,2,ddr
007-6146-300,2,ddr
007-6476-400,4,ddr
20170428153045005,0,ddr
007-7174-400,4,ddr
007-4834-300,2,ddr
007-3281-200,2,ddr
20170330153329311,0,ddr
007-4797-300,2,ddr
007-5487-300,2,ddr
007-3073-100,2,ddr
20170208145455755,0,ddr
007-4628-200,2,ddr
007-1874-100,0,ddr
007-7139-400,4,ddr
20170427142918006,0,ddr
007-4546-200,2,ddr
20170228155835468,0,ddr
007-5186-300,3,ddr
20170414152453618,0,ddr
007-1478-000,0,ddr
007-5264-300,2,ddr
20170401092855939,0,ddr
007-2338-100,1,ddr
20170427091715561,0,ddr
20170429215147601,0,ddr
007-4274-200,2,ddr
20170220091737255,0,ddr
20170328081016390,0,ddr
20170518093625661,2,ddr
007-3965-200,2,ddr
007-5573-300,3,ddr
20170627103155245,3,ddr
007-6988-400,4,ddr
007-2869-100,2,ddr
007-8010-601,2,ddr
007-4237-200,2,ddr
007-7191-400,4,ddr
20170601164355691,2,ddr
20170512113633462,2,ddr
007-0856-000,0,ddr
007-0467-000,0,ddr
20170213170102397,0,ddr
007-7573-601,2,ddr
007-6479-400,4,ddr
007-3002-100,2,ddr
20170328081827114,0,ddr
007-3122-100,4,ddr
007-0462-000,0,ddr
20170412203741013,0,ddr
20170327083655755,0,ddr
20170419080503535,0,ddr
007-0048-000,0,ddr
007-1119-000,0,ddr
20170509080348495,2,ddr
20170427185752535,0,ddr
20170430193938725,0,ddr
20170209165032574,0,ddr
007-2358-100,0,ddr
20170405090223906,0,ddr
20170429212956304,0,ddr
007-5656-300,2,ddr
20170228232209939,0,ddr
20170331110254863,0,ddr
007-6406-400,4,ddr
007-4837-300,2,ddr
007-1839-100,2,ddr
20170518162231306,2,ddr
007-7241-400,4,ddr
007-6783-400,4,ddr
007-5115-300,3,ddr
20170323103305543,0,ddr
20170428082715586,0,ddr
20170223114249989,0,ddr
007-3225-100,1,ddr
007-2128-100,1,ddr
20170221143958712,0,ddr
20170429222924732,0,ddr
007-3550-200,2,ddr
007-2996-100,0,ddr
20170429202112078,0,ddr
007-3258-100,2,ddr
20170430191250032,0,ddr
007-0664-000,1,ddr
20170214145306157,0,ddr
20170518104749112,2,ddr
007-3924-200,2,ddr
007-5295-300,2,ddr
007-4913-300,2,ddr
20170420184440359,0,ddr
007-3442-200,2,ddr
20170410142337982,0,ddr
007-2011-100,1,ddr
007-2893-100,2,ddr
007-5759-300,2,ddr
20170419205020873,0,ddr
007-2103-100,1,ddr
20170606164136295,3,ddr
007-7870-601,2,ddr
007-4071-200,2,ddr
007-2781-100,1,ddr
007-1155-000,0,ddr
007-5802-300,2,ddr
007-3222-100,0,ddr
007-3849-200,2,ddr
20170327140449047,0,ddr
007-1634-000,0,ddr
007-6298-400,4,ddr
20170614105125658,2,ddr
20170429230556168,0,ddr
007-2901-100,2,ddr
20170429222553825,0,ddr
007-6332-400,4,ddr
007-0854-000,0,ddr
20170430200924139,0,ddr
007-8259-602,2,ddr
20170405093750535,0,ddr
20170213115422058,0,ddr
007-4631-200,2,ddr
007-0250-000,0,ddr
007-1127-000,0,ddr
007-5004-300,2,ddr
007-6798-400,4,ddr
20170524091341142,2,ddr
20170429220723517,0,ddr
007-5381-300,2,ddr
007-6065-300,2,ddr
20170408211306958,0,ddr
007-6829-400,4,ddr
20170329080832977,0,ddr
20170608143417670,2,ddr
20170406165104839,0,ddr
007-0488-000,0,ddr
007-2020-100,2,ddr
20170408225549028,0,ddr
007-3881-200,2,ddr
20170120222217788,0,ddr
20170427085243758,0,ddr
007-3646-200,2,ddr
20170601164357337,2,ddr
20170427180440101,0,ddr
20170226223624346,0,ddr
007-1700-000,0,ddr
20170219165829586,0,ddr
007-4054-200,2,ddr
007-0389-000,0,ddr
20170411141527445,0,ddr
007-3862-200,2,ddr
20170323095950738,0,ddr
007-1525-000,0,ddr
007-0996-000,0,ddr
007-6033-300,2,ddr
007-3729-200,2,ddr
007-7169-400,4,ddr
007-2621-100,1,ddr
007-5082-300,2,ddr
20170427085924556,0,ddr
20170324110307341,0,ddr
007-3650-200,2,ddr
20170614092235283,2,ddr
20170415085333873,0,ddr
007-1124-000,0,ddr
20170221110203732,0,ddr
007-1616-000,0,ddr
007-5183-300,2,ddr
007-5098-300,2,ddr
20170327100623481,0,ddr
20170427094003039,0,ddr
20170210121352215,0,ddr
007-1893-100,1,ddr
20170329083802588,0,ddr
007-2113-100,2,ddr
007-6455-400,4,ddr
20170430191111763,0,ddr
007-3306-200,2,ddr
007-5561-300,2,ddr
007-7154-400,4,ddr
20170226234856632,0,ddr
20170424170506066,0,ddr
007-3643-200,2,ddr
007-3204-100,2,ddr
007-4783-200,2,ddr
007-3010-100,2,ddr
20170605152650869,2,ddr
20170605171348909,2,ddr
007-8609-605,2,ddr
007-2251-100,0,ddr
20170214213145253,0,ddr
007-1695-000,0,ddr
007-6220-300,2,ddr
20170324083212839,0,ddr
007-0551-000,0,ddr
007-1540-000,0,ddr
007-5390-300,2,ddr
007-5086-300,2,ddr
20170327132740881,0,ddr
007-6838-400,4,ddr
20170324094647604,0,ddr
007-7840-601,0,ddr
20170217091113756,0,ddr
007-2301-100,2,ddr
007-1159-000,0,ddr
007-4347-200,2,ddr
007-3845-200,2,ddr
20170427181700229,0,ddr
007-2364-100,1,ddr
20170223090156273,0,ddr
20170427100457813,0,ddr
20170227103129077,0,ddr
007-6177-300,2,ddr
007-6001-300,2,ddr
007-5156-300,2,ddr
007-3949-200,2,ddr
20170227160255086,0,ddr
007-1066-000,0,ddr
007-1717-000,0,ddr
20170414160456704,0,ddr
007-5560-300,2,ddr
20170525085947099,2,ddr
007-2903-100,0,ddr
20170425083714320,0,ddr
20170429214629036,0,ddr
20170629112619572,2,ddr
007-0339-000,0,ddr
20170327111244402,0,ddr
007-5045-300,2,ddr
007-3248-100,1,ddr
007-7178-400,4,ddr
007-4652-200,2,ddr
20170504113211634,2,ddr
007-6329-400,4,ddr
20170226232202652,0,ddr
007-1312-000,0,ddr
007-4739-200,2,ddr
20170221145200535,0,ddr
007-6458-400,4,ddr
007-6225-300,2,ddr
20170330080415884,0,ddr
20170629093242315,2,ddr
20170626161030908,2,ddr
007-2884-100,1,ddr
007-8369-603,2,ddr
20170330080003070,0,ddr
007-1152-000,0,ddr
20170206144540782,0,ddr
007-3315-200,2,ddr
007-2792-100,2,ddr
007-3846-200,2,ddr
007-4371-200,2,ddr
007-6027-300,2,ddr
007-3316-200,2,ddr
007-6793-400,4,ddr
20170524111453035,2,ddr
20170509090228769,2,ddr
20170327075631732,0,ddr
20170419162922607,0,ddr
20170511160523116,2,ddr
007-0458-000,0,ddr
20170426092544308,0,ddr
007-3719-200,2,ddr
007-2892-100,1,ddr
20170608165114512,2,ddr
20170429213305891,0,ddr
20170518104749319,2,ddr
20170615114500999,1,ddr
20170410093004711,0,ddr
007-7503-601,0,ddr
007-1287-000,0,ddr
20170330140118618,0,ddr
20170429205302250,0,ddr
20170331085032737,0,ddr
20170330120141655,0,ddr
007-5532-300,2,ddr
007-0619-000,0,ddr
007-0326-000,0,ddr
20170417174055760,0,ddr
007-3186-100,2,ddr
20170628175832531,2,ddr
007-3974-200,2,ddr
007-0072-000,0,ddr
007-2576-100,2,ddr
007-4994-300,2,ddr
20170429203915028,0,ddr
007-4857-300,2,ddr
20170407231758743,0,ddr
007-6814-400,4,ddr
007-0764-000,0,ddr
007-1118-000,0,ddr
007-3327-200,2,ddr
007-4671-200,2,ddr
20170404144935990,0,ddr
007-6042-300,2,ddr
007-6112-300,2,ddr
20170506145800094,2,ddr
007-3474-200,2,ddr
20170429195456441,0,ddr
007-2259-100,1,ddr
20170429224744829,0,ddr
007-2253-100,2,ddr
007-0676-000,0,ddr
007-3904-200,2,ddr
007-1138-000,0,ddr
007-6637-400,4,ddr
007-4972-300,2,ddr
20170213094713916,0,ddr
20170324075158165,0,ddr
20170120215503859,0,ddr
20170413091535584,0,ddr
20170323130911479,0,ddr
007-0433-000,0,ddr
20170427191045918,0,ddr
007-3679-200,2,ddr
20170627195804056,2,ddr
20170428110413053,0,ddr
20170429220412774,0,ddr
007-1008-000,0,ddr
20170429225721436,0,ddr
007-7598-601,0,ddr
007-4368-200,2,ddr
20170411114351412,0,ddr
20170418095851939,0,ddr
20170617204317559,2,ddr
20170429231600565,0,ddr
007-5871-300,2,ddr
20170401085536898,0,ddr
007-5088-300,2,ddr
007-6653-400,4,ddr
20170424170818796,0,ddr
20170425101622817,0,ddr
007-3470-200,2,ddr
007-7575-601,0,ddr
20170227234712975,0,ddr
20170429210854778,0,ddr
20170429220311454,0,ddr
007-4793-300,2,ddr
007-0873-000,0,ddr
007-3932-200,0,ddr
20170626161028160,2,ddr
007-6615-400,4,ddr
007-5222-300,2,ddr
20170210165822208,0,ddr
007-0323-000,0,ddr
20170215164933601,0,ddr
20170618221203188,2,ddr
007-6712-400,4,ddr
20170227170240597,0,ddr
20170428100842515,0,ddr
007-4359-200,3,ddr
007-3145-100,2,ddr
007-2877-100,1,ddr
20170409200955120,0,ddr
20170221162251875,0,ddr
007-4724-200,2,ddr
007-2485-100,1,ddr
007-3417-200,2,ddr
007-3655-200,2,ddr
20170411154151017,0,ddr
20170224153515947,0,ddr
007-5698-300,3,ddr
007-7420-601,0,ddr
007-5112-300,2,ddr
20170413162943058,0,ddr
20170627105150563,2,ddr
20170420141209265,0,ddr
007-3876-200,2,ddr
007-0345-000,0,ddr
20170412174014430,0,ddr
007-3272-100,1,ddr
007-6359-400,4,ddr
007-0459-000,0,ddr
007-4902-300,2,ddr
007-4422-200,2,ddr
007-7958-601,2,ddr
007-0843-000,0,ddr
007-3061-100,1,ddr
007-4175-200,2,ddr
20170407152351618,0,ddr
20170330095646213,0,ddr
20170329084151044,0,ddr
007-7875-601,0,ddr
007-2276-100,2,ddr
20170120214743891,0,ddr
20170327081937492,0,ddr
007-6966-400,4,ddr
007-0181-000,0,ddr
007-4939-300,2,ddr
007-0927-000,0,ddr
007-2553-100,1,ddr
007-3218-100,0,ddr
20170408231134712,0,ddr
007-5670-300,2,ddr
20170227230601700,0,ddr
007-6739-400,2,ddr
20170418092035419,0,ddr
007-6285-400,4,ddr
20170429213135202,0,ddr
007-4607-200,2,ddr
20170430195507023,0,ddr
007-0046-000,0,ddr
007-0963-000,0,ddr
007-6736-400,4,ddr
007-5982-300,2,ddr
007-4340-200,2,ddr
007-0793-000,0,ddr
20170522091729801,2,ddr
007-6908-400,4,ddr
20170622165648529,2,ddr
007-5588-300,2,ddr
20170427191132650,0,ddr
20170329081514631,0,ddr
20170427093625070,0,ddr
20170221103944179,0,ddr
007-2221-100,1,ddr
20170428100838780,0,ddr
20170429201133633,0,ddr
007-4233-200,2,ddr
20170430190812305,0,ddr
007-0711-000,0,ddr
20170430145542429,0,ddr
007-0329-000,0,ddr
20170429211253093,0,ddr
007-5862-300,2,ddr
20170411104853158,0,ddr
007-3972-200,2,ddr
20170419160343303,0,ddr
007-7253-400,4,ddr
20170224214241885,0,ddr
007-2887-100,2,ddr
007-1730-000,0,ddr
20170517104426637,2,ddr
20170217110404453,0,ddr
20170412085139692,0,ddr
20170503083257799,2,ddr
007-1308-000,0,ddr
007-0990-000,0,ddr
20170509100155767,2,ddr
20170526155744277,2,ddr
20170607082814304,2,ddr
20170204145939405,0,ddr
007-4373-200,2,ddr
20170502160448258,2,ddr
007-1084-000,0,ddr
007-0168-000,0,ddr
007-3834-200,2,ddr
20170427180950244,0,ddr
20170428153658816,0,ddr
20170324090524051,0,ddr
007-7233-400,4,ddr
007-0564-000,0,ddr
20170220091917601,0,ddr
007-0118-000,0,ddr
007-1341-000,0,ddr
20170429220029305,0,ddr
20170130111337516,0,ddr
007-5336-300,2,ddr
007-5549-300,2,ddr
20170130111412979,0,ddr
007-4318-200,2,ddr
20170429212437072,0,ddr
20170408232758270,0,ddr
20170329082548692,0,ddr
007-0737-000,0,ddr
20170412105203855,0,ddr
007-2562-100,2,ddr
007-7255-400,4,ddr
20170430191007590,0,ddr
007-3239-100,1,ddr
007-0171-000,0,ddr
20170329143137553,0,ddr
20170221160520948,0,ddr
20170515204056119,2,ddr
007-5434-300,2,ddr
007-8674-605,0,ddr
007-0214-000,0,ddr
007-3568-200,2,ddr
007-2607-100,1,ddr
20170428095433963,0,ddr
007-1949-100,1,ddr
007-3692-200,2,ddr
20170323095138379,0,ddr
007-6605-400,4,ddr
007-3064-100,1,ddr
007-4298-200,2,ddr
20170626162141277,2,ddr
007-6621-400,4,ddr
007-3212-100,1,ddr
007-6344-400,4,ddr
20170407221302501,0,ddr
007-2229-100,2,ddr
20170225200559289,0,ddr
007-1984-100,2,ddr
007-7171-400,4,ddr
20170407222424552,0,ddr
007-8538-604,0,ddr
007-2340-100,2,ddr
007-0790-000,0,ddr
20170421184607886,0,ddr
007-0740-000,0,ddr
007-4278-200,2,ddr
007-7177-400,4,ddr
007-1471-000,0,ddr
20170324103452611,0,ddr
007-4413-200,2,ddr
007-6666-400,4,ddr
20170224181228718,0,ddr
20170203163421024,0,ddr
007-3013-100,2,ddr
007-5025-300,2,ddr
20170330165025106,0,ddr
007-1483-000,0,ddr
007-4052-200,2,ddr
007-3772-200,2,ddr
007-3115-100,0,ddr
007-5705-300,2,ddr
007-6035-300,2,ddr
20170224211818306,0,ddr
007-5450-300,2,ddr
007-6161-300,2,ddr
007-6235-300,2,ddr
007-1032-000,0,ddr
007-0851-000,2,ddr
007-6900-400,4,ddr
20170213091846694,0,ddr
007-6805-400,4,ddr
20170223103956938,0,ddr
007-3276-100,1,ddr
007-5704-300,2,ddr
007-4313-200,2,ddr
007-7135-400,4,ddr
007-8240-602,0,ddr
20170329140648564,0,ddr
20170625205421758,2,ddr
20170628104216955,2,ddr
20170221143913822,0,ddr
20170223145726061,0,ddr
20170429224415970,0,ddr
007-0100-000,0,ddr
20170419160330690,0,ddr
007-4634-200,2,ddr
007-3549-200,2,ddr
20170408212307947,0,ddr
20170430195236495,0,ddr
007-3668-200,2,ddr
20170612114622857,2,ddr
20170324092623566,0,ddr
007-1569-000,0,ddr
20170626093610343,2,ddr
007-0899-000,0,ddr
007-7579-601,0,ddr
20170324144304719,0,ddr
007-2294-100,2,ddr
20170427190812183,0,ddr
20170328101706536,0,ddr
007-4159-200,2,ddr
007-3644-200,2,ddr
20170417105754370,0,ddr
007-5395-300,2,ddr
20170330095646694,0,ddr
20170324074957283,0,ddr
20170405091133595,0,ddr
007-4983-300,2,ddr
20170609091623855,2,ddr
007-4664-200,2,ddr
007-1366-000,0,ddr
20170620091659974,2,ddr
20170407111631420,0,ddr
007-3147-100,2,ddr
007-5172-300,3,ddr
007-1123-000,0,ddr
007-6914-400,4,ddr
007-1070-000,0,ddr
007-0421-000,0,ddr
20170418135348596,0,ddr
20170216154926247,0,ddr
20170503090306902,2,ddr
007-4494-200,2,ddr
007-2300-100,1,ddr
007-5513-300,2,ddr
007-4871-300,2,ddr
007-0281-000,0,ddr
007-2756-100,1,ddr
007-2130-100,0,ddr
20170408220639838,0,ddr
007-1572-000,0,ddr
20170427181844425,0,ddr
20170428162159300,0,ddr
20170327103406775,0,ddr
007-4925-300,2,ddr
007-0848-000,2,ddr
20170521093200024,2,ddr
20170327164504431,0,ddr
007-5612-300,2,ddr
007-6224-300,2,ddr
20170615110902621,2,ddr
007-6990-400,4,ddr
20170429213736649,0,ddr
20170429213158465,0,ddr
20170223171923045,0,ddr
007-4609-200,2,ddr
20170608153659715,2,ddr
20170427182751050,0,ddr
20170427090150185,0,ddr
20170417140954732,0,ddr
007-1892-100,0,ddr
20170427195508307,0,ddr
20170427185706409,0,ddr
20170621140621348,2,ddr
20170327101529137,0,ddr
20170427085624123,0,ddr
20170429222540020,0,ddr
007-0769-000,0,ddr
20170429213720222,0,ddr
007-6665-400,4,ddr
007-2409-100,1,ddr
007-4115-200,2,ddr
20170424165808876,0,ddr
007-2609-100,2,ddr
007-4019-200,2,ddr
007-6395-400,4,ddr
20170408075831962,0,ddr
007-3620-200,2,ddr
007-1818-100,2,ddr
20170517171512703,3,ddr
007-2963-100,1,ddr
007-7324-601,0,ddr
20170221161639113,0,ddr
007-1524-000,0,ddr
007-3633-200,2,ddr
007-3183-100,2,ddr
007-3223-100,0,ddr
007-3953-200,2,ddr
20170413112758639,0,ddr
007-5817-300,2,ddr
007-7183-400,4,ddr
007-0361-000,0,ddr
007-5001-300,2,ddr
007-2881-100,2,ddr
20170430193710265,0,ddr
20170410142337498,0,ddr
007-1254-000,0,ddr
20170428082500827,0,ddr
007-4648-200,2,ddr
007-3545-200,2,ddr
007-2793-100,2,ddr
007-4669-200,2,ddr
007-4120-200,2,ddr
007-3794-200,2,ddr
007-0800-000,0,ddr
007-5224-300,2,ddr
007-3775-200,2,ddr
20170329093954690,0,ddr
20170329141551261,0,ddr
20170609091703811,2,ddr
007-6846-400,4,ddr
007-3980-200,2,ddr
007-3994-200,2,ddr
20170427185641134,0,ddr
20170410151420397,0,ddr
20170430193405847,0,ddr
20170429204548636,0,ddr
007-1983-100,1,ddr
20170331082621105,0,ddr
007-5014-300,2,ddr
20170223113539002,0,ddr
007-0143-000,0,ddr
007-4976-300,2,ddr
20170414125150432,0,ddr
007-2475-100,1,ddr
007-1707-000,0,ddr
007-0907-000,1,ddr
20170429212410445,0,ddr
007-7477-601,2,ddr
20170428161950347,0,ddr
007-3771-200,3,ddr
20170617210958623,2,ddr
007-2021-100,2,ddr
007-0965-000,0,ddr
20170430201242535,0,ddr
20170221103220111,0,ddr
20170211092159114,0,ddr
007-2461-100,1,ddr
20170207174505090,0,ddr
20170430202143461,0,ddr
007-3044-100,1,ddr
20170429225620953,0,ddr
007-0032-000,0,ddr
20170630124252705,2,ddr
20170627174255795,1,ddr
20170427093238699,0,ddr
007-5387-300,2,ddr
20170410144112680,0,ddr
007-4715-200,2,ddr
007-3708-200,2,ddr
007-6979-400,4,ddr
20170409201932991,0,ddr
007-2390-100,2,ddr
007-0251-000,0,ddr
007-3750-200,2,ddr
007-4795-300,2,ddr
007-8752-605,0,ddr
007-2042-100,2,ddr
007-2194-100,0,ddr
20170430195620250,0,ddr
007-6193-300,2,ddr
20170429200507142,0,ddr
20170626174943225,2,ddr
007-0894-000,0,ddr
20170424153610938,0,ddr
007-4896-300,3,ddr
007-3891-200,2,ddr
007-4881-300,2,ddr
007-6800-400,4,ddr
007-6735-400,4,ddr
20170406115405680,0,ddr
007-0614-000,0,ddr
20170412112936704,0,ddr
20170524092705845,2,ddr
007-5210-300,2,ddr
007-0903-000,0,ddr
20170429204451100,0,ddr
007-5197-300,2,ddr
007-2273-100,1,ddr
20170420095437998,0,ddr
007-6369-400,4,ddr
20170602085458708,3,ddr
20170430195742603,0,ddr
007-6708-400,4,ddr
007-6671-400,4,ddr
007-0043-000,0,ddr
007-0535-000,0,ddr
007-6662-400,4,ddr
007-3405-200,2,ddr
007-2725-100,1,ddr
007-5667-300,2,ddr
007-1508-000,0,ddr
007-0880-000,0,ddr
20170327112956651,0,ddr
20170209134010911,0,ddr
007-5899-300,2,ddr
007-0518-000,0,ddr
20170618204640005,2,ddr
20170622165441318,2,ddr
20170429225842980,0,ddr
20170602120015765,2,ddr
007-2676-100,2,ddr
007-7719-601,0,ddr
20170224144631192,0,ddr
007-2565-100,2,ddr
007-1537-000,0,ddr
007-2426-100,2,ddr
20170120223806266,0,ddr
007-7911-601,2,ddr
007-2805-100,1,ddr
007-3476-200,2,ddr
007-6073-300,2,ddr
20170524084048326,2,ddr
20170414145958537,0,ddr
20170405090748710,0,ddr
20170224211820615,0,ddr
20170326095737386,0,ddr
20170428085040906,0,ddr
007-3956-200,2,ddr
007-3136-100,2,ddr
20170613195835309,2,ddr
20170426084805235,0,ddr
007-2174-100,2,ddr
007-3489-200,4,ddr
20170228230102688,0,ddr
007-5322-300,2,ddr
007-3494-200,2,ddr
007-1236-000,0,ddr
20170522090404675,2,ddr
20170629093404959,2,ddr
20170417095129728,0,ddr
007-2569-100,0,ddr
20170522111746822,2,ddr
20170418092249373,0,ddr
007-8056-601,0,ddr
007-2312-100,2,ddr
20170406083950076,0,ddr
20170224160101048,0,ddr
007-6661-400,4,ddr
20170428120313013,0,ddr
20170215225711319,0,ddr
007-0817-000,0,ddr
007-4497-200,2,ddr
007-1667-000,0,ddr
007-2148-100,0,ddr
20170324092621974,0,ddr
007-2579-100,2,ddr
20170429202326448,0,ddr
20170429214321918,0,ddr
007-0693-000,2,ddr
20170214144744712,0,ddr
20170605153241003,1,ddr
20170228103210905,0,ddr
007-1677-000,0,ddr
20170602085038408,2,ddr
20170427183153652,0,ddr
007-2190-100,0,ddr
007-2184-100,2,ddr
20170409201225894,0,ddr
20170324093012531,0,ddr
20170418140747330,0,ddr
007-2005-100,1,ddr
007-2842-100,1,ddr
007-0207-000,0,ddr
007-6989-400,4,ddr
007-6865-400,4,ddr
007-6160-300,3,ddr
20170407151534840,0,ddr
007-1586-000,0,ddr
20170329094455007,0,ddr
007-0091-000,0,ddr
007-1636-000,0,ddr
007-2817-100,2,ddr
007-0582-000,0,ddr
007-0092-000,0,ddr
007-4440-200,2,ddr
007-0542-000,2,ddr
007-1233-000,0,ddr
007-5033-300,2,ddr
20170514222048149,2,ddr
20170406093306267,0,ddr
007-4025-200,2,ddr
20170430141501215,0,ddr
007-1068-000,0,ddr
007-0049-000,0,ddr
007-4876-300,2,ddr
007-7119-400,4,ddr
007-6376-400,4,ddr
007-2410-100,1,ddr
007-1386-000,0,ddr
007-6389-400,4,ddr
20170512123420362,2,ddr
007-5285-300,2,ddr
007-0819-000,0,ddr
007-7185-400,4,ddr
20170429214851803,0,ddr
20170609152450896,2,ddr
007-6768-400,4,ddr
20170323114805847,0,ddr
007-5370-300,2,ddr
007-5632-300,2,ddr
007-5920-300,2,ddr
20170504211026647,2,ddr
20170523084030451,2,ddr
007-2178-100,2,ddr
20170313102851339,0,ddr
20170429214330890,0,ddr
20170429203416134,0,ddr
20170208110425349,0,ddr
20170616085451671,2,ddr
20170429220832094,0,ddr
007-6391-400,3,ddr
007-8549-604,0,ddr
007-6763-400,4,ddr
007-2421-100,2,ddr
007-2883-100,1,ddr
007-5843-300,2,ddr
007-5464-300,2,ddr
007-5757-300,2,ddr
007-1762-100,1,ddr
007-7038-400,4,ddr
20170429210915900,0,ddr
007-3180-100,1,ddr
20170425085526088,0,ddr
20170512164041374,2,ddr
007-2735-100,2,ddr
007-2152-100,2,ddr
20170612144724662,2,ddr
007-6693-400,4,ddr
007-2632-100,1,ddr
007-2769-100,1,ddr
007-0861-000,0,ddr
20170227160552411,0,ddr
007-2999-100,2,ddr
20170427190956018,0,ddr
007-1092-000,0,ddr
007-1397-000,0,ddr
20170213154950093,0,ddr
007-6323-400,4,ddr
20170130104756702,0,ddr
20170407105555914,0,ddr
20170428163137336,0,ddr
20170628162207585,2,ddr
007-6622-400,4,ddr
20170502160732595,2,ddr
007-8414-603,2,ddr
007-4001-200,2,ddr
007-4667-200,2,ddr
20170607153524517,2,ddr
007-0450-000,0,ddr
20170330085308054,0,ddr
20170510151953869,2,ddr
007-1548-000,0,ddr
007-1959-100,1,ddr
007-3518-200,3,ddr
20170413085016334,0,ddr
007-5782-300,2,ddr
20170224110405729,0,ddr
20170321103949573,0,ddr
20170407232611029,0,ddr
20170224105612339,0,ddr
20170615172258125,2,ddr
007-0189-000,0,ddr
007-5116-300,3,ddr
007-2289-100,3,ddr
20170612163236281,3,ddr
007-5629-300,2,ddr
20170223115107087,0,ddr
007-0023-000,0,ddr
007-3289-200,2,ddr
007-6537-400,4,ddr
007-2102-100,1,ddr
007-4662-200,2,ddr
007-1801-100,1,ddr
007-0498-000,0,ddr
007-1485-000,0,ddr
007-6436-400,4,ddr
007-8131-601,0,ddr
20170427083333838,0,ddr
007-5238-300,2,ddr
007-5681-300,2,ddr
20170330152314231,0,ddr
007-3948-200,2,ddr
007-6711-400,4,ddr
007-1866-100,0,ddr
007-4802-300,2,ddr
20170323090622129,0,ddr
20170427183925336,0,ddr
007-6925-400,4,ddr
007-5856-300,2,ddr
007-2224-100,2,ddr
20170405085537286,0,ddr
20170429223628767,0,ddr
20170429204645569,0,ddr
007-4306-200,2,ddr
007-7568-601,4,ddr
20170611091117657,2,ddr
007-3944-200,2,ddr
20170608214612392,2,ddr
007-3604-200,2,ddr
20170617103821616,1,ddr
20170430142545713,0,ddr
007-4434-200,2,ddr
007-4686-200,2,ddr
20170316102816374,0,ddr
007-2571-100,2,ddr
007-5795-300,2,ddr
007-1033-000,0,ddr
007-8582-604,0,ddr
007-6809-400,4,ddr
007-6252-300,2,ddr
007-4840-300,2,ddr
20170427184009388,0,ddr
007-3502-200,2,ddr
007-1967-100,1,ddr
007-6817-400,4,ddr
007-5346-300,2,ddr
007-2885-100,1,ddr
20170526174103361,2,ddr
007-1454-000,0,ddr
20170408212945542,0,ddr
20170429214650223,0,ddr
007-5020-300,2,ddr
20170629163541793,2,ddr
20170610144321884,2,ddr
20170609095102337,3,ddr
20170427084825832,0,ddr
20170622170936068,2,ddr
007-6211-300,2,ddr
007-4201-200,2,ddr
007-2281-100,1,ddr
007-6378-400,4,ddr
007-6539-400,4,ddr
007-1326-000,0,ddr
20170428093034277,0,ddr
007-3536-200,2,ddr
007-7428-601,0,ddr
007-2738-100,1,ddr
007-1376-000,0,ddr
007-2731-100,1,ddr
007-4561-200,2,ddr
20170427192110916,0,ddr
007-3329-200,2,ddr
20170221182238646,0,ddr
007-5903-300,2,ddr
20170224144635533,0,ddr
20170408225650220,0,ddr
20170429231321260,0,ddr
20170429203921289,0,ddr
20170224214637264,0,ddr
20170429221754502,0,ddr
007-4301-200,2,ddr
007-1385-000,0,ddr
007-6491-400,4,ddr
007-6392-400,4,ddr
007-3624-200,2,ddr
007-3075-100,1,ddr
20170206175846786,0,ddr
20170411092023785,0,ddr
007-0311-000,0,ddr
20161118173805155,0,ddr
20170412191552082,0,ddr
007-0381-000,0,ddr
20170429210635256,0,ddr
007-6560-400,4,ddr
20170430200752110,0,ddr
20170323090417309,0,ddr
007-2091-100,2,ddr
007-2670-100,1,ddr
007-6774-400,4,ddr
007-2655-100,2,ddr
007-4282-200,2,ddr
007-2930-100,2,ddr
20170406084240827,0,ddr
007-4804-300,2,ddr
20170120104225590,0,ddr
20170120144404685,0,ddr
007-1185-000,1,ddr
20170512225813757,2,ddr
007-6514-400,4,ddr
20170414094409562,0,ddr
20170428100042138,0,ddr
20170609165742369,2,ddr
20170427180147996,0,ddr
007-1833-100,2,ddr
20170407131115699,0,ddr
20170626095324972,2,ddr
007-3704-200,2,ddr
007-7187-400,4,ddr
20170427203319632,0,ddr
20170614102011786,1,ddr
007-6638-400,4,ddr
20170429230701863,0,ddr
20170427195456847,0,ddr
20170217100112164,0,ddr
007-7137-400,4,ddr
007-0306-000,0,ddr
007-0955-000,0,ddr
007-2849-100,2,ddr
20170429215936481,0,ddr
007-6520-400,4,ddr
007-0248-000,0,ddr
007-1047-000,1,ddr
20170223152324262,0,ddr
007-3701-200,2,ddr
20170418135629149,0,ddr
007-3784-200,2,ddr
20170418102648640,0,ddr
007-2211-100,1,ddr
007-5085-300,3,ddr
20170428104701510,0,ddr
007-6055-300,2,ddr
007-3290-200,2,ddr
007-1257-000,0,ddr
007-7237-400,4,ddr
20170401171141317,0,ddr
007-7826-601,0,ddr
007-1493-000,0,ddr
20170427214059716,0,ddr
007-3468-200,2,ddr
007-4357-200,2,ddr
007-5630-300,2,ddr
20170401100837062,0,ddr
007-6247-300,2,ddr
007-2671-100,2,ddr
20170215225546764,0,ddr
007-4341-200,2,ddr
007-2713-100,2,ddr
20170417113118732,0,ddr
20170425160717139,0,ddr
007-5935-300,2,ddr
007-6049-300,2,ddr
007-6385-400,4,ddr
007-3958-200,2,ddr
007-1453-000,0,ddr
007-5471-300,2,ddr
007-0045-000,2,ddr
20170429200151358,0,ddr
007-3338-200,2,ddr
007-4372-200,2,ddr
20170408225045401,0,ddr
20170427084313068,0,ddr
007-1807-100,2,ddr
20170328084550454,0,ddr
007-2798-100,1,ddr
007-1575-000,0,ddr
20170427184535071,0,ddr
20170412102330295,0,ddr
20170428111539654,0,ddr
20170410110440627,0,ddr
20170508100750271,2,ddr
007-7820-601,0,ddr
007-0775-000,0,ddr
007-6508-400,4,ddr
20170204133657911,0,ddr
007-5774-300,2,ddr
007-0172-000,0,ddr
007-0111-000,0,ddr
007-4469-200,2,ddr
007-1039-000,0,ddr
007-1132-000,0,ddr
007-2074-100,1,ddr
20170429203913742,0,ddr
007-4261-200,2,ddr
20170418083234348,0,ddr
20170605164035106,2,ddr
20170405092854949,0,ddr
20170228183252681,0,ddr
007-5328-300,2,ddr
20170429215323608,0,ddr
007-3448-200,2,ddr
007-5163-300,2,ddr
20170321155038579,0,ddr
007-3015-100,2,ddr
20170515125523780,2,ddr
20170610095059838,2,ddr
20170407212919172,0,ddr
007-6426-400,4,ddr
007-7429-601,0,ddr
20170429202509086,0,ddr
20170502095043169,2,ddr
007-5367-300,2,ddr
20170428093839526,0,ddr
20170130103043030,0,ddr
007-5710-300,3,ddr
007-4284-200,2,ddr
007-5119-300,2,ddr
007-0227-000,0,ddr
007-3247-100,2,ddr
20170427101352821,0,ddr
007-1550-000,0,ddr
007-3243-100,2,ddr
20170428092101651,0,ddr
20170327105802214,0,ddr
007-2318-100,2,ddr
007-1024-000,0,ddr
007-1731-000,0,ddr
007-1323-000,0,ddr
007-4297-200,2,ddr
007-5439-300,2,ddr
007-7060-400,4,ddr
20170221162521163,0,ddr
20170609100255400,2,ddr
20170429231040992,0,ddr
20170330085956922,0,ddr
20170510144009153,2,ddr
20170221104145522,0,ddr
007-6335-400,4,ddr
007-2028-100,2,ddr
20170427084620429,0,ddr
20170430141400934,0,ddr
007-6240-300,2,ddr
007-7027-400,4,ddr
20170417105537560,0,ddr
20170502103242684,3,ddr
007-2681-100,1,ddr
007-1734-000,0,ddr
20170214220333553,0,ddr
007-6481-400,4,ddr
007-3174-100,1,ddr
007-4563-200,3,ddr
007-2679-100,2,ddr
007-3910-200,2,ddr
20170428082715541,0,ddr
20170430195202479,0,ddr
20170329102417753,0,ddr
007-6094-300,3,ddr
007-1991-100,2,ddr
20170331101919123,0,ddr
007-2067-100,1,ddr
007-0570-000,0,ddr
007-6907-400,2,ddr
20170411091427661,0,ddr
007-1884-100,1,ddr
007-6026-300,2,ddr
007-2438-100,2,ddr
007-1957-100,2,ddr
20170211082727722,0,ddr
20170327134214648,0,ddr
20170606111430082,2,ddr
007-3669-200,2,ddr
007-3498-200,2,ddr
007-2192-100,0,ddr
20170429203321665,0,ddr
007-6144-300,2,ddr
20170331092347263,0,ddr
007-5981-300,2,ddr
20170621163946605,2,ddr
20170429203157386,0,ddr
007-6624-400,4,ddr
007-6660-400,4,ddr
20170614104010691,2,ddr
20170424153038492,0,ddr
007-1210-000,1,ddr
007-3091-100,2,ddr
20170417195632750,0,ddr
20170613152259694,2,ddr
20170329094415086,0,ddr
007-0504-000,0,ddr
20170331093915680,0,ddr
007-1595-000,0,ddr
20170418100817701,0,ddr
007-5499-300,2,ddr
007-6261-300,2,ddr
007-3844-200,2,ddr
007-5603-300,3,ddr
007-5627-300,2,ddr
007-4258-200,2,ddr
007-0580-000,0,ddr
20170616090932566,2,ddr
007-5672-300,2,ddr
007-2891-100,1,ddr
007-3809-200,2,ddr
007-6525-400,4,ddr
20170406100532629,0,ddr
20170324094649192,0,ddr
20170524091746187,2,ddr
007-6655-400,4,ddr
20170621094919972,2,ddr
007-2209-100,0,ddr
20170429220023817,0,ddr
20170206105354970,0,ddr
007-1342-000,0,ddr
007-5924-300,2,ddr
007-3125-100,0,ddr
007-3111-100,2,ddr
20170227235708188,0,ddr
20170326093743368,0,ddr
20170122100711512,0,ddr
20170327160649463,0,ddr
20170407130352565,0,ddr
007-4513-200,2,ddr
007-4622-200,2,ddr
20170429204429841,0,ddr
007-6751-400,4,ddr
20170428084730352,0,ddr
20170430180013771,0,ddr
007-5274-300,2,ddr
20170215223446750,0,ddr
007-6756-400,4,ddr
007-5814-300,2,ddr
007-1632-000,0,ddr
20170407130846505,0,ddr
20170228223720726,0,ddr
20170424170726887,0,ddr
007-6475-400,4,ddr
007-4098-200,2,ddr
007-2351-100,1,ddr
007-3613-200,2,ddr
20170611110841815,2,ddr
007-4636-200,2,ddr
20170327140647856,0,ddr
007-5640-300,2,ddr
20170502103235986,3,ddr
20170401171718466,0,ddr
20170328101014928,0,ddr
007-4676-200,2,ddr
20170417105107608,0,ddr
007-4286-200,2,ddr
20170324092425163,0,ddr
20170324091221882,0,ddr
20170427181057390,0,ddr
007-4581-200,2,ddr
20170420184344679,0,ddr
007-4383-200,2,ddr
20170427182939527,0,ddr
20170214145205746,0,ddr
007-5068-300,2,ddr
20170615084535865,2,ddr
20170524182902113,2,ddr
007-5411-300,2,ddr
007-5294-300,2,ddr
007-5709-300,2,ddr
007-5161-300,2,ddr
007-0217-000,0,ddr
20170208143852512,0,ddr
007-0454-000,0,ddr
20170430201247723,0,ddr
20170215101220829,0,ddr
20170422184600812,0,ddr
007-8481-604,0,ddr
20170526185211817,2,ddr
007-0942-000,0,ddr
20170225194228528,0,ddr
007-4106-200,2,ddr
20170223115256398,0,ddr
20170326095038980,0,ddr
20170225201448382,0,ddr
007-2729-100,0,ddr
20170414165409474,0,ddr
20170419205027355,0,ddr
007-5717-300,2,ddr
007-2561-100,0,ddr
20170221102343670,0,ddr
007-5461-300,2,ddr
007-0228-000,2,ddr
20170429223234676,0,ddr
20170509163628989,2,ddr
007-0489-000,0,ddr
20170327094656820,0,ddr
20170222153250976,0,ddr
007-7045-400,4,ddr
007-5380-300,2,ddr
20170121153406540,0,ddr
20170419100815415,0,ddr
007-6673-400,4,ddr
007-5799-300,2,ddr
007-3173-100,1,ddr
20170327094724718,0,ddr
20170412194611479,0,ddr
007-3874-200,2,ddr
20170125090829476,0,ddr
20170414165457615,0,ddr
007-4324-200,2,ddr
007-0134-000,0,ddr
20170228230505648,0,ddr
20170630113238842,2,ddr
007-2967-100,2,ddr
007-4524-200,2,ddr
007-6050-300,2,ddr
20170629112149103,2,ddr
007-3528-200,2,ddr
007-3082-100,1,ddr
20170223094629433,0,ddr
007-7113-400,4,ddr
007-1356-000,0,ddr
007-6832-400,4,ddr
007-3158-100,1,ddr
007-4995-300,2,ddr
007-1103-000,0,ddr
20170502140919286,2,ddr
007-0812-000,0,ddr
007-0395-000,0,ddr
007-3437-200,2,ddr
20170430193324325,0,ddr
20170123102700555,0,ddr
007-5160-300,2,ddr
007-6131-300,2,ddr
20170429212530143,0,ddr
20170430204716484,0,ddr
007-0415-000,0,ddr
20170420101418582,0,ddr
007-6547-400,4,ddr
20170526162553477,2,ddr
007-2763-100,2,ddr
007-3353-200,2,ddr
007-4121-200,2,ddr
007-0164-000,0,ddr
20170408221820944,0,ddr
007-2365-100,2,ddr
20170608194346914,2,ddr
007-1186-000,0,ddr
20170329100341777,0,ddr
20170429222208486,0,ddr
20170317220721928,0,ddr
007-5227-300,2,ddr
007-6928-400,4,ddr
20170430145132881,0,ddr
20170412202452024,0,ddr
007-0053-000,0,ddr
20170429210512044,0,ddr
20170204133641758,0,ddr
20170419080253947,0,ddr
007-7261-400,4,ddr
20170417110643269,0,ddr
20170430201123607,0,ddr
20170511224838938,2,ddr
20170430201327496,0,ddr
007-6233-300,2,ddr
20170413170211134,0,ddr
20170418093223862,0,ddr
20170208135854881,0,ddr
007-0575-000,0,ddr
20170401090509347,0,ddr
007-2554-100,1,ddr
007-2991-100,2,ddr
007-1117-000,0,ddr
007-6085-300,2,ddr
20170429201916017,0,ddr
007-5152-300,2,ddr
20170629153038341,2,ddr
007-0112-000,0,ddr
20170427183143584,0,ddr
20170208133103727,0,ddr
007-7631-601,2,ddr
20170327113516236,0,ddr
20170407215252293,0,ddr
007-6806-400,4,ddr
007-0881-000,0,ddr
20170209151151417,0,ddr
007-4919-300,2,ddr
007-5620-300,2,ddr
20170329102416314,0,ddr
007-1251-000,0,ddr
20170419095623439,0,ddr
007-1268-000,0,ddr
007-6558-400,4,ddr
20170429202627416,0,ddr
007-3660-200,2,ddr
007-6915-400,4,ddr
20170427190800903,0,ddr
20170429204817399,0,ddr
007-3031-100,2,ddr
007-0024-000,0,ddr
007-6179-300,2,ddr
20170217172406226,0,ddr
20170418084110118,0,ddr
20170613191530891,2,ddr
20170418083045225,0,ddr
20170323093304023,0,ddr
20170327084919035,0,ddr
20170418101108314,0,ddr
007-2456-100,1,ddr
007-4626-200,2,ddr
007-3444-200,2,ddr
20170429204057855,0,ddr
20170430193736644,0,ddr
20170217105826821,0,ddr
007-1433-000,0,ddr
007-7005-400,4,ddr
20170428085349919,0,ddr
20170323083610592,0,ddr
20170120153745015,0,ddr
007-0572-000,0,ddr
007-3211-100,2,ddr
20170425160718411,0,ddr
007-7015-400,4,ddr
20170214214827798,0,ddr
007-2628-100,2,ddr
20170427091003738,0,ddr
20170407152615503,0,ddr
20170428110005912,0,ddr
007-0552-000,0,ddr
20170406100646696,0,ddr
007-3618-200,2,ddr
007-5654-300,2,ddr
007-1028-000,0,ddr
007-0079-000,0,ddr
20170424094834530,0,ddr
20170205084246646,0,ddr
007-3649-200,2,ddr
007-5546-300,2,ddr
007-3019-100,1,ddr
007-4600-200,2,ddr
007-5919-300,2,ddr
007-5977-300,2,ddr
007-7697-601,0,ddr
20170213091344555,0,ddr
007-1179-000,0,ddr
20170427084825460,0,ddr
007-0059-000,0,ddr
20170418095658350,0,ddr
007-5307-300,3,ddr
20170221091239416,0,ddr
007-2220-100,2,ddr
007-5036-300,2,ddr
007-5136-300,2,ddr
20170411115553873,0,ddr
007-2119-100,2,ddr
007-4366-200,2,ddr
20170628161619106,2,ddr
20170430192813426,0,ddr
007-3311-200,2,ddr
007-5994-300,2,ddr
007-3229-100,2,ddr
20170406115411229,0,ddr
007-0708-000,1,ddr
007-1212-000,0,ddr
007-5055-300,2,ddr
007-2222-100,2,ddr
007-7209-400,4,ddr
007-4276-200,2,ddr
20170429211250159,0,ddr
007-4430-200,2,ddr
007-7423-601,0,ddr
20170427185204860,0,ddr
007-1726-000,0,ddr
007-6602-400,4,ddr
20170424110302399,0,ddr
007-5151-300,2,ddr
007-7000-400,4,ddr
20170328091440431,0,ddr
007-3890-200,2,ddr
007-0831-000,0,ddr
20161107140656664,0,ddr
007-7671-601,0,ddr
007-6923-400,4,ddr
007-1591-000,0,ddr
20170429211551976,0,ddr
20170213091838826,0,ddr
007-0921-000,0,ddr
007-3507-200,2,ddr
007-7129-400,4,ddr
007-3592-200,2,ddr
20170502000649856,2,ddr
007-4319-200,2,ddr
20170428110148596,0,ddr
007-3162-100,2,ddr
007-4395-200,2,ddr
007-2448-100,2,ddr
20170417113309574,0,ddr
007-1346-000,0,ddr
20170208160944271,0,ddr
007-6967-400,4,ddr
007-4211-200,2,ddr
20170429223418838,0,ddr
20170405094341357,0,ddr
007-7854-601,2,ddr
20170406101726148,0,ddr
007-6536-400,4,ddr
007-6312-400,4,ddr
20170324094021003,0,ddr
20170208112205253,0,ddr
007-3824-200,2,ddr
20170430190910394,0,ddr
20170521095717085,2,ddr
007-4009-200,2,ddr
007-1962-100,1,ddr
007-5355-300,2,ddr
20170428153703871,0,ddr
007-3748-200,2,ddr
20170329082946600,0,ddr
007-0715-000,0,ddr
007-4744-200,2,ddr
007-4616-200,2,ddr
007-0040-000,0,ddr
007-4169-200,2,ddr
007-6206-300,2,ddr
007-5182-300,2,ddr
20170430201402386,0,ddr
007-4186-200,2,ddr
007-3522-200,2,ddr
007-0612-000,0,ddr
20170326075840285,0,ddr
007-5451-300,3,ddr
007-4002-200,2,ddr
007-1861-100,2,ddr
007-7159-400,4,ddr
007-8389-603,2,ddr
007-7270-601,0,ddr
007-6249-300,2,ddr
20170226225853947,0,ddr
20170126114743588,0,ddr
20170429205517075,0,ddr
007-4567-200,2,ddr
007-5335-300,2,ddr
20170120221256735,0,ddr
007-5234-300,2,ddr
007-2906-100,1,ddr
007-6709-400,4,ddr
007-5137-300,2,ddr
20170412101211088,0,ddr
20170412202800866,0,ddr
20170330223645351,0,ddr
007-6792-400,4,ddr
20170424165551448,0,ddr
007-4557-200,2,ddr
20170328102344330,0,ddr
20170429200936018,0,ddr
007-4830-300,2,ddr
007-2247-100,0,ddr
20170227233017274,0,ddr
20170429223552940,0,ddr
20170209151248467,0,ddr
007-7039-400,4,ddr
20170226230839902,0,ddr
20170327094658211,0,ddr
20170206144759127,0,ddr
007-1902-100,1,ddr
007-6752-400,4,ddr
20170429195518291,0,ddr
20170408220315153,0,ddr
20170417110727336,0,ddr
007-3804-200,2,ddr
007-7295-601,0,ddr
20170427180715306,0,ddr
007-4787-300,2,ddr
20170425091625008,0,ddr
007-2635-100,2,ddr
007-6466-400,4,ddr
007-3601-200,2,ddr
20170602141806366,2,ddr
007-4989-300,2,ddr
20170427094404245,0,ddr
007-3509-200,2,ddr
20170428164017472,0,ddr
007-5914-300,2,ddr
007-2830-100,1,ddr
20170427182059997,0,ddr
20170429205621477,0,ddr
007-4844-300,3,ddr
20170512114321485,2,ddr
20170427185312456,0,ddr
007-3267-100,1,ddr
20170427085722849,0,ddr
007-4151-200,2,ddr
007-7140-400,4,ddr
007-1074-000,0,ddr
007-1154-000,0,ddr
007-0799-000,0,ddr
20170417083146076,0,ddr
20170410161938592,0,ddr
20170424153355976,0,ddr
007-8550-604,0,ddr
007-2142-100,1,ddr
007-0807-000,0,ddr
20170429222244101,0,ddr
007-1876-100,2,ddr
20170430200115232,0,ddr
20170430194325280,0,ddr
007-1908-100,1,ddr
007-3254-100,1,ddr
007-5017-300,2,ddr
20170424155002286,0,ddr
20170427183200052,0,ddr
007-5059-300,2,ddr
007-6422-400,4,ddr
20170215224039102,0,ddr
20170408215653565,0,ddr
007-5356-300,2,ddr
007-1445-000,0,ddr
20170417113604837,0,ddr
20170429200544211,0,ddr
007-3014-100,2,ddr
20170408222413387,0,ddr
20170415090759483,0,ddr
007-2752-100,1,ddr
20170427081426172,0,ddr
007-0928-000,0,ddr
20170424162044012,0,ddr
20170408230824518,0,ddr
20170221093102893,0,ddr
20170408212150263,0,ddr
20170429204156044,0,ddr
007-1532-000,0,ddr
007-2578-100,1,ddr
20170225203142850,0,ddr
007-3897-200,3,ddr
20170429232335757,0,ddr
007-5041-300,2,ddr
20170221085350842,0,ddr
20170413112758698,0,ddr
007-5796-300,2,ddr
007-5433-300,2,ddr
007-4144-200,2,ddr
20170221195941545,0,ddr
20170429215146617,0,ddr
20170424170615518,0,ddr
20170429223916653,0,ddr
007-7215-400,4,ddr
20170521094903529,1,ddr
007-4678-200,2,ddr
007-5024-300,2,ddr
20170517144601364,2,ddr
20170611090346213,2,ddr
20170324112557007,0,ddr
007-3947-200,2,ddr
20170412084504237,0,ddr
007-6582-400,4,ddr
20170120221712491,0,ddr
20170327085656497,0,ddr
007-5939-300,2,ddr
20170427182823636,0,ddr
007-2641-100,2,ddr
20170608164802570,2,ddr
007-7108-400,4,ddr
007-4756-200,3,ddr
20170408212938554,0,ddr
007-0404-000,0,ddr
007-2953-100,1,ddr
007-7166-400,4,ddr
20170215164839770,0,ddr
20170412141420309,0,ddr
20170427213832371,0,ddr
007-6927-400,4,ddr
20170219165837817,0,ddr
20170427180842294,0,ddr
20170216172422578,0,ddr
007-5436-300,1,ddr
20170412112930040,0,ddr
007-1113-000,0,ddr
007-3072-100,2,ddr
20170427185141662,0,ddr
007-0509-000,0,ddr
007-7150-400,4,ddr
20170609171911261,2,ddr
20170430200245076,0,ddr
20170407232824470,0,ddr
007-6381-400,4,ddr
20170429211830286,0,ddr
20170425090234688,0,ddr
007-1393-000,0,ddr
20170329091201472,0,ddr
007-7405-601,0,ddr
007-0685-000,0,ddr
007-6316-400,4,ddr
007-2876-100,0,ddr
20170526155853592,2,ddr
007-1679-000,0,ddr
20170428100316842,0,ddr
20170430202244071,0,ddr
007-1213-000,0,ddr
20170120143315546,0,ddr
007-7173-400,4,ddr
007-3093-100,2,ddr
20170424110302568,0,ddr
20170627160210580,2,ddr
20170429231939390,0,ddr
20170405093547460,0,ddr
20170224161918334,0,ddr
20170221181102813,0,ddr
007-3001-100,0,ddr
20170517093748842,2,ddr
007-3085-100,0,ddr
007-1061-000,0,ddr
007-4220-200,2,ddr
20170418135719380,0,ddr
007-3302-200,2,ddr
007-7865-601,0,ddr
20170408213539886,0,ddr
20170227235755846,0,ddr
007-5884-300,3,ddr
20170225105517257,0,ddr
007-7128-400,4,ddr
20170327110724437,0,ddr
007-3615-200,2,ddr
20170221110759832,0,ddr
007-3648-200,2,ddr
007-7234-400,4,ddr
007-4527-200,2,ddr
20170628125159838,2,ddr
20170429224037690,0,ddr
007-5527-300,3,ddr
007-1325-000,0,ddr
007-0622-000,0,ddr
20170412113135134,0,ddr
007-1228-000,0,ddr
20170522105641915,2,ddr
007-5139-300,2,ddr
20170220135657675,0,ddr
20170429201802065,0,ddr
007-1511-000,0,ddr
20170427180436817,0,ddr
007-6591-400,4,ddr
007-4049-200,2,ddr
20170120220818563,0,ddr
007-0702-000,0,ddr
007-6354-400,4,ddr
20170413081317045,0,ddr
007-3099-100,2,ddr
20170427180535308,0,ddr
007-6796-400,4,ddr
007-0360-000,0,ddr
007-0623-000,0,ddr
007-7007-400,4,ddr
007-3843-200,2,ddr
007-1352-000,0,ddr
20161118155836727,0,ddr
007-2321-100,2,ddr
20170220092338749,0,ddr
20170210121233990,0,ddr
007-3531-200,2,ddr
007-7220-400,4,ddr
20170223103956335,0,ddr
20170429223429622,0,ddr
007-2032-100,1,ddr
20170430193232001,0,ddr
20170228223828672,0,ddr
007-0222-000,0,ddr
007-4309-200,2,ddr
007-7006-400,4,ddr
20170512102006829,2,ddr
007-0840-000,0,ddr
007-5230-300,2,ddr
20170216172253836,0,ddr
20170502160448139,2,ddr
20170429220220001,0,ddr
007-2908-100,1,ddr
007-3379-200,2,ddr
20170224093843434,0,ddr
007-1390-000,0,ddr
007-2706-100,1,ddr
20170429213523992,0,ddr
007-5827-300,2,ddr
20170524112245527,2,ddr
20170427180037322,0,ddr
20170518112220847,2,ddr
20170408225441604,0,ddr
007-5108-300,2,ddr
20170411141728019,0,ddr
007-3567-200,3,ddr
007-6060-300,2,ddr
20170412110630281,0,ddr
007-5349-300,3,ddr
007-1826-100,2,ddr
007-3050-100,1,ddr
20170224145117874,0,ddr
007-3000-100,2,ddr
007-5958-300,2,ddr
007-0245-000,0,ddr
007-5624-300,2,ddr
20170609152303463,1,ddr
007-0151-000,0,ddr
20170330085539114,0,ddr
007-6754-400,4,ddr
20170430200842654,0,ddr
007-4993-300,2,ddr
007-4518-200,2,ddr
007-1851-100,2,ddr
007-4637-200,2,ddr
007-3412-200,2,ddr
007-5715-300,2,ddr
007-5583-300,2,ddr
20170426134827493,0,ddr
007-6723-400,4,ddr
007-0683-000,0,ddr
20170427205355164,0,ddr
20170124094352032,0,ddr
20170227234625607,0,ddr
007-1904-100,1,ddr
007-1238-000,0,ddr
007-3629-200,2,ddr
007-6748-400,4,ddr
20170628180023623,2,ddr
007-5556-300,3,ddr
007-2132-100,2,ddr
007-7031-400,4,ddr
007-5053-300,2,ddr
007-6242-300,2,ddr
20170526162453148,2,ddr
20170630124326410,2,ddr
007-4059-200,2,ddr
007-5794-300,2,ddr
20170208180148724,0,ddr
20170620090332437,2,ddr
007-0155-000,0,ddr
20170429224003353,0,ddr
007-5780-300,2,ddr
20170215165902746,0,ddr
20170222183325776,0,ddr
007-1273-000,1,ddr
20170428150003668,0,ddr
007-2723-100,1,ddr
007-3785-200,2,ddr
20170214093017393,0,ddr
20170324093107776,0,ddr
20170502091525413,2,ddr
20170430193718351,0,ddr
007-1192-000,0,ddr
20170430200406558,0,ddr
20170427181757954,0,ddr
20170418093447163,0,ddr
007-2699-100,2,ddr
20170518171333730,1,ddr
007-5521-300,2,ddr
007-3129-100,2,ddr
007-4839-300,2,ddr
20170408213047699,0,ddr
007-1783-100,0,ddr
007-7554-601,2,ddr
20170329091727794,0,ddr
20170324140209599,0,ddr
20170413085729775,0,ddr
20170429210714738,0,ddr
007-7645-601,0,ddr
20170327103033609,0,ddr
007-2666-100,1,ddr
20170227235503263,0,ddr
007-4673-200,2,ddr
007-1231-000,0,ddr
20170405132019920,0,ddr
20170627192028701,2,ddr
20170418140113121,0,ddr
20170512231011621,2,ddr
20170410161452132,0,ddr
20170328091106960,0,ddr
007-3529-200,3,ddr
20170525110328035,2,ddr
20170215223447162,0,ddr
20170326082221994,0,ddr
007-0739-000,0,ddr
20170220085827869,0,ddr
007-1553-000,0,ddr
007-4444-200,2,ddr
20170528180525740,2,ddr
007-2052-100,2,ddr
007-4166-200,2,ddr
007-2597-100,2,ddr
007-4691-200,2,ddr
20170425180850064,0,ddr
007-2415-100,1,ddr
007-3200-100,1,ddr
007-5925-300,2,ddr
007-1781-100,2,ddr
007-7680-601,0,ddr
20170504094058352,2,ddr
007-7109-400,4,ddr
007-0516-000,0,ddr
20170224143736405,0,ddr
007-2673-100,2,ddr
20170227100228221,0,ddr
20170428093227234,0,ddr
007-5893-300,2,ddr
20170628162852314,2,ddr
007-3081-100,1,ddr
007-2601-100,2,ddr
20170429214529850,0,ddr
007-4594-200,2,ddr
007-4005-200,2,ddr
20170426082359710,0,ddr
20170626102154406,2,ddr
20170512114815356,2,ddr
007-5489-300,2,ddr
007-4992-300,3,ddr
007-7145-400,4,ddr
007-3689-200,2,ddr
007-6083-300,2,ddr
20170429215844860,0,ddr
007-0080-000,0,ddr
007-6951-400,4,ddr
007-1954-100,0,ddr
007-5721-300,2,ddr
20170203082355150,0,ddr
007-4088-200,2,ddr
20170324101034222,0,ddr
007-2923-100,2,ddr
007-8456-603,2,ddr
007-4449-200,2,ddr
007-2474-100,1,ddr
007-1750-000,0,ddr
007-2068-100,1,ddr
20170415091132491,0,ddr
20170424165659138,0,ddr
20170430201050126,0,ddr
20170430143038226,0,ddr
20170606145347421,2,ddr
007-0057-000,0,ddr
007-6917-400,4,ddr
20170515172948707,2,ddr
007-6720-400,4,ddr
20170203162800256,0,ddr
007-3334-200,2,ddr
20170328145803149,0,ddr
007-5885-300,3,ddr
20170221200136293,0,ddr
20170613122140972,2,ddr
007-4473-200,2,ddr
007-2235-100,2,ddr
007-6200-300,2,ddr
20170615112339862,2,ddr
20170523080135207,2,ddr
007-4745-200,2,ddr
007-0576-000,0,ddr
20170412084611885,0,ddr
20170411092321966,0,ddr
007-3511-200,2,ddr
007-2367-100,1,ddr
20170411141418009,0,ddr
007-2696-100,1,ddr
007-7298-601,0,ddr
20170427111038586,0,ddr
007-1001-000,0,ddr
007-5267-300,2,ddr
007-1111-000,0,ddr
007-3332-200,2,ddr
20170429203735241,0,ddr
007-3370-200,2,ddr
007-5220-300,2,ddr
007-7138-400,4,ddr
20170429224248109,0,ddr
007-0932-000,0,ddr
007-0482-000,0,ddr
20170429201922729,0,ddr
007-4729-200,2,ddr
007-0108-000,0,ddr
20170417100914763,0,ddr
007-7107-400,4,ddr
007-3101-100,1,ddr
007-6667-400,4,ddr
007-6543-400,4,ddr
20170215135010544,0,ddr
007-0371-000,0,ddr
20170208174022044,0,ddr
007-1293-000,0,ddr
007-4681-200,2,ddr
20170429210938928,0,ddr
007-1364-000,0,ddr
007-6034-300,2,ddr
20170120223535385,0,ddr
20170429222523428,0,ddr
007-1817-100,2,ddr
007-0113-000,0,ddr
20170427185015702,0,ddr
007-0352-000,0,ddr
007-2853-100,2,ddr
007-6468-400,4,ddr
007-2275-100,1,ddr
007-0152-000,0,ddr
20170417113725383,0,ddr
007-3431-200,2,ddr
007-6415-400,4,ddr
007-6469-400,4,ddr
007-0487-000,0,ddr
007-4485-200,2,ddr
20170618194224123,2,ddr
007-5754-300,3,ddr
20170323092613317,0,ddr
007-6960-400,2,ddr
007-4155-200,2,ddr
20170427185225468,0,ddr
007-6972-400,4,ddr
20170330140920632,0,ddr
20170208144810326,0,ddr
007-6575-400,4,ddr
007-4684-200,2,ddr
20170417200625313,0,ddr
007-6379-400,4,ddr
20170430192637690,0,ddr
007-4082-200,2,ddr
20170602155248106,3,ddr
20170215171837145,0,ddr
20170429194722802,0,ddr
20170223084259166,0,ddr
20170226094501379,0,ddr
20170323082725340,0,ddr
007-2416-100,1,ddr
20170502161756207,1,ddr
007-5786-300,2,ddr
007-6339-400,4,ddr
20170430195329560,0,ddr
20170226214815940,0,ddr
007-5142-300,2,ddr
20170329143208143,0,ddr
20170429222936535,0,ddr
007-6149-300,2,ddr
20170214095952970,0,ddr
007-5039-300,2,ddr
007-6030-300,2,ddr
20170417141233190,0,ddr
20170223084434009,0,ddr
007-5196-300,2,ddr
007-5558-300,2,ddr
007-5677-300,2,ddr
007-6497-400,4,ddr
20170216144456454,0,ddr
007-0094-000,0,ddr
007-5873-300,2,ddr
007-4452-200,2,ddr
007-2111-100,2,ddr
007-2419-100,2,ddr
20170221164707308,0,ddr
007-7167-400,4,ddr
20170429231511129,0,ddr
20170424155139387,0,ddr
007-2848-100,1,ddr
007-2227-100,1,ddr
007-5880-300,2,ddr
20170511145007873,2,ddr
007-4719-200,2,ddr
20170429203336949,0,ddr
007-1867-100,2,ddr
20170511225831900,2,ddr
20170226100606428,0,ddr
007-5825-300,2,ddr
007-4483-200,2,ddr
20170430193204945,0,ddr
007-6745-400,4,ddr
007-1915-100,2,ddr
007-3761-200,2,ddr
007-0692-000,0,ddr
20170412093600138,0,ddr
007-7207-400,4,ddr
007-0918-000,0,ddr
007-6307-400,4,ddr
20170618112704744,2,ddr
20170228231809989,0,ddr
20170429230835610,0,ddr
20170609184225517,2,ddr
007-3864-200,2,ddr
007-2343-100,1,ddr
007-1266-000,0,ddr
007-2080-100,2,ddr
007-5891-300,3,ddr
007-4153-200,2,ddr
20170430203932432,0,ddr
20170323095952352,0,ddr
007-3591-200,2,ddr
20170427084916453,0,ddr
007-1451-000,0,ddr
20170327082614262,0,ddr
007-0411-000,0,ddr
007-3069-100,1,ddr
20170426134414814,0,ddr
007-6005-300,2,ddr
007-4593-200,2,ddr
007-0102-000,0,ddr
20170328085234524,0,ddr
20170608154225606,2,ddr
007-6171-300,2,ddr
007-2399-100,1,ddr
007-1362-000,0,ddr
007-1894-100,1,ddr
20170611110836296,2,ddr
007-6486-400,4,ddr
20170425160813458,0,ddr
20170126085931436,0,ddr
20170323085443873,0,ddr
007-2292-100,1,ddr
20170228225854236,0,ddr
20170209151052217,0,ddr
20170407230211885,0,ddr
20170525194632164,2,ddr
007-4877-300,2,ddr
007-4379-200,2,ddr
007-2333-100,1,ddr
20170519153000176,3,ddr
007-5839-300,2,ddr
007-6566-400,4,ddr
20170417155706940,0,ddr
20170223101333153,0,ddr
007-7172-400,4,ddr
007-7338-601,0,ddr
007-1133-000,0,ddr
20170206084735758,0,ddr
20170427203324770,0,ddr
20170621140654111,2,ddr
007-3630-200,2,ddr
20170214091449944,0,ddr
007-5515-300,2,ddr
007-7030-400,4,ddr
007-7967-601,2,ddr
007-2172-100,1,ddr
20170413112528859,0,ddr
20170622085448687,2,ddr
007-2937-100,0,ddr
007-4300-200,2,ddr
20170428082724356,0,ddr
007-1241-000,0,ddr
007-6502-400,4,ddr
20170418093300248,0,ddr
007-6057-300,2,ddr
007-6431-400,4,ddr
007-0054-000,0,ddr
007-0801-000,0,ddr
007-0259-000,0,ddr
007-0822-000,0,ddr
007-6991-400,4,ddr
007-3521-200,2,ddr
20170502085446271,2,ddr
007-0579-000,0,ddr
20170130104819310,0,ddr
007-4370-200,2,ddr
20170330141323901,0,ddr
20170503161821997,2,ddr
007-4381-200,3,ddr
20170226230628072,0,ddr
20170216092816210,0,ddr
20170413154250087,0,ddr
007-6464-400,4,ddr
20170222151853159,0,ddr
20170527183642236,2,ddr
20170505100939670,2,ddr
007-4441-200,2,ddr
20170217170607887,0,ddr
007-3742-200,2,ddr
20170409204407123,0,ddr
007-0105-000,0,ddr
007-4412-200,2,ddr
20170417091142435,0,ddr
20170621165236074,2,ddr
007-2746-100,2,ddr
20170602084503140,2,ddr
007-5807-300,2,ddr
20170213091841576,0,ddr
007-5341-300,2,ddr
007-3469-200,2,ddr
007-2465-100,1,ddr
20170408223034264,0,ddr
007-4212-200,2,ddr
007-4911-300,2,ddr
20170427091005352,0,ddr
20170508100004333,2,ddr
007-1016-000,0,ddr
007-0879-000,0,ddr
20170429202042607,0,ddr
20170222101042823,0,ddr
20170427091208324,0,ddr
20170517092841210,2,ddr
007-0997-000,0,ddr
007-7195-400,4,ddr
007-4538-200,2,ddr
007-5927-300,2,ddr
20170427185530761,0,ddr
007-0233-000,0,ddr
007-4194-200,2,ddr
007-4307-200,2,ddr
007-6559-400,4,ddr
20170511145023915,2,ddr
20170430195838881,0,ddr
20170405094437613,0,ddr
20170214095955848,0,ddr
007-7003-400,4,ddr
007-3335-200,2,ddr
007-6023-300,2,ddr
20170518140513017,2,ddr
20170427190222259,0,ddr
007-5359-300,2,ddr
20170407091918434,0,ddr
007-1490-000,0,ddr
20170427190630527,0,ddr
007-5758-300,2,ddr
007-1306-000,0,ddr
20170418093222419,0,ddr
20170410110905034,0,ddr
007-6139-300,2,ddr
007-3411-200,2,ddr
007-5106-300,2,ddr
007-3415-200,2,ddr
20170216172145841,0,ddr
20170223153134954,0,ddr
20170518151053908,2,ddr
20170228000231666,0,ddr
007-0351-000,0,ddr
20170224160057504,0,ddr
20170331093707737,0,ddr
007-2568-100,1,ddr
007-0384-000,0,ddr
20170429224804529,0,ddr
007-6702-400,4,ddr
007-3853-200,2,ddr
007-2296-100,1,ddr
20170328082103134,0,ddr
007-4720-200,2,ddr
007-5018-300,2,ddr
20170615084024946,2,ddr
20170429200623809,0,ddr
20170430201102868,0,ddr
007-7831-601,4,ddr
007-5365-300,2,ddr
007-3755-200,2,ddr
20170217105540766,0,ddr
20170410153212741,0,ddr
007-6098-300,2,ddr
007-7446-601,0,ddr
20170427182217646,0,ddr
20170426090644946,0,ddr
007-5299-300,2,ddr
20170323130205239,0,ddr
20170421173701466,0,ddr
007-4214-200,2,ddr
20170609152127546,2,ddr
007-2502-100,2,ddr
20170627105506960,2,ddr
20170214215942845,0,ddr
20170429221345193,0,ddr
20170430193321931,0,ddr
20170424165545637,0,ddr
20170511205005408,2,ddr
007-0182-000,0,ddr
007-7868-601,0,ddr
20170427183630492,0,ddr
20170424154840851,0,ddr
007-2799-100,2,ddr
007-0897-000,0,ddr
20170221080927786,0,ddr
007-1662-000,2,ddr
007-4096-200,2,ddr
20170203152939118,0,ddr
007-6859-400,4,ddr
20170414102854581,0,ddr
20170223094629597,0,ddr
007-1206-000,0,ddr
007-6282-300,2,ddr
20170126115404314,0,ddr
007-0101-000,0,ddr
007-5266-300,2,ddr
007-0452-000,0,ddr
20170430192923388,0,ddr
007-2127-100,1,ddr
007-4325-200,2,ddr
20170427181229677,0,ddr
007-4909-300,2,ddr
007-2854-100,0,ddr
20170223171925324,0,ddr
20170427183137938,0,ddr
007-3484-200,2,ddr
007-4478-200,2,ddr
007-0208-000,0,ddr
007-6297-400,4,ddr
007-5113-300,2,ddr
007-4090-200,2,ddr
20170331094327694,0,ddr
007-6182-300,2,ddr
20170210165326134,0,ddr
007-2890-100,1,ddr
007-0443-000,0,ddr
007-2411-100,0,ddr
007-1910-100,1,ddr
20170430144622359,0,ddr
20170518151338862,2,ddr
007-1514-000,0,ddr
007-1942-100,1,ddr
007-5904-300,3,ddr
20170521102316532,2,ddr
007-0815-000,0,ddr
20170420184017969,0,ddr
007-1633-000,0,ddr
20170226214352293,0,ddr
007-8497-604,0,ddr
20170223090159890,0,ddr
20170211162406924,0,ddr
20170120154239604,0,ddr
007-5953-300,2,ddr
007-3938-200,2,ddr
007-6121-300,2,ddr
20170429221605827,0,ddr
007-4257-200,2,ddr
007-3326-200,2,ddr
007-6721-400,4,ddr
007-0818-000,0,ddr
20170215104325950,0,ddr
007-4221-200,2,ddr
007-6288-400,4,ddr
20170214215839470,0,ddr
20170427084657809,0,ddr
20170209140451728,0,ddr
007-6290-400,4,ddr
007-5437-300,2,ddr
20170213115653996,0,ddr
20170406195445058,0,ddr
20170601152455773,2,ddr
20170405093026096,0,ddr
007-0926-000,0,ddr
20170411141738901,0,ddr
20170514222421801,2,ddr
20170226225606060,0,ddr
007-2567-100,1,ddr
007-6442-400,4,ddr
20170614105733106,2,ddr
20170622080902439,2,ddr
20170426090330146,0,ddr
20170303143347912,0,ddr
20170427185458203,0,ddr
20170418074457367,0,ddr
20170427190607216,0,ddr
007-5574-300,3,ddr
007-2092-100,1,ddr
20170120223623473,0,ddr
007-3090-100,1,ddr
20170607175753557,2,ddr
007-4234-200,2,ddr
007-3176-100,0,ddr
20170527111710016,2,ddr
20170429231845378,0,ddr
20170226210325463,0,ddr
20170409200143081,0,ddr
20170411084057965,0,ddr
20170607170331573,2,ddr
20170502095044024,2,ddr
20170327111955443,0,ddr
007-3160-100,0,ddr
007-3534-200,2,ddr
007-6009-300,2,ddr
007-5385-300,2,ddr
007-2077-100,0,ddr
007-3425-200,2,ddr
20170408225147906,0,ddr
007-0716-000,0,ddr
20170327084500823,0,ddr
20170323083429175,0,ddr
007-2212-100,2,ddr
007-6985-400,4,ddr
007-0263-000,0,ddr
007-5605-300,2,ddr
007-6612-400,4,ddr
007-6237-300,2,ddr
007-0836-000,0,ddr
20170330134444958,0,ddr
007-6861-400,4,ddr
20170226084422957,0,ddr
20170613153734776,2,ddr
20170427162324166,0,ddr
20170327132738501,0,ddr
20170429204601078,0,ddr
20170331085540124,0,ddr
20170414081158089,0,ddr
007-2417-100,1,ddr
007-4118-200,2,ddr
20170411085021368,0,ddr
20170209134240541,0,ddr
20170407211924407,0,ddr
20170330085537655,0,ddr
007-5221-300,2,ddr
20170120221910975,0,ddr
20170220100625665,0,ddr
007-2202-100,0,ddr
007-4803-300,2,ddr
007-1181-000,1,ddr
20170217105824807,0,ddr
20170328150001001,0,ddr
007-2682-100,1,ddr
007-7230-400,4,ddr
007-4435-200,2,ddr
20170427184000335,0,ddr
20170415102850257,0,ddr
20170427183624105,0,ddr
20170429204114041,0,ddr
007-0834-000,0,ddr
007-5933-300,3,ddr
20170428091343520,0,ddr
007-6742-400,4,ddr
20170516160126110,1,ddr
20170120223140633,0,ddr
007-0271-000,0,ddr
007-4206-200,2,ddr
20170409195116125,0,ddr
007-0521-000,0,ddr
007-1063-000,0,ddr
20170427203106149,0,ddr
007-5303-300,2,ddr
007-3401-200,2,ddr
007-2295-100,2,ddr
20170224212928266,0,ddr
007-2962-100,1,ddr
007-6103-300,2,ddr
007-4549-200,2,ddr
007-3985-200,2,ddr
007-2819-100,2,ddr
007-6317-400,2,ddr
007-6405-400,4,ddr
20170324081733358,0,ddr
007-4548-200,2,ddr
20170328150153573,0,ddr
20170429200929998,0,ddr
20170327111957345,0,ddr
20170628114825603,2,ddr
007-2714-100,2,ddr
20170430194239469,0,ddr
20170223151510068,0,ddr
20170429205359026,0,ddr
007-4893-300,2,ddr
20170221162252402,0,ddr
007-5327-300,2,ddr
007-1520-000,0,ddr
007-7189-400,4,ddr
007-0728-000,0,ddr
007-5424-300,2,ddr
007-3066-100,2,ddr
007-0499-000,0,ddr
007-4743-200,2,ddr
007-2868-100,2,ddr
20170215092158761,0,ddr
007-3975-200,2,ddr
007-0495-000,0,ddr
007-1142-000,0,ddr
20170418090252614,0,ddr
007-3654-200,2,ddr
007-1680-000,0,ddr
20170428091825503,0,ddr
20170123093846029,0,ddr
20170518144431952,2,ddr
20170409204413622,0,ddr
20170602102648655,2,ddr
20170429202013692,0,ddr
20170429214424940,0,ddr
007-5896-300,2,ddr
007-0949-000,0,ddr
007-8485-604,2,ddr
007-8859-605,4,ddr
007-0668-000,0,ddr
007-4389-200,2,ddr
20170427182842049,0,ddr
007-8331-602,0,ddr
20170430191201662,0,ddr
007-5892-300,4,ddr
20170410092817707,0,ddr
007-6084-300,2,ddr
007-6643-400,4,ddr
007-0254-000,0,ddr
007-5626-300,2,ddr
007-7252-400,4,ddr
20170430201256556,0,ddr
007-5189-300,2,ddr
007-0104-000,0,ddr
007-1203-000,0,ddr
20170417141233374,0,ddr
007-4181-200,2,ddr
007-5676-300,2,ddr
20170217114222834,0,ddr
007-2523-100,1,ddr
007-3800-200,2,ddr
20170428115910093,0,ddr
20170220133324808,0,ddr
20170424162352358,0,ddr
20170629210118308,2,ddr
007-6912-400,4,ddr
20170215094437640,0,ddr
20170627101206389,1,ddr
007-6515-400,4,ddr
007-3137-100,2,ddr
20170427185709099,0,ddr
20170413133507278,0,ddr
20170329100248874,0,ddr
007-4604-200,2,ddr
007-2665-100,1,ddr
007-0780-000,0,ddr
007-1986-100,2,ddr
007-8039-601,2,ddr
007-0265-000,0,ddr
20170418085728824,0,ddr
007-2260-100,1,ddr
20170414155329773,0,ddr
007-2233-100,0,ddr
20170324085149565,0,ddr
007-6819-400,4,ddr
007-3323-200,2,ddr
20170419085622010,0,ddr
007-2375-100,1,ddr
20170223174136215,0,ddr
20170221143940428,0,ddr
20170413085749781,0,ddr
007-3835-200,2,ddr
007-4339-200,2,ddr
007-2990-100,1,ddr
20170429203329412,0,ddr
007-6959-400,4,ddr
007-4178-200,2,ddr
20170226230921903,0,ddr
007-3052-100,1,ddr
20170406102954330,0,ddr
007-5452-300,3,ddr
20170630160336716,2,ddr
20170429210353879,0,ddr
007-5416-300,2,ddr
007-2414-100,1,ddr
007-0436-000,0,ddr
20170326092329336,0,ddr
007-6349-400,4,ddr
007-3077-100,2,ddr
20170428091827454,0,ddr
007-5089-300,2,ddr
007-3384-200,2,ddr
20170429203633599,0,ddr
20170418093854327,0,ddr
007-5067-300,3,ddr
007-7772-601,2,ddr
007-1860-100,0,ddr
007-5016-300,2,ddr
007-1972-100,1,ddr
007-4007-200,2,ddr
20170401092743757,0,ddr
007-1925-100,1,ddr
20170429213805846,0,ddr
20170414094612758,0,ddr
007-2463-100,2,ddr
20170413142900064,0,ddr
007-2048-100,2,ddr
007-2619-100,1,ddr
20170413085017776,0,ddr
20170323095327323,0,ddr
20170428101346680,0,ddr
20170517112902745,2,ddr
007-1831-100,1,ddr
20170214215234793,0,ddr
007-4091-200,2,ddr
007-2366-100,1,ddr
007-5952-300,2,ddr
20170406101631890,0,ddr
20170225203146467,0,ddr
007-3195-100,2,ddr
20170323162238925,0,ddr
007-4723-200,2,ddr
007-8495-604,0,ddr
007-3408-200,2,ddr
007-1913-100,1,ddr
20170405112448086,0,ddr
20170323093305605,0,ddr
007-6939-400,4,ddr
007-1922-100,2,ddr
20170413114550593,0,ddr
007-6457-400,4,ddr
20170330213316497,0,ddr
20170413081319152,0,ddr
20170414124917250,0,ddr
20170430201016828,0,ddr
20170609171350373,2,ddr
007-2860-100,2,ddr
20170429203635487,0,ddr
007-3852-200,2,ddr
007-6498-400,4,ddr
007-5783-300,2,ddr
20170429205941167,0,ddr
007-2440-100,2,ddr
20170429232041823,0,ddr
007-3810-200,2,ddr
007-5321-300,2,ddr
007-1173-000,0,ddr
007-6058-300,2,ddr
20170429204540104,0,ddr
007-5951-300,2,ddr
20170511164438689,2,ddr
007-2790-100,1,ddr
20170227160255785,0,ddr
20170424165420766,0,ddr
20170227155723751,0,ddr
007-5305-300,2,ddr
007-2841-100,1,ddr
007-5000-300,2,ddr
20170210094615901,0,ddr
007-1565-000,0,ddr
007-4329-200,2,ddr
007-3848-200,2,ddr
20170427180853125,0,ddr
007-3466-200,2,ddr
007-4308-200,2,ddr
007-1886-100,0,ddr
007-3277-100,2,ddr
007-2558-100,2,ddr
007-4841-300,2,ddr
007-3517-200,2,ddr
20170216172124099,0,ddr
20170313105829885,0,ddr
007-5849-300,2,ddr
20170224160241060,0,ddr
20170516163623154,2,ddr
007-0242-000,0,ddr
20170426101343821,0,ddr
20170424154526349,0,ddr
20170419090934589,0,ddr
007-6125-300,2,ddr
007-3768-200,2,ddr
007-1253-000,0,ddr
007-1355-000,2,ddr
007-1437-000,2,ddr
007-0131-000,0,ddr
20170517095552898,1,ddr
20170210145621125,0,ddr
007-6069-300,2,ddr
20170328154905325,0,ddr
007-3733-200,2,ddr
007-1286-000,0,ddr
007-4063-200,2,ddr
007-0961-000,0,ddr
007-0078-000,0,ddr
007-3038-100,1,ddr
20170213104307598,0,ddr
20170301142643263,0,ddr
20170525181244148,2,ddr
20170428155659202,0,ddr
007-2134-100,1,ddr
007-3103-100,1,ddr
007-3822-200,2,ddr
20170326100838085,0,ddr
007-2406-100,1,ddr
007-2783-100,2,ddr
20170608201438739,2,ddr
007-3165-100,2,ddr
20170508102507631,2,ddr
20170408233232742,0,ddr
007-3397-200,2,ddr
007-7679-601,0,ddr
20170408095250565,0,ddr
20170427190805533,0,ddr
007-1296-000,0,ddr
20170611090415806,2,ddr
20170120152817478,0,ddr
20170405144029792,0,ddr
20170203111252472,0,ddr
20170414155517791,0,ddr
007-4971-300,2,ddr
20170429203414999,0,ddr
20170405172240013,0,ddr
20170410094900438,0,ddr
20170429203606004,0,ddr
007-2813-100,2,ddr
007-2766-100,3,ddr
007-3563-200,4,ddr
20170407155047735,0,ddr
007-6681-400,4,ddr
007-1522-000,0,ddr
20170228225523381,0,ddr
20170106171110532,0,ddr
20170224221350415,0,ddr
007-2352-100,0,ddr
007-4148-200,2,ddr
007-0052-000,0,ddr
20170324075708136,0,ddr
20170427180935648,0,ddr
20170330153330865,0,ddr
007-5357-300,2,ddr
20170429211011053,0,ddr
007-4861-300,2,ddr
007-2350-100,1,ddr
007-3713-200,2,ddr
007-5844-300,2,ddr
20170323130835496,0,ddr
20170327103522951,0,ddr
20170429204556794,0,ddr
007-1627-000,0,ddr
20170521093537739,2,ddr
007-2345-100,2,ddr
007-5779-300,2,ddr
007-3950-200,2,ddr
007-1510-000,1,ddr
20170216104034957,0,ddr
20170301105426466,0,ddr
007-6980-400,4,ddr
20170430175940285,0,ddr
007-1758-100,1,ddr
20170330153037252,0,ddr
007-2734-100,1,ddr
20170407101150084,0,ddr
007-4455-200,2,ddr
20170208144423443,0,ddr
007-2204-100,0,ddr
20170425101622385,0,ddr
20170429215534306,0,ddr
20170411141529980,0,ddr
007-2503-100,1,ddr
007-1673-000,0,ddr
007-5270-300,2,ddr
20170427181455958,0,ddr
20170429214546145,0,ddr
007-4312-200,2,ddr
007-2921-100,2,ddr
20170620191949057,2,ddr
20170428105824486,0,ddr
007-1226-000,0,ddr
20170206144408086,0,ddr
007-3945-200,3,ddr
20170418100819088,0,ddr
20170506090015091,2,ddr
007-0460-000,0,ddr
20170427185941933,0,ddr
20170323092204273,0,ddr
007-2093-100,1,ddr
007-4930-300,2,ddr
007-5883-300,2,ddr
007-0611-000,0,ddr
20170329082649775,0,ddr
20170519153205498,0,ddr
007-5237-300,2,ddr
20170217091021525,0,ddr
007-2044-100,2,ddr
20170428114525641,0,ddr
007-0229-000,0,ddr
007-6138-300,2,ddr
20170429204253651,0,ddr
007-3458-200,2,ddr
20170410120320427,0,ddr
20170330083717316,0,ddr
007-1611-000,0,ddr
007-2348-100,1,ddr
20170222183133649,0,ddr
20170516171812075,2,ddr
007-0972-000,0,ddr
007-1082-000,0,ddr
007-7530-601,0,ddr
007-1204-000,0,ddr
20170327091508081,0,ddr
20170521091223320,2,ddr
007-7874-601,2,ddr
20170429221136981,0,ddr
007-0537-000,0,ddr
007-5773-300,2,ddr
007-6313-400,4,ddr
20170227234341354,0,ddr
20170408211825756,0,ddr
20170323081211173,0,ddr
007-6170-300,2,ddr
20170301195924349,0,ddr
007-7158-400,4,ddr
007-7161-400,4,ddr
007-6056-300,2,ddr
20170427195851108,0,ddr
007-1615-000,0,ddr
007-5720-300,2,ddr
007-0448-000,0,ddr
20170120222316281,0,ddr
20170214163634982,0,ddr
20170428153946369,0,ddr
007-6262-300,2,ddr
20170617215208261,2,ddr
007-3068-100,1,ddr
007-0988-000,0,ddr
20170225202048107,0,ddr
20170125091735546,0,ddr
007-3427-200,2,ddr
007-2846-100,1,ddr
007-6869-400,4,ddr
20170429200105002,0,ddr
007-3488-200,4,ddr
20170404145601593,0,ddr
007-6254-300,3,ddr
007-2835-100,1,ddr
007-1031-000,0,ddr
007-4266-200,2,ddr
20170330165025462,0,ddr
007-3217-100,1,ddr
20170324110301615,0,ddr
20170418082353060,0,ddr
007-6451-400,4,ddr
20170624110627093,2,ddr
007-5169-300,3,ddr
20170620191909590,2,ddr
007-2539-100,1,ddr
20170518112134637,2,ddr
007-0954-000,0,ddr
007-3024-100,2,ddr
007-2297-100,2,ddr
007-2728-100,1,ddr
007-1234-000,0,ddr
20170518171334338,2,ddr
20170428083804807,0,ddr
007-1135-000,2,ddr
20170122170705476,0,ddr
20170330085955483,0,ddr
20170511170843008,2,ddr
20170228164926461,0,ddr
20170609193335986,2,ddr
20170326091619636,0,ddr
20170609083431717,2,ddr
007-3802-200,2,ddr
007-5766-300,2,ddr
007-4905-300,2,ddr
007-4587-200,2,ddr
20170223115348146,0,ddr
007-4759-200,2,ddr
007-7170-400,4,ddr
007-1096-000,0,ddr
20170428084312800,0,ddr
007-6322-400,4,ddr
007-1269-000,0,ddr
007-2517-100,2,ddr
20170418093622522,0,ddr
007-7002-400,4,ddr
20170429203102645,0,ddr
20170612085716651,2,ddr
007-2928-100,2,ddr
007-3859-200,2,ddr
007-2795-100,1,ddr
007-1115-000,0,ddr
007-2513-100,2,ddr
20170507222419171,3,ddr
007-1058-000,0,ddr
007-4984-300,2,ddr
007-6553-400,4,ddr
20170427180847120,0,ddr
20170428150052112,0,ddr
20170420095437692,0,ddr
20170430200840082,0,ddr
20170518174145634,2,ddr
007-6052-300,2,ddr
007-4693-200,2,ddr
007-2469-100,1,ddr
20170608174654273,2,ddr
007-0063-000,0,ddr
007-0783-000,0,ddr
007-4047-200,2,ddr
20170429221601319,0,ddr
007-6986-400,4,ddr
20170405144225459,0,ddr
007-0297-000,0,ddr
007-6981-400,4,ddr
007-6775-400,4,ddr
20170426150556803,0,ddr
007-1848-100,0,ddr
007-2257-100,1,ddr
007-3840-200,2,ddr
20170221135126278,0,ddr
007-1045-000,0,ddr
007-2263-100,1,ddr
20170427181707101,0,ddr
20170407234758642,0,ddr
007-1960-100,0,ddr
007-2945-100,1,ddr
20170413145755406,0,ddr
20170430175942977,0,ddr
007-3539-200,2,ddr
007-4823-300,2,ddr
20170323082951101,0,ddr
20170408220207127,0,ddr
20170221162616970,0,ddr
007-0875-000,0,ddr
007-6529-400,4,ddr
007-5432-300,2,ddr
20170429213320500,0,ddr
007-4207-200,2,ddr
007-6283-300,2,ddr
007-1774-100,1,ddr
007-4668-200,2,ddr
20170418102429463,0,ddr
20170620193521303,2,ddr
007-6355-400,4,ddr
007-3967-200,2,ddr
007-4519-200,4,ddr
007-1062-000,0,ddr
007-0617-000,0,ddr
007-4032-200,2,ddr
007-3681-200,2,ddr
007-7147-400,4,ddr
20170428163139682,0,ddr
007-2551-100,1,ddr
007-4950-300,2,ddr
007-6822-400,4,ddr
007-5066-300,2,ddr
007-4158-200,2,ddr
20170418135331460,0,ddr
007-5435-300,2,ddr
007-5378-300,2,ddr
007-5575-300,2,ddr
20170401100843713,0,ddr
20170224105714794,0,ddr
20170410092802341,0,ddr
20170614143124196,2,ddr
007-2215-100,2,ddr
007-5716-300,2,ddr
007-7965-601,2,ddr
20170628114456450,2,ddr
007-5673-300,3,ddr
007-2487-100,2,ddr
20170228231119005,0,ddr
007-2507-100,2,ddr
20170329091959859,0,ddr
20170221161725190,0,ddr
20170323153113302,0,ddr
007-7262-400,4,ddr
007-4481-200,2,ddr
20170228230714236,0,ddr
20170430175930772,0,ddr
007-7842-601,0,ddr
20170425090714957,0,ddr
20170601084914808,2,ddr
007-1310-000,0,ddr
20170427192201419,0,ddr
20170427191255984,0,ddr
007-6430-400,4,ddr
20170326091858070,0,ddr
007-2693-100,2,ddr
20170408232714912,0,ddr
007-4020-200,2,ddr
20170428144006815,0,ddr
20170324091735788,0,ddr
20170525100055762,2,ddr
007-0077-000,0,ddr
20170616112827825,2,ddr
007-3916-200,2,ddr
20170226093026001,0,ddr
20170618201009834,2,ddr
007-4760-200,2,ddr
20170226205337984,0,ddr
20170615104443473,2,ddr
007-6435-400,4,ddr
007-6141-300,2,ddr
20170123102706012,0,ddr
20170217095932938,0,ddr
20170323102532714,0,ddr
007-2631-100,2,ddr
20170429210206630,0,ddr
20170208101452677,0,ddr
007-6423-400,4,ddr
007-2003-100,1,ddr
007-4596-200,2,ddr
007-5132-300,2,ddr
007-3793-200,2,ddr
007-7670-601,0,ddr
20170225202000260,0,ddr
20170223152427782,0,ddr
20170220095322707,0,ddr
007-7960-601,0,ddr
20170124131514062,0,ddr
007-0590-000,0,ddr
007-6769-400,4,ddr
007-1200-000,0,ddr
20170206144251502,0,ddr
007-2531-100,2,ddr
007-6887-400,4,ddr
20170418095138435,0,ddr
20170420144942571,0,ddr
007-3839-200,2,ddr
20170430195639622,0,ddr
007-2436-100,2,ddr
007-5910-300,2,ddr
007-4332-200,2,ddr
007-4601-200,2,ddr
007-6051-300,2,ddr
007-3057-100,2,ddr
20170414124909791,0,ddr
20170512230840743,2,ddr
20170502095403278,3,ddr
20170427190546865,0,ddr
007-5306-300,2,ddr
20170430195029407,0,ddr
007-3394-200,2,ddr
20170327111704847,0,ddr
20170430194658679,0,ddr
007-2824-100,1,ddr
007-0494-000,0,ddr
007-3313-200,2,ddr
007-5921-300,2,ddr
20170408220055269,0,ddr
007-0307-000,0,ddr
007-7236-400,4,ddr
20170406085447924,0,ddr
20170427190638723,0,ddr
20170418135527877,0,ddr
20170405082647447,0,ddr
20170525090044498,2,ddr
20170327105552936,0,ddr
007-5610-300,2,ddr
007-1970-100,1,ddr
007-4907-300,2,ddr
20170427092253018,0,ddr
20170411141618693,0,ddr
20170508093934243,2,ddr
007-6496-400,4,ddr
007-3740-200,2,ddr
007-2992-100,2,ddr
007-1988-100,2,ddr
007-5311-300,2,ddr
007-0187-000,0,ddr
007-1764-100,2,ddr
007-4116-200,2,ddr
007-4901-300,2,ddr
20170427181456899,0,ddr
007-0386-000,0,ddr
007-6611-400,4,ddr
007-1938-100,1,ddr
20170518153036606,2,ddr
20170430191939023,0,ddr
20170413102628830,0,ddr
007-5645-300,2,ddr
007-4377-200,2,ddr
007-5964-300,3,ddr
20170226092823995,0,ddr
20170225202139479,0,ddr
20170425160957895,0,ddr
007-4539-200,2,ddr
007-2934-100,2,ddr
20170323110609014,0,ddr
007-2133-100,2,ddr
20170522165833385,2,ddr
007-6487-400,2,ddr
20170323092614899,0,ddr
007-5695-300,3,ddr
20170429210431431,0,ddr
007-3779-200,2,ddr
007-4048-200,2,ddr
007-6386-400,2,ddr
20170228113922441,0,ddr
20170418105328458,0,ddr
007-3778-200,2,ddr
20170512120618922,2,ddr
20170517151003748,2,ddr
20170601160745959,3,ddr
007-1202-000,0,ddr
007-3155-100,2,ddr
20170523085431841,2,ddr
007-0958-000,0,ddr
20170427181149465,0,ddr
20170616082139360,2,ddr
20170511154953819,2,ddr
007-5784-300,2,ddr
007-6022-300,2,ddr
007-8477-604,0,ddr
007-2843-100,1,ddr
20170206143555635,0,ddr
20170213094416087,0,ddr
007-4847-300,3,ddr
007-6889-400,4,ddr
20170207080745616,0,ddr
007-0390-000,0,ddr
20170620003233436,2,ddr
20170224093943642,0,ddr
20170429231659042,0,ddr
007-3280-200,2,ddr
007-4706-200,2,ddr
007-5674-300,2,ddr
20170429214714282,0,ddr
20170427204630233,0,ddr
007-6428-400,4,ddr
007-4771-200,2,ddr
007-7444-601,0,ddr
20170619083600088,2,ddr
20170225203647881,0,ddr
007-3552-200,2,ddr
007-5351-300,2,ddr
20170429221951444,0,ddr
20170424161221373,0,ddr
20170427183919381,0,ddr
007-6089-300,2,ddr
007-6308-400,4,ddr
007-3631-200,2,ddr
007-4931-300,2,ddr
007-5792-300,2,ddr
007-3739-200,2,ddr
20170324080917203,0,ddr
007-0240-000,0,ddr
20170407112129731,0,ddr
007-1501-000,1,ddr
20170430190906592,0,ddr
007-2007-100,2,ddr
20170228225701913,0,ddr
20170511173940961,2,ddr
007-2839-100,1,ddr
007-4333-200,2,ddr
007-1244-000,0,ddr
007-4275-200,3,ddr
007-6623-400,4,ddr
007-1112-000,0,ddr
20170427192115631,0,ddr
007-1328-000,0,ddr
007-3420-200,2,ddr
20170430194158570,0,ddr
007-0735-000,0,ddr
20170329085831428,0,ddr
007-4468-200,2,ddr
007-1649-000,0,ddr
20170616084113893,2,ddr
007-5666-300,2,ddr
20170429222004396,0,ddr
007-0598-000,0,ddr
20170210095521851,0,ddr
20170430180010932,0,ddr
007-0028-000,0,ddr
20170226092924204,0,ddr
20170327102219037,0,ddr
007-5790-300,2,ddr
20170427184257681,0,ddr
007-4299-200,2,ddr
20170120220933551,0,ddr
007-3314-200,2,ddr
007-2629-100,1,ddr
007-3605-200,2,ddr
20170228224637625,0,ddr
007-6588-400,4,ddr
007-3677-200,2,ddr
20170430180149866,0,ddr
007-6788-400,4,ddr
007-5099-300,2,ddr
007-7639-601,0,ddr
20170122165423738,0,ddr
20170326095729604,0,ddr
007-1660-000,0,ddr
20170413101311265,0,ddr
007-1095-000,0,ddr
007-5382-300,2,ddr
007-3036-100,1,ddr
007-0707-000,0,ddr
20170407220510910,0,ddr
20170508224540384,2,ddr
20170222150401839,0,ddr
20170408225336425,0,ddr
007-3982-200,2,ddr
20170221143914045,0,ddr
20170323094905895,0,ddr
20170413111955404,0,ddr
007-6054-300,2,ddr
007-0327-000,0,ddr
007-7666-601,2,ddr
20170430193625923,0,ddr
007-5488-300,2,ddr
007-4781-200,2,ddr
007-6324-400,4,ddr
007-2177-100,0,ddr
007-3902-200,2,ddr
007-0353-000,0,ddr
007-3109-100,2,ddr
20170428091136164,0,ddr
007-6961-400,4,ddr
20170406110331629,0,ddr
20170417095343228,0,ddr
007-4239-200,2,ddr
007-3642-200,2,ddr
007-6876-400,4,ddr
007-1368-000,0,ddr
20170526151625969,2,ddr
20170209131335802,0,ddr
007-5438-300,3,ddr
20170429230712355,0,ddr
007-1547-000,0,ddr
007-0490-000,0,ddr
007-6858-400,4,ddr
20170209143140243,0,ddr
007-2137-100,0,ddr
007-4624-200,2,ddr
20170227233521812,0,ddr
007-6506-400,4,ddr
007-1604-000,0,ddr
20170418115345056,0,ddr
007-7013-400,4,ddr
20170427181852115,0,ddr
007-3765-200,2,ddr
20170324080704607,0,ddr
007-4127-200,2,ddr
007-4338-200,2,ddr
007-4348-200,2,ddr
007-7046-400,4,ddr
20170424095916170,0,ddr
20170213094713612,0,ddr
20170407222112733,0,ddr
007-4365-200,2,ddr
007-5641-300,2,ddr
20170224110130817,0,ddr
007-2701-100,2,ddr
20170508101232838,2,ddr
007-4827-300,2,ddr
007-3232-100,2,ddr
20170122153156719,0,ddr
007-6402-400,4,ddr
007-2667-100,2,ddr
20170208145455389,0,ddr
007-6554-400,4,ddr
007-7186-400,4,ddr
007-1240-000,0,ddr
20170429204325334,0,ddr
20170427190001968,0,ddr
007-6109-300,2,ddr
007-5448-300,2,ddr
007-6963-400,4,ddr
007-2904-100,0,ddr
20170206143552850,0,ddr
20170326090501956,0,ddr
20170206105408182,0,ddr
20170330153038937,0,ddr
007-4187-200,2,ddr
007-2888-100,2,ddr
007-1072-000,0,ddr
007-0584-000,0,ddr
20170503161702278,2,ddr
20170410084554253,0,ddr
007-2455-100,1,ddr
20170407234751158,0,ddr
20170429222807282,0,ddr
007-5446-300,2,ddr
007-0332-000,0,ddr
007-4229-200,2,ddr
007-1495-000,0,ddr
007-6649-400,4,ddr
007-3868-200,2,ddr
007-2727-100,2,ddr
20170323093945725,0,ddr
007-1255-000,0,ddr
007-5822-300,3,ddr
20170425083714832,0,ddr
20170427182207124,0,ddr
20170420141214839,0,ddr
20170409202147097,0,ddr
007-2688-100,2,ddr
007-0299-000,0,ddr
007-6568-400,4,ddr
20170517172217788,2,ddr
20170406101226861,0,ddr
007-3336-200,2,ddr
007-1354-000,0,ddr
007-4462-200,2,ddr
20170412091847055,0,ddr
20170602084034474,1,ddr
007-8428-603,2,ddr
20170506144904972,2,ddr
20170525152509382,2,ddr
20170324112909191,0,ddr
20170221103828836,0,ddr
007-4280-200,2,ddr
007-0802-000,0,ddr
20170627160255711,2,ddr
20170221093313426,0,ddr
20170208101614671,0,ddr
007-0338-000,1,ddr
20170602090325676,2,ddr
20170627103352693,2,ddr
007-3369-200,2,ddr
007-2812-100,1,ddr
007-4073-200,2,ddr
007-4223-200,3,ddr
20170120220543899,0,ddr
20170430195100346,0,ddr
007-0243-000,0,ddr
20170614092425898,2,ddr
007-2166-100,2,ddr
007-4533-200,2,ddr
20170407092845768,0,ddr
007-2730-100,0,ddr
007-0660-000,0,ddr
20170126094308451,0,ddr
20170430195148811,0,ddr
007-3337-200,2,ddr
007-1265-000,0,ddr
007-4903-300,3,ddr
007-6059-300,2,ddr
20170609184126256,2,ddr
007-3231-100,1,ddr
007-3198-100,2,ddr
20170226232923621,0,ddr
20170524102406516,2,ddr
007-0393-000,0,ddr
007-0244-000,0,ddr
007-8657-605,0,ddr
007-6018-300,2,ddr
20170324103451027,0,ddr
20170408231748422,0,ddr
20170407090312790,0,ddr
20170510152714920,2,ddr
20170429221253283,0,ddr
007-2146-100,2,ddr
007-3054-100,2,ddr
007-0365-000,0,ddr
20170329140458837,0,ddr
007-7734-601,0,ddr
007-4908-300,2,ddr
007-0368-000,0,ddr
20170411115056986,0,ddr
007-1098-000,0,ddr
007-4346-200,2,ddr
20170117101121367,0,ddr
20170412193714113,0,ddr
20170123100425137,0,ddr
007-8237-602,0,ddr
20170503093503991,2,ddr
007-1373-000,0,ddr
007-4184-200,3,ddr
007-0944-000,0,ddr
20170429231230211,0,ddr
007-4072-200,3,ddr
007-6998-400,4,ddr
007-5691-300,2,ddr
20170428165536203,0,ddr
007-6293-400,4,ddr
007-7153-400,4,ddr
007-6896-400,4,ddr
20170428163724513,0,ddr
20170515172948684,2,ddr
20170322172509719,0,ddr
007-5616-300,2,ddr
20170503192804965,2,ddr
007-6116-300,2,ddr
007-6544-400,2,ddr
20170324095529660,0,ddr
20170430205404105,0,ddr
007-3449-200,2,ddr
20170411094654805,0,ddr
007-2810-100,2,ddr
20170223174957075,0,ddr
20170214100035162,0,ddr
007-4457-200,2,ddr
007-5170-300,2,ddr
007-4572-200,2,ddr
20170506154237008,2,ddr
20170331100227894,0,ddr
007-0427-000,0,ddr
20170220140226350,0,ddr
007-2508-100,1,ddr
20170222184100871,0,ddr
007-4075-200,2,ddr
20170213091557380,0,ddr
20170414113710416,0,ddr
20170328094305699,0,ddr
20170618221557104,2,ddr
007-2768-100,1,ddr
20170427184057042,0,ddr
007-4216-200,3,ddr
20170413133939478,0,ddr
007-3388-200,2,ddr
007-1715-000,0,ddr
007-0203-000,0,ddr
20170429223025303,0,ddr
007-8809-605,4,ddr
20170428110422324,0,ddr
20170522163803152,2,ddr
007-4123-200,3,ddr
20170522100404106,2,ddr
007-1400-000,0,ddr
007-1509-000,0,ddr
007-6905-400,4,ddr
007-4011-200,2,ddr
20170614163103403,2,ddr
20170412113023076,0,ddr
007-3823-200,2,ddr
007-1975-100,1,ddr
007-5923-300,2,ddr
007-0478-000,0,ddr
007-2038-100,2,ddr
20170331112228243,0,ddr
007-4806-300,2,ddr
007-7199-400,4,ddr
20170427084114239,0,ddr
007-6168-300,2,ddr
20170420150826390,0,ddr
20170417114046972,0,ddr
20170407230059827,0,ddr
20170429204447613,0,ddr
007-2980-100,2,ddr
20170410083127380,0,ddr
20170228111228898,0,ddr
007-5127-300,2,ddr
20170413101305552,0,ddr
007-7110-400,4,ddr
007-3599-200,2,ddr
20170326082228400,0,ddr
007-5683-300,3,ddr
007-4110-200,2,ddr
007-4193-200,2,ddr
007-2013-100,1,ddr
20170214220639640,0,ddr
20170616085816780,2,ddr
20170330153359627,0,ddr
20170329141305620,0,ddr
007-4835-300,2,ddr
007-3124-100,0,ddr
007-2920-100,1,ddr
007-4998-300,2,ddr
007-2873-100,0,ddr
20170427190354915,0,ddr
20170429212635458,0,ddr
20170227233523926,0,ddr
20170408233819816,0,ddr
20170327104159249,0,ddr
007-8316-602,2,ddr
007-1227-000,0,ddr
007-6658-400,4,ddr
20170328091056768,0,ddr
007-5809-300,2,ddr
007-5823-300,2,ddr
20170327103258723,0,ddr
007-7269-601,2,ddr
20170612085727554,2,ddr
007-6548-400,4,ddr
20170427185920938,0,ddr
20170430201106080,0,ddr
007-6189-300,2,ddr
20170429205941213,0,ddr
007-5037-300,2,ddr
007-6013-300,2,ddr
20170120222116960,0,ddr
20170429220626251,0,ddr
007-6522-400,4,ddr
20170210163031148,0,ddr
007-3007-100,2,ddr
007-4836-300,2,ddr
007-5661-300,3,ddr
20170406090732575,0,ddr
20170430191606380,0,ddr
007-0283-000,0,ddr
20170413133629909,0,ddr
007-2664-100,2,ddr
20170429195359650,0,ddr
20170301105432489,0,ddr
20170207175247017,0,ddr
007-4985-300,2,ddr
007-1349-000,0,ddr
007-4530-200,2,ddr
007-6973-400,4,ddr
20170621193546988,2,ddr
007-5493-300,2,ddr
007-5811-300,2,ddr
20170406082351608,0,ddr
007-0252-000,0,ddr
20170427214214917,0,ddr
20170415092114824,0,ddr
007-6129-300,2,ddr
20170330163327593,0,ddr
007-3939-200,2,ddr
20170407232603746,0,ddr
007-3048-100,1,ddr
20170330081632470,0,ddr
007-2490-100,2,ddr
007-7014-400,4,ddr
007-7486-601,2,ddr
007-3820-200,2,ddr
007-0765-000,0,ddr
007-0484-000,0,ddr
20170612205100506,2,ddr
007-4351-200,2,ddr
007-2147-100,1,ddr
007-0219-000,0,ddr
20170619102930911,2,ddr
007-7539-601,0,ddr
20170411141028467,0,ddr
007-2298-100,2,ddr
007-4474-200,2,ddr
007-5514-300,2,ddr
007-3747-200,2,ddr
20170120220143890,0,ddr
20170328105401273,0,ddr
20170427175714216,0,ddr
20170618221202386,2,ddr
007-4465-200,2,ddr
007-1139-000,0,ddr
007-1189-000,0,ddr
007-6897-400,4,ddr
007-5847-300,2,ddr
20170418103052402,0,ddr
20170613091436744,2,ddr
007-6734-400,4,ddr
007-2857-100,0,ddr
007-0517-000,0,ddr
007-7184-400,4,ddr
20170427181653795,0,ddr
007-4382-200,3,ddr
007-4746-200,2,ddr
007-4810-300,2,ddr
007-3971-200,2,ddr
007-3497-200,2,ddr
007-1050-000,0,ddr
20161111214315830,0,ddr
20170506102441386,2,ddr
20170411113808410,0,ddr
007-2505-100,1,ddr
007-0583-000,0,ddr
20170516201510046,2,ddr
007-5249-300,2,ddr
007-2316-100,2,ddr
007-4095-200,2,ddr
20170223171709606,0,ddr
20170214095358288,0,ddr
20170324091537897,0,ddr
007-8405-603,2,ddr
007-5635-300,2,ddr
20170429210120003,0,ddr
007-4815-300,2,ddr
007-3214-100,2,ddr
20170323093821503,0,ddr
007-4922-300,2,ddr
20170609193904870,2,ddr
007-6210-300,2,ddr
007-3636-200,2,ddr
007-4884-300,2,ddr
007-0532-000,0,ddr
007-4305-200,2,ddr
007-5308-300,2,ddr
007-5248-300,2,ddr
007-1405-000,0,ddr
007-4898-300,2,ddr
20170429224052500,0,ddr
007-5337-300,2,ddr
20170429202310166,0,ddr
20170209151045082,0,ddr
007-5168-300,2,ddr
007-4393-200,2,ddr
20170413142542599,0,ddr
20170218141746210,0,ddr
20170407224656787,0,ddr
20170224150453809,0,ddr
20170327103858459,0,ddr
20170326104628428,0,ddr
20170205084158321,0,ddr
007-3067-100,2,ddr
007-3011-100,0,ddr
007-6229-300,2,ddr
007-4432-200,2,ddr
20170408212315242,0,ddr
007-6840-400,4,ddr
20170427181753491,0,ddr
007-2580-100,2,ddr
20170429214900908,0,ddr
20170429215416790,0,ddr
007-1935-100,0,ddr
007-1309-000,2,ddr
007-3455-200,2,ddr
20170430200519513,0,ddr
007-1996-100,2,ddr
007-3320-200,2,ddr
20170327112658379,0,ddr
20170427101039471,0,ddr
007-0749-000,0,ddr
007-0863-000,0,ddr
007-1647-000,0,ddr
007-5459-300,2,ddr
20170225203027503,0,ddr
007-3008-100,1,ddr
20170323172134956,0,ddr
007-0475-000,0,ddr
20170417100943292,0,ddr
007-0317-000,0,ddr
007-3894-200,2,ddr
20170214215704381,0,ddr
20170330220158270,0,ddr
007-4105-200,2,ddr
20170427190717761,0,ddr
007-4132-200,2,ddr
20170427111816715,0,ddr
20170417091848394,0,ddr
007-6579-400,4,ddr
007-4564-200,3,ddr
20170228093712242,0,ddr
20170215102114029,0,ddr
007-2902-100,0,ddr
20170523115949867,2,ddr
007-5296-300,2,ddr
007-3961-200,2,ddr
20170426084806698,0,ddr
007-2036-100,2,ddr
20170224105623779,0,ddr
20170424105339602,0,ddr
007-2691-100,1,ddr
20170502144544291,2,ddr
20170424153621506,0,ddr
007-4162-200,2,ddr
20170623150218614,2,ddr
20170412135309189,0,ddr
007-0939-000,0,ddr
20170407235916756,0,ddr
007-0305-000,0,ddr
007-1262-000,0,ddr
007-6556-400,3,ddr
007-0234-000,0,ddr
007-2434-100,1,ddr
007-4015-200,2,ddr
007-2262-100,1,ddr
20170511141336893,2,ddr
007-0068-000,0,ddr
20170608171332841,2,ddr
007-0803-000,0,ddr
007-5360-300,2,ddr
007-1675-000,0,ddr
007-1802-100,1,ddr
20170209164906911,0,ddr
007-1387-000,0,ddr
007-6523-400,4,ddr
20170427185636543,0,ddr
007-1452-000,0,ddr
20170426173811370,0,ddr
007-1979-100,2,ddr
20170524111318098,2,ddr
20170429225944443,0,ddr
007-0833-000,0,ddr
007-8054-601,0,ddr
007-0741-000,0,ddr
20170429212332747,0,ddr
20170206144825073,0,ddr
20170330153216510,0,ddr
20170327114657010,0,ddr
20170429215216183,0,ddr
007-0161-000,0,ddr
20170327103408202,0,ddr
20170226093758363,0,ddr
007-2354-100,2,ddr
20170413145814531,0,ddr
20170608194027190,2,ddr
007-1038-000,0,ddr
20170428094903075,0,ddr
007-1399-000,2,ddr
007-1665-000,0,ddr
007-7605-601,2,ddr
007-1625-000,0,ddr
20170409201115333,0,ddr
20170429220516378,0,ddr
20170414160717652,0,ddr
007-2583-100,0,ddr
007-2314-100,2,ddr
20170407221420858,0,ddr
20170323090048869,0,ddr
007-2191-100,0,ddr
007-6028-300,2,ddr
20170415085332361,0,ddr
20170429210408066,0,ddr
007-1858-100,0,ddr
007-3830-200,2,ddr
007-4505-200,2,ddr
20170619110259422,2,ddr
007-6507-400,4,ddr
20170427184631485,0,ddr
007-3297-200,2,ddr
20170428145629897,0,ddr
007-3998-200,2,ddr
20170226231949313,0,ddr
007-4226-200,2,ddr
007-5231-300,2,ddr
20170120090947696,0,ddr
20170429221028450,0,ddr
007-5548-300,2,ddr
007-6929-400,4,ddr
20170429211603875,0,ddr
007-6902-400,4,ddr
20170206175828241,0,ddr
20170417092513951,0,ddr
20170327110930156,0,ddr
20170427093014194,0,ddr
007-3709-200,2,ddr
20170425120323155,0,ddr
20170228170352472,0,ddr
007-3361-200,2,ddr
20170427084743829,0,ddr
007-4010-200,2,ddr
007-1336-000,0,ddr
007-5076-300,3,ddr
007-1431-000,0,ddr
007-6228-300,2,ddr
007-0071-000,0,ddr
007-1249-000,0,ddr
20170407231656714,0,ddr
20170627105547462,2,ddr
007-0874-000,0,ddr
007-6040-300,2,ddr
007-1883-100,2,ddr
007-4003-200,2,ddr
007-4141-200,2,ddr
007-3056-100,2,ddr
20170508101423579,2,ddr
007-4103-200,2,ddr
007-1187-000,0,ddr
007-4554-200,2,ddr
007-4813-300,2,ddr
007-0410-000,0,ddr
007-7764-601,2,ddr
007-2164-100,1,ddr
20170228224039884,0,ddr
007-2478-100,1,ddr
20170429221907741,0,ddr
007-5128-300,2,ddr
20170508080706321,2,ddr
20170430155331241,0,ddr
20170508101047342,2,ddr
007-4083-200,2,ddr
007-0924-000,0,ddr
007-6825-400,4,ddr
20170104113156987,0,ddr
007-1034-000,0,ddr
007-0608-000,0,ddr
20170324112314257,0,ddr
007-3071-100,2,ddr
007-7143-400,4,ddr
007-2658-100,2,ddr
20170412112454107,0,ddr
20170430202442721,0,ddr
20170430200759773,0,ddr
007-3453-200,2,ddr
007-6473-400,4,ddr
20170618221814651,2,ddr
20170623153653891,2,ddr
20170418084818778,0,ddr
20170328094456638,0,ddr
007-5502-300,3,ddr
20170228230355356,0,ddr
007-3097-100,2,ddr
007-6004-300,2,ddr
20170606165241723,2,ddr
20170407220503239,0,ddr
20170616085515857,2,ddr
007-1447-000,0,ddr
20170401084753588,0,ddr
007-0316-000,0,ddr
20170217172045939,0,ddr
007-5887-300,2,ddr
007-2649-100,2,ddr
007-8525-604,0,ddr
20170525171854504,2,ddr
007-4043-200,2,ddr
20170208172320643,0,ddr
20170531093300130,2,ddr
20170429203743453,0,ddr
007-4702-200,2,ddr
007-4734-200,2,ddr
20170411141340843,0,ddr
007-2464-100,2,ddr
007-3860-200,2,ddr
20170429222648443,0,ddr
007-6808-400,4,ddr
007-4446-200,2,ddr
007-0466-000,0,ddr
007-1745-000,0,ddr
007-7239-400,4,ddr
20170428112733694,0,ddr
007-6563-400,4,ddr
007-4170-200,2,ddr
007-1974-100,1,ddr
20170225144727431,0,ddr
007-1183-000,0,ddr
20170222150128857,0,ddr
20170329100407573,0,ddr
20170323130338822,0,ddr
007-5969-300,2,ddr
007-7044-400,4,ddr
20170328090806043,0,ddr
007-4805-300,2,ddr
007-6968-400,4,ddr
007-2187-100,1,ddr
007-8530-604,2,ddr
20170501232731664,2,ddr
20170424165653167,0,ddr
007-1631-000,0,ddr
20170430200326292,0,ddr
007-1896-100,1,ddr
007-6600-400,4,ddr
007-2861-100,2,ddr
007-6243-300,2,ddr
20170429203446115,0,ddr
20170517172209323,2,ddr
20170226093639051,0,ddr
20170429220728492,0,ddr
007-0534-000,0,ddr
007-5867-300,2,ddr
007-0635-000,0,ddr
007-2643-100,2,ddr
007-6045-300,2,ddr
007-0633-000,0,ddr
007-6483-400,4,ddr
20170428105022800,0,ddr
20170217164410800,0,ddr
007-3774-200,2,ddr
20170405090751552,0,ddr
007-6509-400,4,ddr
20170122165402093,0,ddr
007-2311-100,2,ddr
20170331085538677,0,ddr
007-1923-100,2,ddr
007-1468-000,0,ddr
20170327102429259,0,ddr
007-5879-300,2,ddr
007-5808-300,2,ddr
007-6764-400,4,ddr
20170210122650436,0,ddr
20170328082101747,0,ddr
007-0960-000,0,ddr
007-4504-200,2,ddr
007-5686-300,2,ddr
007-2534-100,2,ddr
007-5329-300,2,ddr
20170622150842958,2,ddr
20170216091719025,0,ddr
20170429225351324,0,ddr
007-5707-300,2,ddr
007-3664-200,2,ddr
20170525194410592,2,ddr
20170429223139158,0,ddr
007-5613-300,2,ddr
007-6012-300,2,ddr
20170221103227712,0,ddr
007-5012-300,2,ddr
007-3964-200,2,ddr
007-4869-300,2,ddr
007-4094-200,2,ddr
20170425160738226,0,ddr
20170221140104225,0,ddr
007-5836-300,2,ddr
20170120221359397,0,ddr
007-6776-400,4,ddr
007-4889-300,2,ddr
007-5660-300,2,ddr
007-1170-000,0,ddr
007-3598-200,2,ddr
007-4899-300,2,ddr
007-1382-000,0,ddr
007-6971-400,4,ddr
007-0697-000,0,ddr
007-2173-100,1,ddr
20170627160643234,2,ddr
20170421101201869,0,ddr
007-3787-200,2,ddr
007-6489-400,4,ddr
20170608192954869,2,ddr
20170226204126538,0,ddr
20170324092423588,0,ddr
20170330095927587,0,ddr
007-0216-000,0,ddr
20170203162816155,0,ddr
007-1803-100,0,ddr
007-6714-400,4,ddr
20170120104303200,0,ddr
007-0891-000,0,ddr
007-1937-100,1,ddr
007-3921-200,2,ddr
007-3736-200,2,ddr
007-2865-100,1,ddr
20170519093607335,2,ddr
007-0401-000,0,ddr
007-3537-200,2,ddr
007-5751-300,2,ddr
20170427185345520,0,ddr
007-1277-000,0,ddr
20161116111424589,0,ddr
007-2957-100,2,ddr
20170607104407295,2,ddr
007-0929-000,0,ddr
007-0841-000,0,ddr
007-3385-200,2,ddr
20170224160850224,0,ddr
007-1770-100,2,ddr
20170413152155981,0,ddr
20170424155727824,0,ddr
007-6419-400,4,ddr
007-0876-000,0,ddr
007-4352-200,2,ddr
007-1160-000,0,ddr
007-4147-200,2,ddr
007-6794-400,4,ddr
007-1120-000,0,ddr
007-6404-400,4,ddr
007-4426-200,2,ddr
007-2334-100,1,ddr
007-0117-000,0,ddr
007-2949-100,2,ddr
20170605152653676,2,ddr
007-7421-601,0,ddr
007-3141-100,2,ddr
20170329141627712,0,ddr
007-5980-300,2,ddr
007-1136-000,0,ddr
007-1128-000,0,ddr
007-7029-400,4,ddr
007-1267-000,0,ddr
007-6993-400,4,ddr
007-6772-400,4,ddr
007-0505-000,0,ddr
007-0149-000,0,ddr
20170430195502419,0,ddr
20170419111558289,0,ddr
20170524110421849,2,ddr
20170428091343897,0,ddr
007-5495-300,2,ddr
20170429225610578,0,ddr
20170418105730020,0,ddr
007-2678-100,2,ddr
007-4613-200,2,ddr
007-3501-200,2,ddr
007-6518-400,4,ddr
007-5997-300,2,ddr
20170429204454340,0,ddr
007-2585-100,2,ddr
007-1274-000,0,ddr
20170629091725669,2,ddr
20170609170844868,2,ddr
007-4425-200,2,ddr
007-5010-300,2,ddr
20170222150241574,0,ddr
20170227171849861,0,ddr
007-5154-300,2,ddr
20170329140026539,0,ddr
007-4334-200,2,ddr
20161118155730990,0,ddr
20170427184904962,0,ddr
007-5080-300,2,ddr
007-6581-400,4,ddr
007-3663-200,2,ddr
20170331091707695,0,ddr
007-0931-000,0,ddr
007-0109-000,0,ddr
20170226231939446,0,ddr
007-2353-100,2,ddr
20170418100054906,0,ddr
007-5096-300,2,ddr
20170427184957561,0,ddr
007-7901-601,0,ddr
007-1250-000,0,ddr
007-5427-300,2,ddr
007-5986-300,2,ddr
007-6659-400,4,ddr
007-0183-000,0,ddr
007-3776-200,2,ddr
20170430194228694,0,ddr
20170220174809874,0,ddr
007-1239-000,0,ddr
20170327094326044,0,ddr
007-5263-300,2,ddr
20170429223942395,0,ddr
20170327161538508,0,ddr
007-6781-400,4,ddr
20170424115230654,0,ddr
20170224133421226,0,ddr
20170425101658120,0,ddr
20170429224200524,0,ddr
007-4932-300,2,ddr
20170328083012701,0,ddr
007-2566-100,1,ddr
20170605162315736,2,ddr
20170427081427638,0,ddr
007-2838-100,2,ddr
007-1685-000,0,ddr
007-2608-100,0,ddr
20170331085318134,0,ddr
007-0700-000,0,ddr
007-5730-300,2,ddr
007-1333-000,0,ddr
20170209102519919,0,ddr
007-6127-300,2,ddr
007-5486-300,2,ddr
20170328094732211,0,ddr
20170206181741545,0,ddr
007-6586-400,4,ddr
007-7895-601,0,ddr
007-3632-200,2,ddr
20170426082658136,0,ddr
007-0278-000,0,ddr
007-2647-100,1,ddr
20170417195644536,0,ddr
007-4246-200,2,ddr
007-2079-100,2,ddr
007-0860-000,0,ddr
20170426091057920,0,ddr
20170609162100510,2,ddr
007-3805-200,2,ddr
007-0748-000,0,ddr
007-1391-000,0,ddr
007-2638-100,0,ddr
20170208175719177,0,ddr
007-5278-300,2,ddr
007-0522-000,0,ddr
007-7292-601,0,ddr
20170626162845247,2,ddr
20170329083202294,0,ddr
007-0696-000,0,ddr
007-0473-000,0,ddr
20170328082333730,0,ddr
007-0009-000,0,ddr
007-0158-000,0,ddr
20170221104549767,0,ddr
007-5061-300,2,ddr
007-2171-100,1,ddr
20170527183435821,2,ddr
007-6694-400,4,ddr
007-6898-400,4,ddr
20170401171542995,0,ddr
007-2437-100,2,ddr
007-2213-100,2,ddr
007-3377-200,2,ddr
20170328094247861,0,ddr
20170607161021590,2,ddr
20170419201833332,0,ddr
007-0026-000,0,ddr
007-4227-200,2,ddr
20170503160817592,2,ddr
007-3951-200,2,ddr
20170417161433082,0,ddr
20170323085710268,0,ddr
007-6337-400,4,ddr
007-2218-100,2,ddr
20170214093024019,0,ddr
20170330153711496,0,ddr
007-1134-000,0,ddr
20170417113720568,0,ddr
007-1626-000,0,ddr
007-1145-000,0,ddr
007-5496-300,2,ddr
007-0349-000,0,ddr
007-0302-000,0,ddr
20170612085653906,2,ddr
20170429224542378,0,ddr
007-6888-400,4,ddr
20170214215942024,0,ddr
20170418103051016,0,ddr
007-4708-200,2,ddr
007-3288-200,2,ddr
20170429222139268,0,ddr
007-1868-100,0,ddr
007-3807-200,2,ddr
007-6657-400,4,ddr
20170427182408954,0,ddr
007-1315-000,0,ddr
007-3674-200,2,ddr
007-2773-100,2,ddr
20170214213146045,0,ddr
007-4597-200,2,ddr
20170215223846997,0,ddr
007-3981-200,2,ddr
007-0531-000,0,ddr
007-0952-000,0,ddr
007-1518-000,0,ddr
20170123171031480,0,ddr
007-1924-100,1,ddr
007-4044-200,2,ddr
007-6527-400,4,ddr
20170408225037759,0,ddr
20170125160603162,0,ddr
20170429220118747,0,ddr
20170430193849906,0,ddr
20170429220026798,0,ddr
007-5567-300,2,ddr
20170417113313915,0,ddr
20170510182408334,2,ddr
007-5642-300,2,ddr
20170214100344931,0,ddr
20170613095553327,2,ddr
007-0442-000,0,ddr
20170415091130973,0,ddr
20170428092328840,0,ddr
007-4565-200,2,ddr
20170224222142423,0,ddr
007-0640-000,0,ddr
20170427183428662,0,ddr
20170429220620536,0,ddr
007-5123-300,2,ddr
20170331082357273,0,ddr
007-2055-100,2,ddr
007-1143-000,0,ddr
007-1748-000,0,ddr
007-5114-300,2,ddr
007-3556-200,2,ddr
20170616112827989,3,ddr
20170226232930828,0,ddr
20170429203138411,0,ddr
007-2747-100,2,ddr
007-3530-200,2,ddr
007-1369-000,0,ddr
007-5906-300,2,ddr
20170609184224697,2,ddr
20170123085828792,0,ddr
20170430191254633,0,ddr
007-7412-601,0,ddr
007-8424-603,2,ddr
007-4272-200,2,ddr
20170205084153989,0,ddr
007-7034-400,4,ddr
20170429201614845,0,ddr
007-0270-000,0,ddr
007-5762-300,2,ddr
007-0717-000,2,ddr
007-6151-300,2,ddr
007-6488-400,4,ddr
007-4956-300,2,ddr
20170413134221729,0,ddr
20170401091745945,0,ddr
007-0544-000,0,ddr
20170424161654569,0,ddr
007-7194-400,4,ddr
007-1795-100,1,ddr
007-0082-000,0,ddr
20170226225951734,0,ddr
007-8317-602,0,ddr
007-6691-400,4,ddr
20170621102941401,2,ddr
007-4293-200,2,ddr
007-3342-200,2,ddr
007-5719-300,2,ddr
20170223171323774,0,ddr
007-1056-000,0,ddr
007-2157-100,1,ddr
20170430200108000,0,ddr
007-3349-200,2,ddr
007-1052-000,0,ddr
007-4225-200,2,ddr
007-4714-200,2,ddr
007-3035-100,2,ddr
20170502095138326,2,ddr
20170214214827319,0,ddr
007-2405-100,2,ddr
007-0712-000,0,ddr
20170120154404132,0,ddr
20170429200932243,0,ddr
20170209164229594,0,ddr
007-0604-000,0,ddr
007-3171-100,2,ddr
20170629163541385,2,ddr
20170429201715366,0,ddr
007-7052-400,4,ddr
007-1330-000,0,ddr
20170408223150244,0,ddr
007-7100-400,4,ddr
20170328081449974,0,ddr
20170223171327021,0,ddr
007-4838-300,2,ddr
007-3026-100,2,ddr
007-4035-200,1,ddr
20170329082947964,0,ddr
20170627095738172,2,ddr
007-7265-400,4,ddr
007-7016-400,4,ddr
007-3640-200,2,ddr
20170429210944628,0,ddr
007-2482-100,1,ddr
20170225202833683,0,ddr
007-2216-100,1,ddr
007-6222-300,2,ddr
007-5056-300,2,ddr
20170324085722015,0,ddr
20170616125321132,1,ddr
007-6557-400,4,ddr
007-1220-000,0,ddr
20170427191346267,0,ddr
007-0325-000,0,ddr
007-6494-400,4,ddr
20170223174340183,0,ddr
20170429222538933,0,ddr
007-2413-100,1,ddr
20170503172654258,2,ddr
007-6613-400,4,ddr
20170626083942052,2,ddr
007-0185-000,2,ddr
007-6253-300,2,ddr
20170411103440592,0,ddr
20170429222435339,0,ddr
007-0821-000,0,ddr
007-6645-400,4,ddr
20170331095921366,0,ddr
20170414114604302,0,ddr
20170215154527743,0,ddr
20170428141212317,0,ddr
20170420170215777,0,ddr
20170328150218576,0,ddr
007-1409-000,0,ddr
20170418112220980,0,ddr
007-0369-000,0,ddr
007-5597-300,2,ddr
20170221162224605,0,ddr
007-0808-000,0,ddr
007-1663-000,0,ddr
20170427191222313,0,ddr
20170607101208782,2,ddr
007-2170-100,1,ddr
20170411141810989,0,ddr
007-3952-200,2,ddr
007-4859-300,2,ddr
007-5646-300,2,ddr
007-1620-000,0,ddr
007-1104-000,0,ddr
007-4092-200,2,ddr
20170406082540787,0,ddr
20170425160443878,0,ddr
007-1882-100,2,ddr
20170406101046211,0,ddr
20170215093444076,0,ddr
007-3477-200,2,ddr
20170428104536006,0,ddr
007-3418-200,2,ddr
007-5803-300,2,ddr
20170428100642582,0,ddr
20170208110426898,0,ddr
20170427185139601,0,ddr
007-6854-400,4,ddr
20170629093242135,2,ddr
007-2917-100,0,ddr
007-0267-000,0,ddr
007-3355-200,2,ddr
20170413170304399,0,ddr
007-1450-000,0,ddr
20170430201414723,0,ddr
007-2820-100,2,ddr
007-7168-400,4,ddr
007-1847-100,2,ddr
20170405103418406,0,ddr
007-2700-100,1,ddr
007-1574-000,0,ddr
20170615104926501,3,ddr
20170413151855798,0,ddr
20170509155324396,2,ddr
20170601163945952,2,ddr
007-5501-300,2,ddr
007-2394-100,1,ddr
007-4463-200,2,ddr
20170428100326826,0,ddr
007-3100-100,1,ddr
007-0567-000,0,ddr
007-5130-300,2,ddr
20170527082211125,2,ddr
007-4202-200,2,ddr
007-5195-300,2,ddr
007-4936-300,2,ddr
007-5894-300,2,ddr
20170429205345622,0,ddr
20170120222612101,0,ddr
20170609152615062,2,ddr
20170412105204865,0,ddr
007-3104-100,1,ddr
007-3574-200,2,ddr
007-4623-200,2,ddr
20170501232833655,2,ddr
007-1808-100,2,ddr
007-7245-400,4,ddr
007-3249-100,2,ddr
007-4688-200,2,ddr
007-7973-601,0,ddr
20170629212453597,2,ddr
20170603193634107,2,ddr
20170208081344140,0,ddr
20170601084241159,2,ddr
20170418085337704,0,ddr
20170501232735328,2,ddr
007-4037-200,2,ddr
007-1914-100,2,ddr
007-3118-100,0,ddr
007-3503-200,2,ddr
20170512134214478,2,ddr
20170429211939728,0,ddr
20170429195038009,0,ddr
007-5102-300,2,ddr
007-2544-100,2,ddr
007-1515-000,0,ddr
007-7599-601,0,ddr
20170412135441966,0,ddr
007-2387-100,1,ddr
007-0647-000,0,ddr
007-5284-300,2,ddr
20170430193354021,0,ddr
007-2640-100,2,ddr
007-0788-000,0,ddr
007-3178-100,2,ddr
20170222151846623,0,ddr
007-0089-000,0,ddr
007-5071-300,2,ddr
20170226083551331,0,ddr
007-2336-100,1,ddr
007-4356-200,2,ddr
20170308101636070,0,ddr
007-0991-000,0,ddr
007-0556-000,0,ddr
007-0378-000,0,ddr
007-1944-100,0,ddr
007-1971-100,1,ddr
007-4914-300,2,ddr
20170408215237876,0,ddr
007-4829-300,2,ddr
20170618202042689,2,ddr
20170430193255619,0,ddr
007-6627-400,4,ddr
007-6654-400,4,ddr
20170430175727365,0,ddr
20170420184350190,0,ddr
007-5498-300,2,ddr
007-3216-100,1,ddr
007-3786-200,2,ddr
007-0837-000,0,ddr
007-0592-000,0,ddr
007-7743-601,2,ddr
007-0051-000,0,ddr
007-6421-400,4,ddr
20170614092603290,2,ddr
20170627111252345,2,ddr
20170213140105432,0,ddr
007-3854-200,2,ddr
20170427184959479,0,ddr
007-3712-200,2,ddr
007-3163-100,2,ddr
007-6533-400,4,ddr
007-3440-200,2,ddr
20170227160550038,0,ddr
20170426090413428,0,ddr
007-4946-300,2,ddr
20170206181327355,0,ddr
20170225194024529,0,ddr
20170408222110964,0,ddr
007-4677-200,2,ddr
007-0738-000,0,ddr
007-0650-000,0,ddr
20170215223736752,0,ddr
20170413122857041,0,ddr
007-4349-200,2,ddr
007-4064-200,2,ddr
007-1427-000,0,ddr
20170326080809380,0,ddr
20170429212306680,0,ddr
007-3546-200,2,ddr
20170427181343721,0,ddr
007-0785-000,0,ddr
007-2023-100,2,ddr
20170421184432772,0,ddr
007-0340-000,0,ddr
007-1057-000,0,ddr
20170428084148684,0,ddr
007-1076-000,1,ddr
20170120153040093,0,ddr
20170323110608547,0,ddr
007-2557-100,1,ddr
20170228183348982,0,ddr
20170608112844110,2,ddr
007-6975-400,4,ddr
20170327170916823,0,ddr
20170526094916030,2,ddr
007-2104-100,1,ddr
007-7033-400,4,ddr
20170330153520843,0,ddr
20170323083645071,0,ddr
007-2757-100,1,ddr
007-5861-300,2,ddr
007-7122-400,4,ddr
20170204102928720,0,ddr
007-2611-100,2,ddr
20170122162733804,0,ddr
20170215093524231,0,ddr
20170331093706264,0,ddr
007-1900-100,1,ddr
007-4344-200,2,ddr
007-5755-300,2,ddr
007-5297-300,2,ddr
007-6946-400,4,ddr
007-0730-000,2,ddr
20170427095438121,0,ddr
007-0255-000,0,ddr
20170427112247861,0,ddr
007-6894-400,4,ddr
007-1570-000,0,ddr
007-1395-000,0,ddr
20170415095936462,0,ddr
007-2556-100,2,ddr
007-7004-400,4,ddr
20170331112229792,0,ddr
007-1424-000,0,ddr
20170214213332016,0,ddr
007-6505-400,4,ddr
007-6157-300,2,ddr
20170622080754353,2,ddr
007-5957-300,2,ddr
007-4910-300,2,ddr
20170413142536113,0,ddr
007-0908-000,0,ddr
20170216153556109,0,ddr
007-4454-200,2,ddr
007-5057-300,2,ddr
007-0449-000,0,ddr
20170620003156672,2,ddr
007-4104-200,2,ddr
20170323092854411,0,ddr
007-5309-300,2,ddr
20170208173707692,0,ddr
007-0029-000,0,ddr
007-3516-200,0,ddr
20170607084253263,2,ddr
20170415150529884,0,ddr
20170329143545705,0,ddr
007-1131-000,0,ddr
007-0675-000,0,ddr
007-6891-400,4,ddr
007-3096-100,1,ddr
20170425090503658,0,ddr
20170430200130967,0,ddr
20170328145702906,0,ddr
20170612162850921,2,ddr
007-5181-300,2,ddr
007-1544-000,0,ddr
007-0922-000,0,ddr
20170505093903390,2,ddr
007-0137-000,0,ddr
20170324093304975,0,ddr
007-2915-100,2,ddr
20170427185309607,0,ddr
007-4295-200,2,ddr
007-0099-000,0,ddr
007-2605-100,2,ddr
20170428130132741,0,ddr
20170226090215881,0,ddr
20170418135622755,0,ddr
20170221143649570,0,ddr
007-5445-300,2,ddr
007-6306-400,4,ddr
20170508162307395,2,ddr
007-7198-400,4,ddr
20170525111826224,2,ddr
20170616090841491,2,ddr
20170313172947430,0,ddr
007-6567-400,4,ddr
007-0142-000,0,ddr
007-3791-200,2,ddr
20170430202041924,0,ddr
20170408233133830,0,ddr
007-2499-100,2,ddr
007-5415-300,2,ddr
007-1735-000,0,ddr
20170408231038780,0,ddr
007-0946-000,0,ddr
20170224220806889,0,ddr
007-3189-100,1,ddr
20170401085943596,0,ddr
20170518102353782,2,ddr
20170510083555432,2,ddr
007-3479-200,2,ddr
20170628103334635,2,ddr
007-4645-200,3,ddr
007-1555-000,0,ddr
007-1600-000,0,ddr
20170611090108481,2,ddr
20170427221132202,0,ddr
20170430201323898,0,ddr
007-5662-300,2,ddr
007-0350-000,0,ddr
20170406115000382,0,ddr
007-0846-000,0,ddr
007-5324-300,2,ddr
007-5713-300,2,ddr
007-1580-000,0,ddr
20170429200055021,0,ddr
007-6824-400,4,ddr
20170224094234195,0,ddr
007-5428-300,2,ddr
007-3016-100,2,ddr
007-6388-400,4,ddr
20170426081022674,0,ddr
20170518111418648,2,ddr
007-2898-100,2,ddr
007-1946-100,2,ddr
007-6879-400,4,ddr
007-2017-100,0,ddr
007-0191-000,0,ddr
20170209143329557,0,ddr
20170411094654395,0,ddr
007-5818-300,2,ddr
20170413134137928,0,ddr
20170426133908898,0,ddr
007-2159-100,0,ddr
007-4196-200,2,ddr
007-3821-200,2,ddr
20170617214243173,2,ddr
20170427181543507,0,ddr
007-1361-000,0,ddr
007-1951-100,2,ddr
20170327101530578,0,ddr
20170411091553591,0,ddr
007-0073-000,0,ddr
007-3873-200,2,ddr
007-0637-000,0,ddr
007-6239-300,3,ddr
20170502000225658,2,ddr
007-6676-400,4,ddr
20170429205459908,0,ddr
20170430193112535,0,ddr
20170427084620045,0,ddr
007-3298-200,2,ddr
007-5047-300,2,ddr
007-3828-200,2,ddr
20170412110844402,0,ddr
20170222183911260,0,ddr
007-2710-100,1,ddr
20170430192746528,0,ddr
20170429212403085,0,ddr
007-4874-300,2,ddr
007-4183-200,2,ddr
20170413170216007,0,ddr
007-5854-300,2,ddr
007-2473-100,2,ddr
20170428140421454,0,ddr
007-2724-100,2,ddr
007-5060-300,2,ddr
20170419192450332,0,ddr
007-2355-100,2,ddr
20170407222105403,0,ddr
007-3102-100,1,ddr
007-4304-200,2,ddr
007-1461-000,0,ddr
007-5256-300,2,ddr
007-1422-000,0,ddr
007-0199-000,0,ddr
20170429200729875,0,ddr
007-1178-000,0,ddr
007-0889-000,0,ddr
007-3333-200,2,ddr
007-0097-000,0,ddr
007-0447-000,0,ddr
007-3423-200,2,ddr
007-2512-100,0,ddr
007-4062-200,3,ddr
20170329082807396,0,ddr
007-6082-300,2,ddr
20170329143545777,0,ddr
007-6595-400,4,ddr
007-6301-400,4,ddr
20170224114824682,0,ddr
007-0022-000,0,ddr
007-6551-400,4,ddr
20170120223013855,0,ddr
007-6695-400,4,ddr
007-0962-000,0,ddr
007-3875-200,2,ddr
20170327091025156,0,ddr
007-2057-100,2,ddr
007-4738-200,2,ddr
20170429204823425,0,ddr
20170629164127116,2,ddr
007-3279-200,2,ddr
20170120220926752,0,ddr
007-5338-300,2,ddr
20170220091914375,0,ddr
007-3869-200,2,ddr
20170324093728577,0,ddr
007-4322-200,2,ddr
007-3703-200,2,ddr
007-5601-300,2,ddr
20170426075630806,0,ddr
20170525151457369,2,ddr
20170327091023750,0,ddr
007-0941-000,0,ddr
007-3240-100,1,ddr
007-2510-100,2,ddr
007-7051-400,2,ddr
007-5772-300,2,ddr
007-5956-300,2,ddr
007-6454-400,4,ddr
007-1843-100,1,ddr
007-7846-601,0,ddr
007-6370-400,4,ddr
007-6066-300,2,ddr
20170628195849871,2,ddr
20170328142532871,0,ddr
007-5492-300,2,ddr
007-3582-200,2,ddr
007-0035-000,0,ddr
007-0629-000,1,ddr
20170621111316351,2,ddr
007-7024-400,4,ddr
007-1797-100,0,ddr
20170331083850808,0,ddr
20170506085734414,2,ddr
20170323094334954,0,ddr
007-2548-100,2,ddr
20170226225945858,0,ddr
007-0031-000,0,ddr
20170321102820781,0,ddr
007-3789-200,2,ddr
20170223145414095,0,ddr
20170331090025956,0,ddr
007-5377-300,3,ddr
20170408000114812,0,ddr
007-7383-601,0,ddr
20170427101349897,0,ddr
20170407222416917,0,ddr
007-0197-000,0,ddr
20170412113143166,0,ddr
007-7427-601,0,ddr
007-0336-000,0,ddr
20170630161316044,2,ddr
007-3083-100,1,ddr
007-3586-200,2,ddr
007-6032-300,2,ddr
20170429215822630,0,ddr
20170408232105296,0,ddr
20170225195612147,0,ddr
20170527154255479,2,ddr
007-1097-000,0,ddr
007-4790-300,2,ddr
007-0128-000,0,ddr
007-4552-200,2,ddr
007-7858-601,0,ddr
20170609091757285,2,ddr
20170427100644556,0,ddr
007-1245-000,0,ddr
20170213134047799,0,ddr
20170224093843606,0,ddr
007-6292-400,4,ddr
007-1517-000,0,ddr
20170216092815706,0,ddr
20170228000229136,0,ddr
007-3284-200,2,ddr
20170221111137237,0,ddr
007-1091-000,0,ddr
007-0394-000,0,ddr
20170208102039256,0,ddr
007-1739-000,0,ddr
007-3999-200,2,ddr
20170427183436009,0,ddr
007-1981-100,0,ddr
007-2703-100,1,ddr
007-6870-400,4,ddr
007-0204-000,0,ddr
20170405082720270,0,ddr
20170410135524275,0,ddr
007-2063-100,0,ddr
007-1578-000,0,ddr
20170411153854469,0,ddr
007-6842-400,4,ddr
007-5898-300,2,ddr
007-5578-300,2,ddr
007-4398-200,2,ddr
007-4408-200,2,ddr
007-7852-601,0,ddr
007-4974-300,2,ddr
007-2480-100,1,ddr
007-3391-200,2,ddr
007-1129-000,0,ddr
20170413101424496,0,ddr
007-0288-000,0,ddr
007-2231-100,1,ddr
007-6347-400,4,ddr
007-4391-200,2,ddr
007-3912-200,2,ddr
007-8689-605,4,ddr
007-1773-100,2,ddr
007-1697-000,0,ddr
007-2814-100,1,ddr
20170206083214443,0,ddr
007-4236-200,2,ddr
007-6077-300,2,ddr
20170419092947422,0,ddr
007-5877-300,2,ddr
007-4769-200,2,ddr
007-3515-200,2,ddr
20170429201540436,0,ddr
007-3923-200,2,ddr
20170427184002642,0,ddr
20170412093605779,0,ddr
007-1926-100,2,ddr
20170214212633095,0,ddr
007-2577-100,0,ddr
007-3185-100,1,ddr
20170408220418602,0,ddr
20170412113333910,0,ddr
20170220104608396,0,ddr
20170328092058692,0,ddr
20170221103936772,0,ddr
20170126115056314,0,ddr
007-7114-400,4,ddr
007-3296-200,2,ddr
20170427180631672,0,ddr
007-3749-200,2,ddr
20170215165518267,0,ddr
007-6154-300,2,ddr
20170614094320129,2,ddr
20170429213724153,0,ddr
007-8152-601,0,ddr
20170401171223455,0,ddr
007-6095-300,2,ddr
007-2315-100,2,ddr
007-5581-300,2,ddr
007-4031-200,2,ddr
007-4249-200,3,ddr
007-4139-200,2,ddr
007-2675-100,2,ddr
20170224160317096,0,ddr
007-4157-200,2,ddr
007-8494-604,0,ddr
20170331100347502,0,ddr
007-2486-100,1,ddr
20170523165729685,2,ddr
007-4171-200,2,ddr
007-7271-601,0,ddr
20170324101740531,0,ddr
007-4165-200,2,ddr
007-1718-000,0,ddr
007-3535-200,2,ddr
20170614103846161,3,ddr
007-7041-400,4,ddr
20170410095639511,0,ddr
007-6394-400,4,ddr
007-3126-100,2,ddr
20170328153746074,0,ddr
007-0757-000,0,ddr
007-5740-300,2,ddr
007-6844-400,4,ddr
20170410161302089,0,ddr
007-0920-000,0,ddr
007-0593-000,0,ddr
007-3034-100,1,ddr
20170620102404697,2,ddr
007-2101-100,1,ddr
20170430200124423,0,ddr
20170208175905779,0,ddr
007-1786-100,1,ddr
007-1653-000,2,ddr
007-5310-300,2,ddr
007-2933-100,2,ddr
20170417110130403,0,ddr
007-4256-200,2,ddr
20170514222322175,3,ddr
20170324085931557,0,ddr
007-4337-200,3,ddr
007-5107-300,2,ddr
20170430195726725,0,ddr
007-5405-300,3,ddr
20170426082522695,0,ddr
007-3042-100,1,ddr
007-1862-100,2,ddr
20170428163615176,0,ddr
007-6380-400,4,ddr
007-6448-400,4,ddr
20170418103222183,0,ddr
007-5768-300,2,ddr
20170427185913001,0,ddr
007-5863-300,2,ddr
20170612000344635,2,ddr
007-0816-000,0,ddr
007-3871-200,2,ddr
007-3695-200,2,ddr
007-2330-100,2,ddr
007-3990-200,2,ddr
007-3658-200,2,ddr
007-2952-100,2,ddr
007-1828-100,2,ddr
007-4962-300,2,ddr
20170212142108296,0,ddr
20170413085306463,0,ddr
20170408232520025,0,ddr
007-4399-200,2,ddr
20170405101325185,0,ddr
007-3841-200,2,ddr
20170410100312572,0,ddr
20170426083835198,0,ddr
20170620113631654,2,ddr
20170621094653452,2,ddr
20170407222940908,0,ddr
007-2993-100,2,ddr
007-5101-300,2,ddr
20170412103630403,0,ddr
007-3700-200,2,ddr
007-0308-000,0,ddr
007-1313-000,0,ddr
007-6186-300,2,ddr
007-3063-100,2,ddr
007-0230-000,0,ddr
007-1779-100,1,ddr
20170120220650226,0,ddr
007-4888-300,2,ddr
007-2325-100,2,ddr
20170222150127823,0,ddr
007-3110-100,2,ddr
007-0295-000,0,ddr
20170226084101981,0,ddr
20170424162218960,0,ddr
20170429210129690,0,ddr
007-6452-400,4,ddr
20170417105356987,0,ddr
20170427191915623,0,ddr
20170429202553962,0,ddr
007-5176-300,2,ddr
007-6133-300,2,ddr
20170625205520357,2,ddr
007-1167-000,0,ddr
20170428095359962,0,ddr
007-2538-100,2,ddr
007-5591-300,2,ddr
007-2116-100,0,ddr
20170417105044486,0,ddr
20170204133920100,0,ddr
20170622165310591,2,ddr
007-5865-300,3,ddr
20170401091747308,0,ddr
007-4321-200,2,ddr
20170502000228274,2,ddr
007-5191-300,2,ddr
20170504152654027,2,ddr
007-3386-200,2,ddr
20170207090726015,0,ddr
007-1743-000,0,ddr
007-0215-000,0,ddr
007-4437-200,2,ddr
20170429224801527,0,ddr
20170512113631251,2,ddr
007-5457-300,3,ddr
007-4794-300,2,ddr
007-7179-400,4,ddr
007-1247-000,0,ddr
007-2196-100,0,ddr
20170228091047322,0,ddr
20170323093707381,0,ddr
20170615110200358,1,ddr
20170225103023068,0,ddr
20170521091719687,2,ddr
007-1814-100,2,ddr
007-3348-200,2,ddr
20170412090143066,0,ddr
007-1415-000,0,ddr
007-3435-200,2,ddr
007-6016-300,2,ddr
007-3161-100,0,ddr
007-4651-200,2,ddr
20170223174939566,0,ddr
20170210092554204,0,ddr
007-0136-000,0,ddr
007-2584-100,2,ddr
20170323114856047,0,ddr
007-0605-000,0,ddr
20170521005649670,0,ddr
20170518092011904,2,ddr
20170427185859450,0,ddr
007-1590-000,0,ddr
007-1854-100,2,ddr
20170608194510438,2,ddr
007-2010-100,1,ddr
007-7678-601,0,ddr
007-7322-601,0,ddr
007-2026-100,0,ddr
007-0870-000,0,ddr
20170428093232618,0,ddr
20170220143453654,0,ddr
007-0844-000,0,ddr
007-3551-200,2,ddr
007-0649-000,0,ddr
007-0970-000,0,ddr
007-1004-000,0,ddr
007-3885-200,2,ddr
20170215104620891,0,ddr
20170429225400728,0,ddr
007-3829-200,2,ddr
20170429215707649,0,ddr
007-1806-100,0,ddr
20170130102712777,0,ddr
20170224215834352,0,ddr
20170429205727648,0,ddr
007-4748-200,2,ddr
007-2496-100,2,ddr
007-3634-200,3,ddr
20170417110130463,0,ddr
20170429231929091,0,ddr
007-6377-400,4,ddr
007-7020-400,4,ddr
007-2439-100,2,ddr
20170220135727932,0,ddr
20170221090825365,0,ddr
007-5545-300,2,ddr
20170429193113659,0,ddr
20170624202756757,2,ddr
20170427180836769,0,ddr
007-5563-300,2,ddr
007-5528-300,3,ddr
007-5283-300,2,ddr
007-2151-100,1,ddr
20170628195834114,2,ddr
20170429214633358,0,ddr
007-1219-000,0,ddr
007-5895-300,3,ddr
007-5032-300,2,ddr
20170207103832857,0,ddr
20170417153440644,0,ddr
007-7047-400,4,ddr
007-1767-100,2,ddr
007-4801-300,2,ddr
007-4113-200,2,ddr
20170122170947733,0,ddr
007-0280-000,0,ddr
20170331094112192,0,ddr
20170525085819918,2,ddr
007-0383-000,0,ddr
007-3285-200,2,ddr
20170410100151239,0,ddr
20170430152855898,0,ddr
20170327173128689,0,ddr
20170221103500961,0,ddr
20170427181053799,0,ddr
20170411085448701,0,ddr
20170411104820443,0,ddr
007-4070-200,2,ddr
007-0127-000,0,ddr
20170206144636816,0,ddr
20170221162224426,0,ddr
007-3963-200,2,ddr
007-8527-604,4,ddr
007-2761-100,1,ddr
007-0936-000,0,ddr
007-5205-300,2,ddr
007-0202-000,0,ddr
20170427095807849,0,ddr
007-0107-000,0,ddr
007-2782-100,1,ddr
007-6122-300,2,ddr
20170429204325698,0,ddr
20170429223751001,0,ddr
007-3461-200,2,ddr
20170629144625562,2,ddr
007-2981-100,1,ddr
007-8168-601,0,ddr
007-2302-100,1,ddr
20170601160747495,3,ddr
007-3495-200,2,ddr
20170407235248562,0,ddr
20170522113613703,2,ddr
007-4253-200,2,ddr
007-4302-200,2,ddr
007-3705-200,3,ddr
007-0933-000,0,ddr
007-3224-100,2,ddr
007-6096-300,2,ddr
20170616085516129,2,ddr
007-7037-400,4,ddr
007-4164-200,2,ddr
20170427182953059,0,ddr
007-6668-400,4,ddr
20170323090048296,0,ddr
20170504154837541,2,ddr
20170429202830686,0,ddr
007-2443-100,1,ddr
007-2536-100,2,ddr
20170430201144335,0,ddr
20170415095934967,0,ddr
007-5013-300,2,ddr
007-6495-400,4,ddr
20170323085924938,0,ddr
20170505161143089,2,ddr
007-6234-300,2,ddr
007-0645-000,0,ddr
20170424092158103,0,ddr
007-0558-000,0,ddr
20170430205410866,0,ddr
007-5770-300,2,ddr
007-0225-000,0,ddr
007-0140-000,0,ddr
20170331095408156,0,ddr
20170120142710322,0,ddr
007-1798-100,2,ddr
007-6356-400,4,ddr
20170619085833727,2,ddr
20170427181444211,0,ddr
007-0392-000,0,ddr
20170221143257485,0,ddr
007-0085-000,0,ddr
007-4511-200,2,ddr
20170407155510180,0,ddr
007-3686-200,2,ddr
007-6947-400,4,ddr
20170324075348523,0,ddr
007-6833-400,4,ddr
20170429203633560,0,ddr
007-3062-100,1,ddr
007-6091-300,2,ddr
007-4418-200,2,ddr
007-2806-100,2,ddr
20170607085936158,2,ddr
20170429210422443,0,ddr
20170327111444452,0,ddr
20170221102353332,0,ddr
20170619085859977,2,ddr
007-3955-200,4,ddr
007-3308-200,2,ddr
20170612085458211,2,ddr
007-0296-000,0,ddr
007-0725-000,1,ddr
20170429220215205,0,ddr
20170206144636624,0,ddr
007-3092-100,2,ddr
007-0577-000,0,ddr
007-2970-100,2,ddr
007-0615-000,0,ddr
007-4644-200,2,ddr
007-8805-605,4,ddr
007-1835-100,1,ddr
007-3559-200,2,ddr
007-4544-200,2,ddr
20170430195208274,0,ddr
20170220143502360,0,ddr
007-8147-601,0,ddr
20170412091847743,0,ddr
20170406082610162,0,ddr
20170408224549139,0,ddr
20170409201713241,0,ddr
20170214165745086,0,ddr
007-5826-300,2,ddr
007-1612-000,0,ddr
20170501234659104,2,ddr
007-4394-200,2,ddr
007-6295-400,4,ddr
20170429201134611,0,ddr
20170407200146765,0,ddr
20170331082123432,0,ddr
007-5293-300,2,ddr
007-3782-200,2,ddr
20170608152446688,2,ddr
20170608105641569,3,ddr
007-0527-000,0,ddr
007-2995-100,0,ddr
20170427190202928,0,ddr
007-0375-000,0,ddr
007-5218-300,2,ddr
20170328153758019,0,ddr
007-1722-000,0,ddr
20170427175716777,0,ddr
20170331083849323,0,ddr
20170208143852684,0,ddr
007-1486-000,0,ddr
20170221143959074,0,ddr
007-4270-200,2,ddr
20170429224554063,0,ddr
007-4789-300,2,ddr
007-6079-300,2,ddr
20170627091345662,2,ddr
20170429212213827,0,ddr
20170326081652962,0,ddr
007-0734-000,0,ddr
007-0405-000,0,ddr
007-5343-300,2,ddr
007-2420-100,0,ddr
20170619085859679,2,ddr
007-7560-601,4,ddr
007-6932-400,4,ddr
20170223115353186,0,ddr
20170211162412879,0,ddr
20170429202121717,0,ddr
20170429213623095,0,ddr
007-2787-100,1,ddr
20170429231407736,0,ddr
20170428163302235,0,ddr
007-1064-000,0,ddr
20170323085445439,0,ddr
007-5998-300,2,ddr
007-3984-200,2,ddr
20170303142400838,0,ddr
20170406105928566,0,ddr
20170429203914469,0,ddr
20170430192432728,0,ddr
20170522091641009,2,ddr
007-4401-200,2,ddr
20170424083904944,0,ddr
007-5530-300,2,ddr
007-1822-100,1,ddr
007-3608-200,2,ddr
007-5833-300,2,ddr
007-4583-200,2,ddr
007-1709-000,0,ddr
20170408224652683,0,ddr
007-4331-200,2,ddr
20170427190305966,0,ddr
20170224170411991,0,ddr
20170429215559883,0,ddr
20170323090117701,0,ddr
007-4271-200,2,ddr
20170408000122401,0,ddr
20170327111945310,0,ddr
20170430191908651,0,ddr
007-4503-200,2,ddr
20170427184442451,0,ddr
007-0480-000,0,ddr
007-2078-100,2,ddr
20170429214037193,0,ddr
20170120220825392,0,ddr
007-6592-400,4,ddr
007-1363-000,0,ddr
007-6134-300,2,ddr
007-4093-200,2,ddr
20170226220519495,0,ddr
20170208174556431,0,ddr
007-8138-601,0,ddr
007-4191-200,0,ddr
20170621141614441,2,ddr
20170223114531468,0,ddr
20170122165722814,0,ddr
20170621093253834,2,ddr
007-6875-400,4,ddr
007-3421-200,2,ddr
007-4224-200,2,ddr
20170327140112310,0,ddr
007-7258-400,4,ddr
20170621084634804,2,ddr
20170323091220142,0,ddr
007-3512-200,2,ddr
007-5868-300,2,ddr
007-3167-100,0,ddr
007-0399-000,0,ddr
20170222154713751,0,ddr
20170407235344647,0,ddr
20170410091609639,0,ddr
007-3895-200,2,ddr
20170410133949207,0,ddr
20170227233652168,0,ddr
20170323114953915,0,ddr
007-3430-200,2,ddr
20170330163249573,0,ddr
20170622084904371,2,ddr
007-6315-400,4,ddr
007-5915-300,2,ddr
007-7576-601,0,ddr
007-3294-200,2,ddr
007-3519-200,2,ddr
007-6434-400,4,ddr
20170524161859109,2,ddr
007-4774-200,2,ddr
20170430194811993,0,ddr
007-6331-400,4,ddr
007-0832-000,0,ddr
20170429230608129,0,ddr
007-5407-300,2,ddr
007-2060-100,2,ddr
20170427191045130,0,ddr
007-1344-000,0,ddr
007-4273-200,2,ddr
20170406082748246,0,ddr
20170427182611210,0,ddr
20170216104204068,0,ddr
20170228090016712,0,ddr
20170410163822909,0,ddr
20170519153500194,1,ddr
007-0177-000,0,ddr
007-4363-200,2,ddr
007-2035-100,2,ddr
20170329075721626,0,ddr
007-3493-200,3,ddr
007-2829-100,0,ddr
20170428090728431,0,ddr
007-2076-100,2,ddr
007-5465-300,2,ddr
007-4267-200,2,ddr
007-7111-400,4,ddr
20170429200930619,0,ddr
20170629163508466,2,ddr
20170429222330975,0,ddr
20170223094009879,0,ddr
20170502160732440,2,ddr
20170511181632501,2,ddr
20170606164240191,2,ddr
20170324083515012,0,ddr
20170427100707736,0,ddr
007-7181-400,4,ddr
007-0759-000,0,ddr
20170408225541513,0,ddr
007-3133-100,2,ddr
007-1542-000,0,ddr
007-2226-100,0,ddr
20170525190118720,2,ddr
007-4641-200,2,ddr
20170407222635595,0,ddr
20170430200645200,0,ddr
007-1506-000,0,ddr
007-0239-000,0,ddr
007-5916-300,2,ddr
007-4084-200,2,ddr
20170408211259022,0,ddr
20170321102453454,0,ddr
007-4277-200,2,ddr
007-5697-300,2,ddr
20170429213420850,0,ddr
007-5907-300,2,ddr
007-0013-000,0,ddr
20170331133736767,0,ddr
20170429214532498,0,ddr
20170429215326784,0,ddr
007-0670-000,0,ddr
20170328145703859,0,ddr
20170420093558005,0,ddr
20170405082726248,0,ddr
007-0090-000,0,ddr
007-3194-100,2,ddr
007-1022-000,0,ddr
20170511113811780,2,ddr
20170417103919386,0,ddr
20170411154058230,0,ddr
007-4982-300,2,ddr
20170428083858242,0,ddr
007-0656-000,0,ddr
20170425160958084,0,ddr
007-0041-000,0,ddr
007-2167-100,1,ddr
20170506145433804,2,ddr
007-0331-000,0,ddr
007-4061-200,2,ddr
007-1370-000,0,ddr
007-3123-100,2,ddr
20170323094906953,0,ddr
007-1358-000,0,ddr
20170424155625870,0,ddr
20170622140812130,2,ddr
20170429201530314,0,ddr
20170204145953613,0,ddr
20170323085656295,0,ddr
007-2122-100,2,ddr
007-2081-100,2,ddr
007-3651-200,2,ddr
007-5971-300,2,ddr
007-6909-400,4,ddr
20170428161917714,0,ddr
007-0186-000,0,ddr
20170327111243014,0,ddr
007-6340-400,4,ddr
007-3959-200,2,ddr
007-4294-200,2,ddr
007-3769-200,2,ddr
20170528112436989,2,ddr
007-1067-000,0,ddr
20170430195914892,0,ddr
20170327103857079,0,ddr
007-3154-100,2,ddr
20170408213637046,0,ddr
007-2265-100,0,ddr
007-0133-000,0,ddr
20170613170119673,2,ddr
20170511173525601,2,ddr
20170510082538687,1,ddr
007-5848-300,2,ddr
007-6871-400,4,ddr
007-7768-601,2,ddr
20170419080252596,0,ddr
007-2389-100,1,ddr
20170324082252731,0,ddr
20170529120226041,2,ddr
007-0406-000,0,ddr
007-4822-300,2,ddr
007-6697-400,4,ddr
007-1952-100,2,ddr
007-2931-100,2,ddr
20170427220503449,0,ddr
007-6250-300,2,ddr
20170221145201333,0,ddr
007-0129-000,0,ddr
007-0543-000,0,ddr
007-3882-200,2,ddr
20161110115946484,0,ddr
007-3292-200,2,ddr
20170607110412679,2,ddr
20170430160739508,0,ddr
007-1464-000,0,ddr
007-6743-400,4,ddr
007-6137-300,2,ddr
007-5254-300,2,ddr
007-4957-300,2,ddr
007-1990-100,2,ddr
20170428120034061,0,ddr
007-4571-200,2,ddr
007-5689-300,2,ddr
007-0677-000,2,ddr
007-7379-601,2,ddr
007-5950-300,2,ddr
007-1165-000,0,ddr
20170328145935366,0,ddr
20170412103625063,0,ddr
20170429223746769,0,ddr
20170226220554485,0,ddr
007-3989-200,2,ddr
007-1498-000,0,ddr
007-0121-000,0,ddr
20170327105803591,0,ddr
007-3991-200,2,ddr
20170215225711779,0,ddr
007-3343-200,2,ddr
007-4814-300,2,ddr
20170429222316967,0,ddr
20170225144731690,0,ddr
20170430193513456,0,ddr
20170414165409939,0,ddr
007-3732-200,2,ddr
007-5841-300,2,ddr
007-4486-200,2,ddr
007-2896-100,2,ddr
20170630161316194,2,ddr
007-0699-000,2,ddr
007-4403-200,2,ddr
007-5611-300,2,ddr
007-5675-300,2,ddr
20170413210915369,0,ddr
007-3935-200,2,ddr
007-4698-200,2,ddr
20170430193459105,0,ddr
007-4737-200,2,ddr
007-7570-601,0,ddr
007-4825-300,3,ddr
007-3879-200,2,ddr
007-0318-000,0,ddr
007-3055-100,2,ddr
007-5846-300,2,ddr
20170421090155675,0,ddr
007-7403-601,2,ddr
007-2328-100,2,ddr
007-5568-300,2,ddr
20170429201425625,0,ddr
007-2525-100,2,ddr
20170614093151112,2,ddr
007-1566-000,0,ddr
007-2407-100,1,ddr
007-1337-000,0,ddr
007-4679-200,2,ddr
20170429100819796,0,ddr
007-1469-000,0,ddr
007-0103-000,0,ddr
20170622080754772,2,ddr
007-8079-601,2,ddr
007-1941-100,1,ddr
20170215091730330,0,ddr
007-6696-400,4,ddr
007-1661-000,0,ddr
20170223105735837,0,ddr
20170226222920772,0,ddr
20170207103824784,0,ddr
007-4498-200,2,ddr
007-6965-400,4,ddr
20170429202829877,0,ddr
20170324074015232,0,ddr
007-6918-400,4,ddr
20170327075633088,0,ddr
007-3628-200,2,ddr
007-1014-000,0,ddr
007-6827-400,4,ddr
20170328080648455,0,ddr
20170412102253763,0,ddr
007-2322-100,1,ddr
007-0412-000,0,ddr
007-2072-100,0,ddr
007-1696-000,0,ddr
20170518101531126,2,ddr
007-4812-300,2,ddr
20170622105116686,2,ddr
20170323092355323,0,ddr
20170520100604296,2,ddr
007-2504-100,1,ddr
007-5003-300,2,ddr
007-1538-000,0,ddr
20170406083853913,0,ddr
20170429193229179,0,ddr
20170407232006137,0,ddr
20170223114525878,0,ddr
20170620191353945,2,ddr
007-6674-400,4,ddr
007-4578-200,2,ddr
007-7205-400,4,ddr
007-1969-100,2,ddr
20170424093103597,0,ddr
007-2563-100,2,ddr
007-5765-300,2,ddr
007-5144-300,2,ddr
007-7144-400,4,ddr
20170209134240203,0,ddr
007-4195-200,2,ddr
007-3117-100,2,ddr
20170327111335498,0,ddr
20170418090254054,0,ddr
007-5940-300,2,ddr
20170228223247254,0,ddr
20170419084158931,0,ddr
20170608220738626,2,ddr
20170427182915376,0,ddr
007-3253-100,1,ddr
007-6924-400,4,ddr
007-6996-400,2,ddr
20170411115000607,0,ddr
007-5864-300,2,ddr
007-6534-400,4,ddr
20170331085316650,0,ddr
007-4692-200,2,ddr
007-6244-300,3,ddr
20170606104244150,2,ddr
007-2112-100,2,ddr
007-5339-300,2,ddr
20170323130204055,0,ddr
007-6433-400,4,ddr
007-7055-400,4,ddr
007-5756-300,2,ddr
007-3571-200,2,ddr
007-1857-100,1,ddr
20170407155054318,0,ddr
20170217133432256,0,ddr
007-7497-601,0,ddr
20170505143535911,2,ddr
007-0376-000,0,ddr
20170427190217884,0,ddr
007-2349-100,1,ddr
007-3691-200,2,ddr
007-3021-100,0,ddr
20170331083150455,0,ddr
007-4588-200,2,ddr
20170413210926833,0,ddr
20170418144937243,0,ddr
20170223095206485,0,ddr
007-5945-300,2,ddr
20170424154708990,0,ddr
007-5682-300,2,ddr
20170430192632388,0,ddr
20170414085648263,0,ddr
20170214091106462,0,ddr
007-4576-200,2,ddr
007-1603-000,0,ddr
007-4964-300,2,ddr
20170408212545796,0,ddr
007-4489-200,2,ddr
20170412105557985,0,ddr
20170401092749059,0,ddr
20170502112049025,2,ddr
007-1681-000,0,ddr
007-5831-300,2,ddr
20170422182757789,0,ddr
007-0253-000,0,ddr
007-6276-300,3,ddr
20170331082942953,0,ddr
007-3548-200,3,ddr
007-4937-300,2,ddr
20170208175428715,0,ddr
007-6746-400,4,ddr
20170427112456757,0,ddr
007-1742-000,0,ddr
007-6384-400,4,ddr
20170428114529808,0,ddr
20170324082030082,0,ddr
20170427185822146,0,ddr
20170408224136503,0,ddr
007-4967-300,2,ddr
007-0141-000,0,ddr
007-0008-000,0,ddr
20170622165648655,2,ddr
20170228182851681,0,ddr
007-0138-000,0,ddr
20170408211942531,0,ddr
20170314170514447,0,ddr
007-7106-400,4,ddr
007-0334-000,0,ddr
20170427211751211,0,ddr
007-0300-000,0,ddr
007-5105-300,2,ddr
20170429214919301,0,ddr
20170427212136322,0,ddr
20170207174718209,0,ddr
20170310100246469,0,ddr
20170221135117293,0,ddr
20170211112234910,0,ddr
007-2083-100,2,ddr
20170427185627251,0,ddr
007-5148-300,2,ddr
007-1823-100,2,ddr
007-1258-000,0,ddr
20170502084858430,2,ddr
20170327103524390,0,ddr
20170519144026204,2,ddr
007-1815-100,2,ddr
20170407203619163,0,ddr
007-3696-200,2,ddr
20170429223754603,0,ddr
007-0273-000,0,ddr
20170221093102559,0,ddr
20170524102444449,2,ddr
20170323081646616,0,ddr
007-3400-200,2,ddr
20170224094042228,0,ddr
20170413093237889,0,ddr
20170316102810593,0,ddr
007-2193-100,0,ddr
007-1905-100,2,ddr
007-5551-300,2,ddr
20170415091834472,0,ddr
20170216173745712,0,ddr
20170419080502198,0,ddr
20170420184512149,0,ddr
20170429211807328,0,ddr
007-5594-300,2,ddr
007-6014-300,2,ddr
20170428104127977,0,ddr
20170327105311474,0,ddr
007-0497-000,0,ddr
20170517163822454,2,ddr
20170326092747892,0,ddr
007-5141-300,2,ddr
20170120215156264,0,ddr
20170207083818918,0,ddr
20170602085131467,2,ddr
007-0286-000,0,ddr
20170216104121507,0,ddr
007-6705-400,4,ddr
007-6310-400,4,ddr
007-3491-200,2,ddr
20170327140819667,0,ddr
007-0190-000,0,ddr
007-4892-300,2,ddr
007-3899-200,2,ddr
007-0493-000,0,ddr
20170123085823477,0,ddr
20170323093048743,0,ddr
007-4727-200,2,ddr
007-5881-300,2,ddr
007-6958-400,4,ddr
007-0760-000,0,ddr
20170429205236551,0,ddr
007-1792-100,0,ddr
007-4880-300,2,ddr
20170225202734480,0,ddr
007-1300-000,0,ddr
007-6258-300,2,ddr
20170414080328423,0,ddr
007-4944-300,2,ddr
20170220151908590,0,ddr
20170628162819744,2,ddr
007-3814-200,2,ddr
007-6715-400,4,ddr
20170429210029753,0,ddr
20170210162313359,0,ddr
007-3762-200,2,ddr
007-2786-100,1,ddr
007-6830-400,4,ddr
20170430195215780,0,ddr
20170429213152276,0,ddr
20170330074236068,0,ddr
007-1261-000,0,ddr
20170429215311097,0,ddr
007-6601-400,4,ddr
20170330111147398,0,ddr
20170324084357218,0,ddr
007-5233-300,2,ddr
20170331101910013,0,ddr
007-6071-300,2,ddr
007-7762-601,2,ddr
20170220143121830,0,ddr
007-2822-100,2,ddr
20170427210022908,0,ddr
20161112011316860,0,ddr
007-5633-300,2,ddr
20170424170317397,0,ddr
007-4190-200,2,ddr
007-3826-200,2,ddr
007-2742-100,2,ddr
20170209134432804,0,ddr
20170514222246265,2,ddr
007-1760-100,2,ddr
20170411114306114,0,ddr
20170411104827537,0,ddr
20170414160712626,0,ddr
20170323140209715,0,ddr
007-3046-100,2,ddr
20170429202319993,0,ddr
007-5702-300,2,ddr
007-4752-200,3,ddr
20170326093029051,0,ddr
20170213104307130,0,ddr
007-1588-000,0,ddr
20170419090928299,0,ddr
007-5985-300,2,ddr
20170429231752118,0,ddr
007-1158-000,0,ddr
20170620192247605,2,ddr
007-4491-200,2,ddr
007-2418-100,2,ddr
007-3728-200,2,ddr
007-4833-300,2,ddr
007-4479-200,2,ddr
007-6309-400,4,ddr
007-0747-000,0,ddr
007-3887-200,2,ddr
20170606191332677,2,ddr
20170215224559176,0,ddr
20170209165039458,0,ddr
20170408221658921,0,ddr
007-6855-400,4,ddr
007-3745-200,2,ddr
20170409200135732,0,ddr
20170214084615083,0,ddr
007-6511-400,4,ddr
20170429210806155,0,ddr
007-6526-400,4,ddr
20170429205031598,0,ddr
007-5928-300,2,ddr
007-6753-400,4,ddr
007-3752-200,3,ddr
007-0470-000,0,ddr
20170414102630552,0,ddr
007-1724-000,0,ddr
007-6762-400,4,ddr
007-5680-300,2,ddr
007-8728-605,4,ddr
007-3914-200,2,ddr
20170223094344910,0,ddr
20170207175547016,0,ddr
007-0115-000,0,ddr
007-3543-200,2,ddr
007-1865-100,1,ddr
007-2117-100,1,ddr
007-6439-400,4,ddr
20170324084840579,0,ddr
007-3506-200,2,ddr
20170327112501066,0,ddr
007-0370-000,0,ddr
007-4712-200,2,ddr
20170221143301021,0,ddr
007-3928-200,2,ddr
007-0130-000,0,ddr
20170619102743501,2,ddr
20170608195109377,2,ddr
20170609154826618,2,ddr
007-4420-200,2,ddr
20170427181340648,0,ddr
007-2832-100,2,ddr
20170429200158774,0,ddr
007-4891-300,2,ddr
20170427162327224,0,ddr
007-0503-000,0,ddr
20170429215912489,0,ddr
007-3236-100,2,ddr
007-2002-100,0,ddr
20170226224627457,0,ddr
20170421101203241,0,ddr
20170310115514054,0,ddr
20170125160605516,0,ddr
007-3345-200,2,ddr
20170531140926195,2,ddr
007-5070-300,2,ddr
007-5184-300,2,ddr
007-0069-000,0,ddr
20170323085258738,0,ddr
20170408224936063,0,ddr
007-7610-601,0,ddr
007-2936-100,1,ddr
007-6078-300,2,ddr
007-3433-200,2,ddr
20170418090650754,0,ddr
007-3199-100,2,ddr
007-5911-300,2,ddr
20170428161952960,0,ddr
20170407112311119,0,ddr
007-4142-200,2,ddr
007-1594-000,0,ddr
007-1898-100,2,ddr
007-3858-200,2,ddr
007-6630-400,4,ddr
007-4540-200,2,ddr
007-6248-300,2,ddr
007-0533-000,0,ddr
007-3850-200,2,ddr
007-0333-000,0,ddr
007-1624-000,0,ddr
007-5628-300,2,ddr
007-4945-300,2,ddr
20170228222633906,0,ddr
007-2617-100,1,ddr
20170429232029890,0,ddr
20170327075319486,0,ddr
007-4320-200,2,ddr
007-0120-000,0,ddr
20170601084514660,2,ddr
20170327103629372,0,ddr
007-6561-400,4,ddr
007-7223-400,4,ddr
20170329081513269,0,ddr
007-5342-300,2,ddr
007-6437-400,4,ddr
20170206083738307,0,ddr
20170427181546260,0,ddr
007-7727-601,0,ddr
20170329144505192,0,ddr
20170427204940840,0,ddr
20170407222739811,0,ddr
007-7752-601,2,ddr
20170213115541839,0,ddr
20170323085948932,0,ddr
20170120154406449,0,ddr
007-4615-200,2,ddr
20170608212715972,2,ddr
20170405112539372,0,ddr
007-1994-100,2,ddr
007-4791-300,2,ddr
007-1811-100,1,ddr
20170621145620516,2,ddr
007-5468-300,2,ddr
20170327092929948,0,ddr
20170427182616601,0,ddr
20170427182837052,0,ddr
007-6088-300,2,ddr
007-0030-000,0,ddr
20170427184617699,0,ddr
007-3946-200,3,ddr
007-6540-400,4,ddr
007-3554-200,2,ddr
007-0373-000,0,ddr
007-7152-400,4,ddr
20170324095528097,0,ddr
20170425160813048,0,ddr
007-6076-300,2,ddr
20170331082622590,0,ddr
007-4387-200,2,ddr
007-6450-400,4,ddr
007-3132-100,1,ddr
007-1813-100,2,ddr
007-1460-000,0,ddr
20170614092847535,2,ddr
007-2041-100,1,ddr
007-1672-000,0,ddr
20170329140733147,0,ddr
007-1259-000,0,ddr
20170429215627504,0,ddr
007-5738-300,2,ddr
007-0638-000,0,ddr
20170429225458235,0,ddr
007-7126-400,4,ddr
007-3699-200,2,ddr
007-5426-300,2,ddr
007-6815-400,4,ddr
007-4188-200,2,ddr
20170429201123659,0,ddr
007-7164-400,4,ddr
007-2552-100,2,ddr
007-0044-000,0,ddr
007-1327-000,0,ddr
007-1040-000,0,ddr
20170106170829250,0,ddr
007-0290-000,0,ddr
007-1539-000,0,ddr
20170420091642882,0,ddr
20170330153401334,0,ddr
20170120215632028,0,ddr
007-4772-200,2,ddr
20170429215929548,0,ddr
007-2847-100,2,ddr
007-6853-400,4,ddr
20170429211817042,0,ddr
007-1950-100,1,ddr
20170427185548872,0,ddr
007-0979-000,0,ddr
007-3354-200,2,ddr
20170429231610484,0,ddr
007-1042-000,0,ddr
007-7506-601,0,ddr
007-6470-400,4,ddr
007-4999-300,2,ddr
20170412110652874,0,ddr
20170216090007274,0,ddr
20170216144248597,0,ddr
007-8585-604,2,ddr
007-0206-000,0,ddr
007-3533-200,2,ddr
007-5606-300,2,ddr
20170217091021120,0,ddr
007-7120-400,4,ddr
007-6070-300,2,ddr
007-2581-100,1,ddr
007-1877-100,1,ddr
007-4058-200,2,ddr
007-4560-200,2,ddr
007-1929-100,1,ddr
20170429202215846,0,ddr
007-1491-000,0,ddr
007-4741-200,2,ddr
007-0007-000,0,ddr
007-0653-000,0,ddr
007-2947-100,0,ddr
20170404145018838,0,ddr
007-7244-400,4,ddr
007-1956-100,2,ddr
20170327160209161,0,ddr
007-2855-100,2,ddr
20170329084624677,0,ddr
007-4023-200,2,ddr
007-5946-300,2,ddr
20170430200959365,0,ddr
20170429223035962,0,ddr
007-4870-300,2,ddr
007-2594-100,2,ddr
20170330085309517,0,ddr
007-5212-300,2,ddr
007-6930-400,4,ddr
007-5639-300,2,ddr
20170216090543323,0,ddr
20170323082302357,0,ddr
007-5671-300,2,ddr
007-7136-400,4,ddr
007-2978-100,2,ddr
007-2698-100,2,ddr
20170430195511875,0,ddr
007-3481-200,2,ddr
20170429224523474,0,ddr
20170408213413956,0,ddr
007-3304-200,2,ddr
007-5110-300,2,ddr
007-4161-200,2,ddr
20170429213324820,0,ddr
007-4040-200,2,ddr
20170430193507438,0,ddr
20170327084037780,0,ddr
20170429193601147,0,ddr
007-1459-000,0,ddr
20170429202500711,0,ddr
007-4138-200,2,ddr
20170429232122687,0,ddr
007-2660-100,2,ddr
007-4086-200,2,ddr
007-2950-100,2,ddr
20170227160405339,0,ddr
20170228164821696,0,ddr
007-4753-200,2,ddr
007-6760-400,4,ddr
007-1998-100,2,ddr
007-0896-000,0,ddr
007-3022-100,0,ddr
007-6782-400,4,ddr
007-5963-300,3,ddr
20170329093248613,0,ddr
007-4423-200,2,ddr
007-3670-200,2,ddr
20170429210842626,0,ddr
20170221145944716,0,ddr
20170203161008388,0,ddr
20170414113605680,0,ddr
20170428111044268,0,ddr
007-7009-400,4,ddr
007-1551-000,0,ddr
007-4862-300,2,ddr
007-1765-100,2,ddr
20170427220200742,0,ddr
20170425114609176,0,ddr
20170406101702312,0,ddr
007-2550-100,1,ddr
20170418082456632,0,ddr
20170427181940819,0,ddr
20170221163719951,0,ddr
20170621111314473,2,ddr
20170328180147668,0,ddr
007-8521-604,0,ddr
20170620090217756,2,ddr
007-4431-200,2,ddr
007-5523-300,3,ddr
007-1359-000,0,ddr
007-2589-100,2,ddr
20170501232823085,2,ddr
20170424100139375,0,ddr
007-1394-000,0,ddr
007-8764-605,2,ddr
20170214100611376,0,ddr
20170217172425743,0,ddr
20170224160919206,0,ddr
007-4213-200,2,ddr
007-6656-400,4,ddr
007-5852-300,2,ddr
007-6550-400,4,ddr
007-6852-400,4,ddr
007-4619-200,2,ddr
20170427185756415,0,ddr
20170518144500812,2,ddr
007-6977-400,4,ddr
007-5090-300,2,ddr
007-6208-300,2,ddr
20170203163054751,0,ddr
20170427104445122,0,ddr
20170401085944143,0,ddr
007-7508-601,0,ddr
007-6090-300,2,ddr
20170203102633319,0,ddr
20170430173804702,0,ddr
20170608192135800,2,ddr
007-3827-200,2,ddr
20170324112903585,0,ddr
007-0514-000,0,ddr
007-4111-200,2,ddr
007-2929-100,2,ddr
007-2540-100,1,ddr
007-2717-100,1,ddr
007-5701-300,2,ddr
20170427190452758,0,ddr
20170616200941453,2,ddr
20170419090321341,0,ddr
007-5475-300,2,ddr
007-2726-100,1,ddr
20170323082300741,0,ddr
20170427094235365,0,ddr
007-4208-200,2,ddr
007-3641-200,2,ddr
007-5804-300,3,ddr
007-7643-601,0,ddr
20170208174537830,0,ddr
20170412101850963,0,ddr
007-4921-300,2,ddr
20170407234350948,0,ddr
20170522165315963,2,ddr
20170227083936461,0,ddr
007-5368-300,2,ddr
007-4102-200,2,ddr
20170224214334690,0,ddr
007-4386-200,2,ddr
20170428083313325,0,ddr
20170323162238639,0,ddr
007-4074-200,2,ddr
007-5912-300,2,ddr
007-6713-400,4,ddr
20170427191818134,0,ddr
20170227232409916,0,ddr
007-4445-200,2,ddr
007-5638-300,2,ddr
007-3915-200,2,ddr
007-0982-000,0,ddr
007-2138-100,2,ddr
007-7547-601,0,ddr
20170227141046442,0,ddr
20170504192518164,2,ddr
20170612134821900,2,ddr
007-2214-100,2,ddr
20170429221739344,0,ddr
20170222152922467,0,ddr
007-3398-200,2,ddr
20170120223854648,0,ddr
007-6499-400,4,ddr
20170327094915462,0,ddr
20170327084459458,0,ddr
007-2811-100,1,ddr
20170209131217406,0,ddr
007-2916-100,2,ddr
20170228222045497,0,ddr
20170519093847278,3,ddr
20170331082121975,0,ddr
007-5422-300,2,ddr
20170323083032506,0,ddr
20170427185824716,0,ddr
20170222101033047,0,ddr
20170324094019439,0,ddr
20170419100215883,0,ddr
007-4056-200,2,ddr
20170429192742478,0,ddr
20170326105022553,0,ddr
007-5696-300,2,ddr
007-3331-200,2,ddr
007-3920-200,2,ddr
007-1577-000,0,ddr
007-2095-100,2,ddr
007-0657-000,2,ddr
007-6585-400,4,ddr
007-6397-400,4,ddr
20170508162614605,2,ddr
20170324140648051,0,ddr
20170429205037522,0,ddr
20170628193929301,2,ddr
007-3467-200,2,ddr
20170324094841624,0,ddr
007-2488-100,2,ddr
20170429225248404,0,ddr
007-0943-000,0,ddr
007-1414-000,0,ddr
007-3553-200,2,ddr
20170408220806375,0,ddr
007-0428-000,0,ddr
20170425095922296,0,ddr
20170615155127636,2,ddr
007-3033-100,1,ddr
20170408215830226,0,ddr
007-2837-100,1,ddr
20170527112129224,2,ddr
20170427184848632,0,ddr
20170429213257193,0,ddr
007-4508-200,2,ddr
007-4883-300,2,ddr
007-1193-000,0,ddr
20170418090904545,0,ddr
007-5260-300,2,ddr
007-1787-100,1,ddr
20170609151913237,2,ddr
007-3737-200,2,ddr
20170429193414561,0,ddr
007-7534-601,2,ddr
007-0541-000,0,ddr
007-7250-400,4,ddr
007-1678-000,0,ddr
007-3836-200,2,ddr
20170323083645401,0,ddr
007-1613-000,0,ddr
007-2468-100,1,ddr
20170430192742374,0,ddr
20170523101901691,2,ddr
20170429223446341,0,ddr
007-5334-300,3,ddr
20170228231807286,0,ddr
007-3375-200,2,ddr
007-1642-000,0,ddr
007-0213-000,0,ddr
007-1838-100,2,ddr
007-8566-604,0,ddr
20170429213410950,0,ddr
007-4990-300,2,ddr
007-6821-400,4,ddr
20170324084838993,0,ddr
20170407083344969,0,ddr
20170324144203614,0,ddr
007-2027-100,2,ddr
007-2285-100,2,ddr
007-0526-000,0,ddr
20170430200207432,0,ddr
007-3856-200,2,ddr
20170213091511155,0,ddr
007-4821-300,2,ddr
007-7155-400,4,ddr
007-0058-000,0,ddr
007-6472-400,4,ddr
20170430193616817,0,ddr
007-1992-100,0,ddr
007-6159-300,2,ddr
20170211150927263,0,ddr
007-6031-300,2,ddr
007-1023-000,0,ddr
20170616121547366,2,ddr
20170609092004226,2,ddr
20170223151908132,0,ddr
007-6864-400,4,ddr
20170428161920057,0,ddr
20170412103150457,0,ddr
20170223171624239,0,ddr
007-2711-100,1,ddr
20170120222003745,0,ddr
007-1191-000,0,ddr
20170324080918804,0,ddr
007-2955-100,2,ddr
007-1778-100,2,ddr
007-0695-000,0,ddr
20170323085712132,0,ddr
20170429202038141,0,ddr
007-3831-200,2,ddr
007-8491-604,2,ddr
007-0581-000,0,ddr
007-4608-200,2,ddr
20170224220206063,0,ddr
007-5391-300,2,ddr
20170220140114740,0,ddr
20170120224018218,0,ddr
007-0596-000,0,ddr
007-3688-200,2,ddr
007-5325-300,2,ddr
20170627170652393,3,ddr
007-5577-300,2,ddr
007-3756-200,2,ddr
20170429203349506,0,ddr
20170411204351632,0,ddr
20170328081828478,0,ddr
007-6180-300,2,ddr
20170401092850059,0,ddr
007-2834-100,1,ddr
007-2925-100,2,ddr
20170424161103442,0,ddr
007-6562-400,4,ddr
20170331093312956,0,ddr
20170430195345823,0,ddr
007-7231-400,4,ddr
007-5473-300,2,ddr
20161108112012320,0,ddr
007-1980-100,1,ddr
20170329141311752,0,ddr
007-7127-400,4,ddr
007-2600-100,1,ddr
20170428141950613,0,ddr
20170323110334357,0,ddr
007-2339-100,2,ddr
20170417152010581,0,ddr
007-2329-100,1,ddr
20170609164025211,2,ddr
007-3283-200,2,ddr
20170612115910188,2,ddr
007-4384-200,2,ddr
007-8547-604,0,ddr
20170427220626535,0,ddr
007-3666-200,2,ddr
007-3799-200,2,ddr
20170330152418842,0,ddr
007-1871-100,2,ddr
007-5576-300,2,ddr
007-2442-100,1,ddr
20170213170649949,0,ddr
20170429222306771,0,ddr
007-5820-300,2,ddr
007-3107-100,0,ddr
007-6015-300,2,ddr
007-2326-100,2,ddr
007-5478-300,2,ddr
007-7763-601,4,ddr
20170408233240607,0,ddr
007-0004-000,0,ddr
007-1275-000,0,ddr
20170524111743769,2,ddr
007-1051-000,0,ddr
007-3230-100,2,ddr
20170523093010553,2,ddr
20170429204652538,0,ddr
007-5372-300,2,ddr
20170609091529362,2,ddr
20170429204745543,0,ddr
007-2120-100,0,ddr
20170531173340758,2,ddr
007-6195-300,2,ddr
007-3039-100,1,ddr
007-6081-300,2,ddr
007-5497-300,2,ddr
20170404144939467,0,ddr
007-2976-100,1,ddr
007-6194-300,2,ddr
007-1069-000,0,ddr
007-2175-100,2,ddr
007-7517-601,0,ddr
20170429202959824,0,ddr
007-4417-200,2,ddr
20170408223157942,0,ddr
007-4376-200,2,ddr
20170407222835843,0,ddr
007-4316-200,2,ddr
007-3376-200,2,ddr
007-2870-100,2,ddr
20170429211004089,0,ddr
007-6142-300,3,ddr
20170223151243883,0,ddr
20170223114348869,0,ddr
007-4388-200,2,ddr
20170427180531249,0,ddr
007-4027-200,2,ddr
20170429210316571,0,ddr
007-5944-300,2,ddr
007-3383-200,2,ddr
007-1659-000,0,ddr
20170429224019328,0,ddr
20170612105012787,2,ddr
007-5083-300,2,ddr
20170419194515791,0,ddr
20170216144507913,0,ddr
007-0549-000,0,ddr
007-6603-400,4,ddr
007-7917-601,0,ddr
007-1666-000,0,ddr
20170204103033420,0,ddr
20170217171152107,0,ddr
007-2572-100,0,ddr
007-4665-200,2,ddr
007-3312-200,2,ddr
007-3992-200,2,ddr
20170317221207111,0,ddr
20170408215230674,0,ddr
007-2858-100,2,ddr
007-0666-000,0,ddr
007-1331-000,0,ddr
20170406100429534,0,ddr
007-6767-400,4,ddr
007-5788-300,3,ddr
20170621143513349,2,ddr
20170327094324636,0,ddr
20170324095312870,0,ddr
007-6569-400,4,ddr
20170621140503365,2,ddr
007-2397-100,1,ddr
20170302100543647,0,ddr
20170527112252624,2,ddr
007-3606-200,2,ddr
20170224160919351,0,ddr
007-0779-000,0,ddr
007-5261-300,2,ddr
007-0397-000,0,ddr
007-6417-400,4,ddr
007-7142-400,4,ddr
007-3228-100,2,ddr
20170524083940499,2,ddr
007-0705-000,1,ddr
007-5444-300,3,ddr
20170430200921962,0,ddr
20170429202503125,0,ddr
007-1243-000,0,ddr
007-0797-000,0,ddr
007-4610-200,2,ddr
20170323101844209,0,ddr
20170427181251854,0,ddr
007-0787-000,0,ddr
007-1799-100,0,ddr
007-1961-100,1,ddr
007-6841-400,4,ddr
007-0319-000,0,ddr
007-6128-300,2,ddr
007-4232-200,2,ddr
20170328114714967,0,ddr
20170407224448321,0,ddr
007-6626-400,4,ddr
20170410101007742,0,ddr
007-6716-400,4,ddr
007-6007-300,2,ddr
007-6462-400,4,ddr
20170616131320547,2,ddr
007-5185-300,2,ddr
20170330095751105,0,ddr
007-4510-200,2,ddr
20170206163611382,0,ddr
20170223094427567,0,ddr
20170429205542770,0,ddr
007-5544-300,2,ddr
007-6770-400,4,ddr
20170429231046998,0,ddr
20170429212853903,0,ddr
007-7019-400,4,ddr
007-3941-200,2,ddr
20170525090043404,2,ddr
20170429205205636,0,ddr
007-5315-300,2,ddr
20170429203928436,0,ddr
007-0857-000,0,ddr
20170429214029038,0,ddr
007-3513-200,2,ddr
007-6164-300,3,ddr
20170429222656417,0,ddr
20170430150829830,0,ddr
20170407092553829,0,ddr
20170429203936488,0,ddr
20170430190716742,0,ddr
007-3368-200,2,ddr
007-4742-200,2,ddr
007-6589-400,4,ddr
007-1036-000,0,ddr
007-1837-100,2,ddr
007-7175-400,4,ddr
20170329162303823,0,ddr
007-4559-200,2,ddr
20170405144047448,0,ddr
007-2900-100,2,ddr
20170615110926051,2,ddr
007-1307-000,0,ddr
20170209090114947,0,ddr
007-5703-300,3,ddr
20170627170606195,2,ddr
20170204102928336,0,ddr
20170608153147229,2,ddr
20170406100526404,0,ddr
007-0062-000,0,ddr
20170223142304907,0,ddr
20170209092651396,0,ddr
007-1318-000,0,ddr
20170213165901333,0,ddr
20170226230734294,0,ddr
007-4496-200,2,ddr
007-0655-000,0,ddr
007-5353-300,2,ddr
007-7212-400,4,ddr
007-2380-100,1,ddr
20170427185626846,0,ddr
20170415095518089,0,ddr
20170220143131426,0,ddr
007-0613-000,0,ddr
20170429201030556,0,ddr
20170615112223659,2,ddr
20170429221517229,0,ddr
007-4428-200,2,ddr
007-5118-300,2,ddr
007-2922-100,1,ddr
007-6964-400,4,ddr
20170330085440333,0,ddr
007-2596-100,1,ddr
20170327103257324,0,ddr
20170401171723974,0,ddr
20170629195200847,2,ddr
007-0358-000,0,ddr
007-4716-200,2,ddr
20170427082251845,0,ddr
007-2771-100,1,ddr
20170222152106328,0,ddr
007-1496-000,0,ddr
007-3450-200,3,ddr
007-3532-200,2,ddr
20170424161706436,0,ddr
007-3119-100,1,ddr
007-1968-100,0,ddr
007-0947-000,0,ddr
007-6136-300,2,ddr
20170427184100996,0,ddr
20170531150831935,2,ddr
20170407152218561,0,ddr
20170308092312055,0,ddr
007-0591-000,0,ddr
007-0042-000,0,ddr
007-0671-000,0,ddr
007-4947-300,2,ddr
007-2476-100,1,ddr
007-1987-100,2,ddr
20170324102541915,0,ddr
007-3151-100,2,ddr
20170323162112796,0,ddr
007-2143-100,2,ddr
007-4172-200,2,ddr
007-2932-100,2,ddr
20170516095416106,2,ddr
007-4928-300,2,ddr
007-2612-100,2,ddr
007-0309-000,0,ddr
007-4767-200,2,ddr
007-3929-200,2,ddr
20170214100607018,0,ddr
007-7751-601,2,ddr
007-4439-200,2,ddr
007-1442-000,0,ddr
007-0218-000,0,ddr
007-5243-300,2,ddr
20170407235449400,0,ddr
007-5649-300,2,ddr
20170220104608752,0,ddr
007-7235-400,4,ddr
007-6000-300,3,ddr
007-5008-300,2,ddr
20170608195253535,2,ddr
007-0408-000,0,ddr
20170627113846114,1,ddr
007-4860-300,0,ddr
007-2994-100,2,ddr
007-7210-400,4,ddr
007-6882-400,4,ddr
20170427091717056,0,ddr
007-1435-000,0,ddr
007-1995-100,0,ddr
007-1546-000,0,ddr
20170428111949659,0,ddr
20170313172952559,0,ddr
007-1780-100,1,ddr
20170407233041055,0,ddr
007-2794-100,2,ddr
007-0980-000,0,ddr
20170621082611317,2,ddr
20170429214649474,0,ddr
20170329162304252,0,ddr
20170407185843662,0,ddr
20170223171448943,0,ddr
20170608091627445,2,ddr
20170608154212145,2,ddr
20170616200941802,2,ddr
20170428094324837,0,ddr
20170427093626566,0,ddr
20170427184310184,0,ddr
007-1587-000,0,ddr
007-0553-000,0,ddr
007-3028-100,2,ddr
20170328145739032,0,ddr
007-4991-300,3,ddr
007-6277-300,2,ddr
007-1357-000,0,ddr
007-3610-200,2,ddr
20170430202657958,0,ddr
007-5162-300,2,ddr
20170227092138032,0,ddr
007-5540-300,2,ddr
007-6274-300,2,ddr
20170327111304850,0,ddr
007-0971-000,0,ddr
007-3454-200,2,ddr
20170430141507700,0,ddr
20170408231031484,0,ddr
007-3760-200,2,ddr
20170430195408430,0,ddr
007-3234-100,2,ddr
007-0684-000,0,ddr
007-4152-200,2,ddr
20170427185440175,0,ddr
007-4537-200,2,ddr
007-0726-000,0,ddr
20170330080004528,0,ddr
20170410143909882,0,ddr
007-5314-300,2,ddr
007-0293-000,0,ddr
20170409212618661,0,ddr
20170418103218419,0,ddr
007-7343-601,2,ddr
007-0595-000,0,ddr
20170427183057654,0,ddr
007-0226-000,0,ddr
007-5208-300,3,ddr
20170629213222637,2,ddr
20170227161011919,0,ddr
007-1593-000,0,ddr
20170503161702100,2,ddr
007-3578-200,2,ddr
007-6761-400,4,ddr
20170429201421870,0,ddr
007-7121-400,4,ddr
20170213133348442,0,ddr
20170221150643231,0,ddr
007-6114-300,2,ddr
20170429230105958,0,ddr
007-2750-100,1,ddr
20170217161948427,0,ddr
20170223102219685,0,ddr
007-0110-000,1,ddr
20170419092948833,0,ddr
007-2968-100,0,ddr
20170223113740160,0,ddr
007-7242-400,4,ddr
20170216142054406,0,ddr
007-6190-300,2,ddr
007-6945-400,4,ddr
007-7684-601,0,ddr
20170224104019642,0,ddr
007-6328-400,4,ddr
20170612090043234,2,ddr
007-4784-200,2,ddr
20170310152252645,0,ddr
007-7399-601,0,ddr
20170429210608223,0,ddr
007-6921-400,4,ddr
007-5668-300,2,ddr
007-7294-601,0,ddr
007-7259-400,4,ddr
20170430191342076,0,ddr
007-1650-000,0,ddr
20170209131551045,0,ddr
20170215165117445,0,ddr
007-1332-000,0,ddr
20170323093705822,0,ddr
20170326100016067,0,ddr
007-2086-100,2,ddr
20170428083534245,0,ddr
20170430195017757,0,ddr
007-1214-000,0,ddr
007-0791-000,0,ddr
20170329163054469,0,ddr
007-6685-400,4,ddr
007-1319-000,2,ddr
007-6910-400,4,ddr
20170411154052709,0,ddr
007-3407-200,2,ddr
007-6818-400,4,ddr
007-6110-300,2,ddr
007-8005-601,2,ddr
007-5091-300,2,ddr
007-1472-000,0,ddr
007-4077-200,2,ddr
20170215094301874,0,ddr
20170429212634742,0,ddr
20170227233608448,0,ddr
007-0621-000,0,ddr
007-7962-601,2,ddr
007-2622-100,1,ddr
20170511151338540,2,ddr
007-6445-400,4,ddr
20170221161840282,0,ddr
20170522100335384,2,ddr
007-2033-100,2,ddr
007-2384-100,2,ddr
20170428095431915,0,ddr
007-6063-300,2,ddr
007-0634-000,0,ddr
007-3170-100,1,ddr
007-2960-100,1,ddr
007-4515-200,2,ddr
007-1713-000,0,ddr
007-3847-200,2,ddr
007-3877-200,2,ddr
20170412085130636,0,ddr
007-7218-400,4,ddr
007-4200-200,2,ddr
007-6203-300,2,ddr
007-5207-300,3,ddr
20170424095919157,0,ddr
20170216161251995,0,ddr
007-1224-000,0,ddr
007-2704-100,1,ddr
007-3004-100,2,ddr
007-4419-200,2,ddr
20170429221140130,0,ddr
20170410161931292,0,ddr
007-2396-100,1,ddr
007-7323-601,0,ddr
20170424093430988,0,ddr
007-6341-400,4,ddr
007-4826-300,2,ddr
007-5812-300,2,ddr
007-5872-300,2,ddr
007-5524-300,3,ddr
20170226225501999,0,ddr
20170615110729147,2,ddr
007-4251-200,2,ddr
007-7202-400,4,ddr
007-3390-200,2,ddr
20170120220537547,0,ddr
20170429211108816,0,ddr
20170509155323919,2,ddr
20170410100437235,0,ddr
20170220083332735,0,ddr
007-2595-100,1,ddr
007-1936-100,1,ddr
007-4107-200,2,ddr
007-5821-300,2,ddr
007-0678-000,0,ddr
007-6400-400,2,ddr
007-1614-000,0,ddr
007-8482-604,0,ddr
007-0704-000,0,ddr
007-6803-400,4,ddr
20170426091057515,0,ddr
20170608133302015,2,ddr
20170324144240446,0,ddr
20170428162049598,0,ddr
20170407230314139,0,ddr
20170616090736049,2,ddr
20170429221335754,0,ddr
007-7676-601,0,ddr
007-2441-100,1,ddr
20170208095718487,0,ddr
007-7146-400,4,ddr
007-2462-100,2,ddr
007-2733-100,1,ddr
20170327104857725,0,ddr
20170221135011349,0,ddr
20170429204133794,0,ddr
20170327101757957,0,ddr
007-2363-100,1,ddr
20170407142759489,0,ddr
20170427191135460,0,ddr
20170224220303302,0,ddr
20170221080059896,0,ddr
20170427191654988,0,ddr
20170406101229009,0,ddr
20170430200908093,0,ddr
20170323084101501,0,ddr
007-6286-400,4,ddr
20170429211930962,0,ddr
007-4770-200,2,ddr
007-1035-000,0,ddr
007-0654-000,0,ddr
20170627103212873,2,ddr
007-0268-000,0,ddr
20170410162034639,0,ddr
20170329094456105,0,ddr
007-5793-300,2,ddr
20170427185357872,0,ddr
20170214101434814,0,ddr
20170430201303979,0,ddr
007-4973-300,2,ddr
007-3318-200,2,ddr
20170612142011722,2,ddr
20170124162247496,0,ddr
007-8579-604,0,ddr
007-4988-300,2,ddr
007-1878-100,2,ddr
20170120142221885,0,ddr
007-2972-100,0,ddr
007-6895-400,4,ddr
007-6017-300,2,ddr
20170616201007747,2,ddr
007-6839-400,4,ddr
007-1754-100,2,ddr
007-7339-601,0,ddr
007-0850-000,0,ddr
007-0403-000,0,ddr
20170407232456663,0,ddr
007-0620-000,0,ddr
007-0330-000,0,ddr
20170409211422237,0,ddr
007-5192-300,2,ddr
20170609174510289,2,ddr
007-5778-300,2,ddr
007-1476-000,2,ddr
20170613144410261,2,ddr
007-1215-000,0,ddr
20170411103307026,0,ddr
007-1073-000,0,ddr
007-5077-300,2,ddr
007-3447-200,3,ddr
007-3475-200,2,ddr
007-1901-100,1,ddr
007-7479-601,2,ddr
007-6119-300,2,ddr
007-4632-200,2,ddr
007-6350-400,4,ddr
007-0937-000,0,ddr
20170412185752595,0,ddr
20170327110931523,0,ddr
007-6041-300,2,ddr
007-5714-300,2,ddr
20170417200522114,0,ddr
007-4414-200,2,ddr
20170422192440321,0,ddr
007-1999-100,0,ddr
20170417131236428,0,ddr
007-3693-200,2,ddr
20170429212713198,0,ddr
007-4076-200,2,ddr
20170213170633871,0,ddr
20170329095905784,0,ddr
007-4906-300,2,ddr
20170430154617342,0,ddr
20170429210610881,0,ddr
20170208175451610,0,ddr
007-3906-200,2,ddr
20170421090240538,0,ddr
007-1365-000,0,ddr
20170616084701902,2,ddr
007-2532-100,1,ddr
20170224104412534,0,ddr
007-7753-601,2,ddr
20170401171218039,0,ddr
007-8089-601,2,ddr
20170414104218750,0,ddr
007-0284-000,0,ddr
007-1932-100,2,ddr
20170408233827747,0,ddr
007-2320-100,1,ddr
20170120222804830,0,ddr
007-0419-000,0,ddr
007-5631-300,2,ddr
007-4722-200,2,ddr
007-1418-000,0,ddr
20170214144812293,0,ddr
007-3635-200,2,ddr
007-1856-100,2,ddr
20170605163041513,2,ddr
007-4799-300,2,ddr
007-1157-000,0,ddr
20170331092136468,0,ddr
007-1771-100,2,ddr
20170629112226249,2,ddr
20170331162653412,0,ddr
007-6867-400,4,ddr
007-1768-100,2,ddr
20170607104433180,2,ddr
20170213170349139,0,ddr
007-2131-100,0,ddr
007-5505-300,2,ddr
20170221161638764,0,ddr
007-7224-400,4,ddr
20170414155613593,0,ddr
007-5049-300,2,ddr
20170210161909082,0,ddr
20170429202414995,0,ddr
007-2267-100,1,ddr
007-3727-200,2,ddr
007-4000-200,2,ddr
007-5094-300,2,ddr
007-3753-200,2,ddr
007-3210-100,1,ddr
007-4264-200,2,ddr
007-1732-000,0,ddr
007-4653-200,2,ddr
20170408215933165,0,ddr
20170524181209695,2,ddr
20170206085240206,0,ddr
20170501235455424,2,ddr
007-1676-000,0,ddr
20170430200453150,0,ddr
20170614094320595,2,ddr
007-4149-200,2,ddr
007-0038-000,0,ddr
007-7040-400,4,ddr
20170429214426841,0,ddr
20170327112656972,0,ddr
007-2361-100,0,ddr
20170327140449496,0,ddr
007-1438-000,0,ddr
20170221164710064,0,ddr
20170407234358262,0,ddr
007-6296-400,4,ddr
007-5323-300,2,ddr
007-4081-200,2,ddr
20170618085027145,2,ddr
007-0687-000,0,ddr
20170406083949109,0,ddr
007-3792-200,2,ddr
007-7594-601,2,ddr
007-6345-400,4,ddr
007-5479-300,2,ddr
007-6789-400,4,ddr
007-4848-300,2,ddr
007-2493-100,0,ddr
007-5209-300,2,ddr
007-1772-100,0,ddr
20170215171853670,0,ddr
007-3295-200,2,ddr
007-6162-300,2,ddr
20170417105037844,0,ddr
20170429212640572,0,ddr
20170429221437363,0,ddr
007-4210-200,2,ddr
007-7213-400,4,ddr
007-1000-000,0,ddr
20170618200550477,2,ddr
007-2582-100,2,ddr
007-5693-300,3,ddr
20170227162046397,0,ddr
20170206085235291,0,ddr
20170207102901751,0,ddr
007-2203-100,0,ddr
007-6941-400,4,ddr
007-4378-200,2,ddr
007-6890-400,4,ddr
007-2287-100,2,ddr
007-0723-000,0,ddr
20170227160449379,0,ddr
007-7012-400,3,ddr
007-4943-300,2,ddr
20170120220018348,0,ddr
007-5454-300,2,ddr
007-2603-100,2,ddr
20170407130852926,0,ddr
20170527183231475,2,ddr
007-1288-000,0,ddr
20170506084941627,2,ddr
20170428090729968,0,ddr
007-1207-000,0,ddr
20170521095107589,2,ddr
007-4663-200,2,ddr
20170226214722834,0,ddr
007-3759-200,2,ddr
20170602115729294,2,ddr
007-1322-000,0,ddr
007-0491-000,0,ddr
007-1005-000,0,ddr
20170609172109111,2,ddr
20170515172441069,2,ddr
20170329083553293,0,ddr
20170429231417443,0,ddr
20170207175526103,0,ddr
007-5344-300,2,ddr
20170406100959075,0,ddr
007-5331-300,2,ddr
007-0276-000,0,ddr
007-1785-100,1,ddr
007-3572-200,2,ddr
007-2653-100,2,ddr
20170429213938431,0,ddr
20170215094438125,0,ddr
20170327160904680,0,ddr
007-4851-300,2,ddr
20170427142921526,0,ddr
007-4788-300,2,ddr
20170331075147582,0,ddr
007-5219-300,2,ddr
007-1790-100,1,ddr
007-1686-000,0,ddr
20170517163701949,2,ddr
007-6477-400,4,ddr
20170528112424899,2,ddr
20170429200631121,0,ddr
20170521005529006,3,ddr
007-2586-100,2,ddr
007-1635-000,0,ddr
007-1321-000,2,ddr
007-1283-000,0,ddr
007-6363-400,4,ddr
007-4562-200,2,ddr
20170610090813812,1,ddr
20170429224204244,0,ddr
007-2899-100,2,ddr
007-2867-100,1,ddr
007-1558-000,0,ddr
007-1263-000,0,ddr
20170613092147899,2,ddr
20170418103813284,0,ddr
20170407232929961,0,ddr
007-4167-200,2,ddr
007-3817-200,2,ddr
007-6064-300,2,ddr
20170605093750075,2,ddr
007-5011-300,2,ddr
007-3422-200,2,ddr
007-2447-100,2,ddr
007-2821-100,2,ddr
20170525110925926,2,ddr
20170216155310097,0,ddr
20170327103504990,0,ddr
007-7918-601,0,ddr
20170221162325961,0,ddr
20170123171027172,0,ddr
20170429212130578,0,ddr
007-1343-000,0,ddr
007-6860-400,4,ddr
007-0890-000,0,ddr
20170429202324291,0,ddr
20170420145707902,0,ddr
20170206090155113,0,ddr
20170408232616805,0,ddr
007-2403-100,2,ddr
20170524083942475,2,ddr
20170418090649301,0,ddr
20170207084345478,0,ddr
20170221162452021,0,ddr
20170411092319101,0,ddr
007-6510-400,4,ddr
007-2634-100,0,ddr
007-6683-400,4,ddr
20170430175820317,0,ddr
007-6610-400,4,ddr
20170324092207111,0,ddr
007-5280-300,2,ddr
20170511164336476,2,ddr
007-2240-100,1,ddr
007-3095-100,1,ddr
20170427095046001,0,ddr
007-0859-000,0,ddr
20170424155738931,0,ddr
007-4411-200,2,ddr
20170216090542938,0,ddr
007-4959-300,2,ddr
20170427190253117,0,ddr
20170414094843781,0,ddr
007-4016-200,2,ddr
007-1334-000,0,ddr
007-4694-200,2,ddr
20170410143245452,0,ddr
20170303141757903,0,ddr
007-1879-100,2,ddr
007-2604-100,2,ddr
007-6576-400,4,ddr
007-6311-400,4,ddr
007-3278-100,1,ddr
007-4701-200,2,ddr
20170429231129017,0,ddr
007-6463-400,4,ddr
007-8560-604,0,ddr
007-0974-000,0,ddr
007-7773-601,2,ddr
007-5967-300,2,ddr
007-5393-300,2,ddr
20170429200312000,0,ddr
007-2878-100,1,ddr
20170622084151355,2,ddr
007-3764-200,2,ddr
007-6440-400,4,ddr
007-5519-300,2,ddr
007-5423-300,2,ddr
007-7217-400,4,ddr
20170429211025317,0,ddr
007-6678-400,4,ddr
20170427190749126,0,ddr
007-0694-000,0,ddr
007-0416-000,0,ddr
20170411140558742,0,ddr
007-6183-300,2,ddr
007-1421-000,0,ddr
20170424162030749,0,ddr
007-2085-100,2,ddr
007-1775-100,0,ddr
20170612211133532,2,ddr
20170614092306031,2,ddr
007-1360-000,0,ddr
20170429210027765,0,ddr
20170412085423431,0,ddr
20170522172835243,2,ddr
20170411141638867,0,ddr
20170427084113100,0,ddr
007-0858-000,0,ddr
20170323080443882,0,ddr
007-6810-400,4,ddr
007-2477-100,2,ddr
20170410161458922,0,ddr
20170204114217232,0,ddr
20170508105008458,2,ddr
20170327140552407,0,ddr
007-5474-300,2,ddr
20170421081125405,0,ddr
007-0500-000,0,ddr
20170324144203455,0,ddr
007-2346-100,2,ddr
20170327105554324,0,ddr
007-4904-300,2,ddr
20170326080816565,0,ddr
007-6950-400,4,ddr
20170408231654502,0,ddr
007-6672-400,4,ddr
007-6848-400,4,ddr
20170210162323933,0,ddr
20170226090217982,0,ddr
007-4541-200,2,ddr
007-0246-000,0,ddr
007-0170-000,0,ddr
20170331094019944,0,ddr
20170410144559008,0,ddr
007-5235-300,2,ddr
007-5481-300,3,ddr
007-6648-400,4,ddr
007-6367-400,4,ddr
007-1933-100,1,ddr
007-0472-000,0,ddr
20170522105704981,2,ddr
007-0070-000,0,ddr
007-2392-100,1,ddr
007-2303-100,1,ddr
20170429213734106,0,ddr
20170627155753585,2,ddr
20170331133833665,0,ddr
007-5832-300,2,ddr
20170324082847204,0,ddr
20170408212538144,0,ddr
20170510152714859,2,ddr
007-5517-300,2,ddr
007-3842-200,2,ddr
007-0304-000,0,ddr
007-3139-100,2,ddr
20170517104347160,2,ddr
007-0342-000,0,ddr
007-1109-000,0,ddr
20170427180947234,0,ddr
20170522165511476,1,ddr
20170429231836717,0,ddr
007-2775-100,2,ddr
20170124131513083,0,ddr
20170328094733654,0,ddr
20170214101459522,0,ddr
007-5386-300,2,ddr
007-2836-100,1,ddr
007-6983-400,4,ddr
007-5026-300,2,ddr
007-3413-200,2,ddr
007-3319-200,2,ddr
007-3538-200,2,ddr
007-5213-300,2,ddr
20170601100334694,3,ddr
007-5938-300,2,ddr
007-4470-200,2,ddr
007-1889-100,2,ddr
20170327103629041,0,ddr
20170407232503900,0,ddr
20170418085138697,0,ddr
20170223171621953,0,ddr
007-6010-300,3,ddr
007-5158-300,2,ddr
007-7225-400,4,ddr
007-6546-400,4,ddr
007-8539-604,0,ddr
20170227233650160,0,ddr
007-4189-200,2,ddr
007-2319-100,2,ddr
007-1766-100,2,ddr
20170413081650531,0,ddr
007-6304-400,4,ddr
20170429221743324,0,ddr
20170429201527326,0,ddr
20170419084206917,0,ddr
20170408231835180,0,ddr
20170410144249143,0,ddr
20170217091113294,0,ddr
007-0720-000,0,ddr
007-3580-200,2,ddr
007-5042-300,2,ddr
007-7240-400,4,ddr
20170430200153873,0,ddr
20170429224516433,0,ddr
007-0348-000,0,ddr
007-2135-100,0,ddr
20170628104207743,2,ddr
007-2705-100,1,ddr
20170326085552768,0,ddr
20170610095525712,2,ddr
007-1443-000,0,ddr
007-2100-100,1,ddr
20170418085727006,0,ddr
20170224160348217,0,ddr
007-1907-100,2,ddr
007-5069-300,2,ddr
20170429214801658,0,ddr
007-6759-400,4,ddr
007-1289-000,0,ddr
007-5589-300,2,ddr
007-3451-200,2,ddr
007-7221-400,4,ddr
007-2206-100,0,ddr
20170207145129242,0,ddr
007-6361-400,4,ddr
007-3855-200,2,ddr
20170411103305601,0,ddr
20170415095710294,0,ddr
20170518142454730,2,ddr
20170430195412347,0,ddr
20170123103609648,0,ddr
007-8417-603,2,ddr
20170221162548131,0,ddr
007-0388-000,0,ddr
007-5955-300,2,ddr
007-6478-400,4,ddr
007-0555-000,2,ddr
20170410143233144,0,ddr
007-4531-200,2,ddr
20170220140220670,0,ddr
007-1301-000,0,ddr
007-1281-000,0,ddr
007-5860-300,2,ddr
20170228230503037,0,ddr
20170223092417385,0,ddr
20170428110010416,0,ddr
007-0167-000,0,ddr
007-7673-601,0,ddr
007-6101-300,2,ddr
20170508100748104,2,ddr
007-5483-300,3,ddr
007-2385-100,2,ddr
20170407092851317,0,ddr
007-3884-200,2,ddr
007-3150-100,2,ddr
007-3996-200,2,ddr
007-6427-400,4,ddr
20170530104857438,2,ddr
20170406153924478,0,ddr
007-3378-200,2,ddr
20170429214916462,0,ddr
007-3242-100,1,ddr
20170418112807013,0,ddr
007-0663-000,0,ddr
007-2897-100,2,ddr
007-7190-400,4,ddr
20170420093648451,0,ddr
007-4699-200,2,ddr
007-1891-100,0,ddr
007-0347-000,1,ddr
007-1669-000,0,ddr
20170328145935050,0,ddr
20170412202015432,0,ddr
007-0804-000,0,ddr
007-6373-400,4,ddr
007-3590-200,2,ddr
007-4050-200,2,ddr
20170429205149942,0,ddr
20170210122710726,0,ddr
20170426090503082,0,ddr
20170430142406984,0,ddr
007-5362-300,2,ddr
20170522095812915,2,ddr
007-0398-000,0,ddr
20170427213348520,0,ddr
20170408212833502,0,ddr
007-2770-100,1,ddr
007-2444-100,2,ddr
20170427185536194,0,ddr
007-6411-400,4,ddr
007-4146-200,2,ddr
007-2801-100,0,ddr
20170621150030683,2,ddr
007-4392-200,2,ddr
007-5962-300,2,ddr
20170328093140718,0,ddr
20170524182857618,2,ddr
007-7188-400,4,ddr
007-0093-000,2,ddr
007-6847-400,4,ddr
007-2630-100,1,ddr
20170417105054647,0,ddr
007-0379-000,0,ddr
007-6241-300,2,ddr
20170410153215997,0,ddr
007-7219-400,4,ddr
007-3798-200,2,ddr
007-1487-000,0,ddr
007-4289-200,2,ddr
007-4577-200,2,ddr
20170427192237661,0,ddr
007-3508-200,2,ddr
007-7148-400,4,ddr
007-4980-300,2,ddr
007-6935-400,4,ddr
007-0372-000,0,ddr
20170430192532548,0,ddr
007-3291-200,2,ddr
20170214215839563,0,ddr
007-0719-000,0,ddr
20170222182549409,0,ddr
20170429220826018,0,ddr
007-8066-601,2,ddr
007-4442-200,2,ddr
20170509162056348,2,ddr
20170224161312677,0,ddr
007-2844-100,1,ddr
20170424093054916,0,ddr
007-0463-000,2,ddr
007-2106-100,2,ddr
20170627112931675,2,ddr
20170413144619040,0,ddr
007-5050-300,2,ddr
20170401090207262,0,ddr
007-1148-000,0,ddr
20170618221747607,2,ddr
007-4476-200,2,ddr
007-6690-400,4,ddr
007-1059-000,0,ddr
20170523093258225,2,ddr
20170429094922803,0,ddr
007-4516-200,2,ddr
007-0461-000,0,ddr
20170406112542031,0,ddr
20170602155247616,2,ddr
20170410092030015,0,ddr
20170430200958222,0,ddr
007-5443-300,3,ddr
007-2234-100,1,ddr
20170510143849590,2,ddr
007-6791-400,4,ddr
20170614143123716,2,ddr
007-6273-300,2,ddr
20170522113746982,2,ddr
20170408220426215,0,ddr
007-3715-200,2,ddr
007-4243-200,2,ddr
007-6333-400,4,ddr
20170224150454270,0,ddr
007-1161-000,0,ddr
20170323085835482,0,ddr
20170429213018479,0,ddr
20170429215557695,0,ddr
20170330153112650,0,ddr
20170605153408762,2,ddr
007-5878-300,2,ddr
20170124161853216,0,ddr
20170630084446353,2,ddr
20170227170414359,0,ddr
007-5769-300,2,ddr
007-2740-100,1,ddr
20161114145629315,0,ddr
007-2659-100,2,ddr
007-5409-300,2,ddr
20170414102629794,0,ddr
007-1832-100,0,ddr
007-4315-200,2,ddr
007-0056-000,0,ddr
007-6043-300,2,ddr
20170427215012046,0,ddr
007-6020-300,2,ddr
20170515164805618,2,ddr
20170327111703450,0,ddr
007-5155-300,2,ddr
007-5199-300,2,ddr
007-1232-000,0,ddr
007-5700-300,2,ddr
007-7708-601,0,ddr
20170427213821105,0,ddr
007-4854-300,2,ddr
007-3619-200,2,ddr
007-0502-000,0,ddr
20170429202820123,0,ddr
20170424094836129,0,ddr
20170428163058180,0,ddr
007-5366-300,2,ddr
007-2270-100,2,ddr
20170531165149058,2,ddr
007-0904-000,0,ddr
007-0701-000,0,ddr
007-1026-000,0,ddr
007-3986-200,2,ddr
007-6432-400,4,ddr
007-2118-100,2,ddr
20170429203519271,0,ddr
007-7596-601,2,ddr
20170620003041751,2,ddr
20170430142552391,0,ddr
20170323084320632,0,ddr
007-6236-300,2,ddr
007-0095-000,0,ddr
20170125101246852,0,ddr
007-0689-000,0,ddr
007-4824-300,2,ddr
20170502002324525,0,ddr
20170621165342675,2,ddr
007-1211-000,0,ddr
007-1513-000,0,ddr
20170209131615238,0,ddr
20170427085054752,0,ddr
20170327111056792,0,ddr
20170616125215801,2,ddr
007-4725-200,2,ddr
007-3078-100,2,ddr
007-3153-100,2,ddr
20170419193829505,0,ddr
20170226202658176,0,ddr
20170329141353743,0,ddr
20170430193108847,0,ddr
007-7499-601,2,ddr
20170324085456190,0,ddr
007-0144-000,2,ddr
007-2494-100,2,ddr
007-2123-100,2,ddr
007-4949-300,2,ddr
20170208103213625,0,ddr
20170429220923270,0,ddr
20170329140824088,0,ddr
20170329082424201,0,ddr
007-5708-300,2,ddr
007-0357-000,0,ddr
20170427181603363,0,ddr
20170429220156336,0,ddr
007-4204-200,3,ddr
007-2683-100,1,ddr
007-2623-100,1,ddr
20170516095250066,2,ddr
007-7203-400,4,ddr
20170427184255876,0,ddr
20170429203004863,0,ddr
007-6365-400,4,ddr
007-0374-000,0,ddr
007-5131-300,2,ddr
007-0037-000,0,ddr
20170217114218024,0,ddr
007-7208-400,4,ddr
007-7035-400,4,ddr
007-4493-200,2,ddr
20170411092022304,0,ddr
20170607153633977,2,ddr
20170323172129117,0,ddr
007-2633-100,1,ddr
20170414145526529,0,ddr
007-2000-100,1,ddr
007-5491-300,2,ddr
007-0847-000,0,ddr
007-0652-000,0,ddr
007-8637-605,2,ddr
007-1568-000,0,ddr
20170407105559618,0,ddr
20170613150734900,1,ddr
007-3439-200,2,ddr
007-6570-400,4,ddr
007-3889-200,2,ddr
007-3310-200,2,ddr
007-4424-200,2,ddr
20170509162056178,2,ddr
20170406084018093,0,ddr
007-4768-200,2,ddr
007-3365-200,2,ddr
20170412105556320,0,ddr
007-0864-000,0,ddr
20170331085939812,0,ddr
20170408222505701,0,ddr
20170419095201125,0,ddr
007-1006-000,0,ddr
007-2097-100,0,ddr
20170124131317072,0,ddr
007-3487-200,2,ddr
20170427183345911,0,ddr
007-2491-100,2,ddr
20170223094010243,0,ddr
007-5776-300,2,ddr
20170407210511730,0,ddr
007-5401-300,2,ddr
007-2479-100,1,ddr
007-3744-200,2,ddr
007-6663-400,4,ddr
007-2690-100,2,ddr
007-3659-200,2,ddr
007-1800-100,1,ddr
20170430194922807,0,ddr
20170430200418746,0,ddr
20170427095906832,0,ddr
007-1519-000,0,ddr
007-3134-100,2,ddr
007-2105-100,1,ddr
007-4740-200,2,ddr
007-0346-000,0,ddr
007-2663-100,2,ddr
007-2404-100,1,ddr
007-7909-601,0,ddr
007-1919-100,0,ddr
007-5124-300,2,ddr
007-4156-200,2,ddr
007-7115-400,4,ddr
007-7674-601,0,ddr
007-1195-000,0,ddr
007-4137-200,2,ddr
007-6048-300,2,ddr
007-4168-200,2,ddr
20170608194754738,2,ddr
20170221182209349,0,ddr
007-4520-200,2,ddr
20170408090406755,0,ddr
007-1007-000,0,ddr
007-1943-100,1,ddr
007-2163-100,1,ddr
007-4696-200,2,ddr
20170120221152091,0,ddr
20170405101009119,0,ddr
20170505094752269,2,ddr
007-2535-100,2,ddr
007-4526-200,2,ddr
007-5250-300,2,ddr
20170502204843387,2,ddr
007-2926-100,0,ddr
007-0560-000,0,ddr
20170429224308450,0,ddr
20170426085051640,0,ddr
007-4816-300,2,ddr
007-5430-300,3,ddr
007-2720-100,1,ddr
007-6444-400,4,ddr
007-1094-000,0,ddr
20170406150020134,0,ddr
007-7266-400,4,ddr
20170331075821770,0,ddr
20170224104635011,0,ddr
20170429205525169,0,ddr
20170429232131033,0,ddr
20170208173959320,0,ddr
007-4602-200,2,ddr
007-3043-100,1,ddr
20170427191518339,0,ddr
007-4288-200,2,ddr
20170408215821373,0,ddr
007-2856-100,1,ddr
007-1019-000,0,ddr
007-0236-000,0,ddr
20170121093807445,0,ddr
007-2712-100,1,ddr
20170504101207303,1,ddr
20170517153024404,2,ddr
007-6416-400,4,ddr
20170401095345103,0,ddr
20170626162707159,2,ddr
20170130102411299,0,ddr
007-2269-100,1,ddr
007-1389-000,0,ddr
007-0973-000,0,ddr
20170522165643363,2,ddr
007-0838-000,0,ddr
20170427190312316,0,ddr
007-0594-000,0,ddr
20170427110111505,0,ddr
20170428084223549,0,ddr
007-5942-300,2,ddr
20170609102229501,2,ddr
007-0261-000,0,ddr
20170630165348383,2,ddr
20170408225242671,0,ddr
20170511205922006,2,ddr
007-6002-300,3,ddr
20170222103749602,0,ddr
007-6741-400,4,ddr
007-6111-300,2,ddr
007-6152-300,2,ddr
20170429221245778,0,ddr
007-4406-200,2,ddr
20170609190028430,2,ddr
007-5463-300,2,ddr
007-6068-300,2,ddr
20170429215702685,0,ddr
007-4569-200,2,ddr
007-6326-400,4,ddr
007-3496-200,2,ddr
007-1121-000,0,ddr
007-4328-200,2,ddr
20170608105641292,3,ddr
007-4163-200,2,ddr
007-1225-000,0,ddr
007-4850-300,3,ddr
007-4553-200,2,ddr
20170502112049508,2,ddr
20170430200432406,0,ddr
20170328164726799,0,ddr
20170328091057123,0,ddr
007-5974-300,2,ddr
007-6281-300,2,ddr
20170216104033730,0,ddr
20170324150600534,0,ddr
20170331075148942,0,ddr
20170331100616931,0,ddr
20170429202417002,0,ddr
007-6185-300,2,ddr
007-3993-200,2,ddr
20170427185104762,0,ddr
20170605093311807,2,ddr
007-0651-000,2,ddr
007-6953-400,4,ddr
007-3074-100,2,ddr
007-5908-300,2,ddr
20170427184532387,0,ddr
20170418085617538,0,ddr
007-8852-605,2,ddr
20170404145113686,0,ddr
20170221093314325,0,ddr
007-6006-300,2,ddr
007-3473-200,2,ddr
007-4507-200,2,ddr
007-6948-400,4,ddr
007-5193-300,2,ddr
007-2291-100,2,ddr
007-4079-200,2,ddr
20170612134815390,2,ddr
007-5241-300,2,ddr
20170427183907443,0,ddr
007-0724-000,0,ddr
007-0477-000,0,ddr
007-0882-000,0,ddr
20170430195959787,0,ddr
007-1071-000,0,ddr
007-0967-000,0,ddr
20170429204127993,0,ddr
007-4828-300,2,ddr
20170429222421625,0,ddr
20170613165746020,2,ddr
20170217121538805,0,ddr
20170429222810408,0,ddr
20170410093006216,0,ddr
007-4979-300,2,ddr
007-8349-602,0,ddr
20170405094018458,0,ddr
007-4832-300,2,ddr
20170428112718249,0,ddr
007-5138-300,2,ddr
007-4296-200,2,ddr
007-0828-000,0,ddr
007-0824-000,0,ddr
20170206175614525,0,ddr
007-2850-100,0,ddr
007-6987-400,4,ddr
007-1852-100,1,ddr
20170421095818586,0,ddr
20170409161444107,0,ddr
20170407215253772,0,ddr
007-4534-200,2,ddr
20170323162415464,0,ddr
007-2518-100,1,ddr
007-7496-601,2,ddr
007-5990-300,2,ddr
20170511152728021,2,ddr
007-5837-300,2,ddr
007-4335-200,2,ddr
007-0474-000,0,ddr
007-2356-100,2,ddr
007-3274-100,2,ddr
20170324144241048,0,ddr
20161118155736303,0,ddr
007-2335-100,2,ddr
007-0328-000,0,ddr
007-7222-400,4,ddr
20170427084526484,0,ddr
007-4532-200,2,ddr
007-5614-300,2,ddr
007-3403-200,2,ddr
007-5027-300,2,ddr
20170429203618868,0,ddr
007-1809-100,2,ddr
007-4523-200,2,ddr
20170425092638708,0,ddr
007-7238-400,4,ddr
20170206084734203,0,ddr
007-3558-200,2,ddr
20170410135518663,0,ddr
007-4034-200,2,ddr
20170522100405220,2,ddr
007-2030-100,2,ddr
20170429223644846,0,ddr
007-3795-200,2,ddr
007-1741-000,0,ddr
20170614093235797,2,ddr
20170226230728104,0,ddr
007-6719-400,4,ddr
007-6044-300,2,ddr
20170613191713985,2,ddr
20170228224756315,0,ddr
007-3060-100,2,ddr
20170627112932912,2,ddr
007-2217-100,0,ddr
20170503090942880,1,ddr
007-7686-601,0,ddr
007-1242-000,0,ddr
20170224160527421,0,ddr
007-0829-000,0,ddr
007-3080-100,2,ddr
20170627112028245,2,ddr
20170429215625977,0,ddr
20170413151851880,0,ddr
20170215164948886,0,ddr
007-4217-200,2,ddr
007-6148-300,3,ddr
20170228170116464,0,ddr
007-6087-300,2,ddr
20170120142710630,0,ddr
20170429200432424,0,ddr
007-0210-000,0,ddr
20170215091932804,0,ddr
007-0994-000,0,ddr
20170228224257894,0,ddr
007-6583-400,4,ddr
20170408232708638,0,ddr
20170506144601373,2,ddr
20170414094845256,0,ddr
007-4117-200,2,ddr
007-0285-000,0,ddr
007-4416-200,2,ddr
007-1196-000,0,ddr
007-4543-200,2,ddr
20170430153021069,0,ddr
20170407112130686,0,ddr
20170310144257966,0,ddr
007-4868-300,3,ddr
007-2780-100,2,ddr
007-7117-400,4,ddr
007-4566-200,2,ddr
007-7010-400,4,ddr
007-2071-100,1,ddr
20170228165757798,0,ddr
007-4960-300,2,ddr
007-6580-400,4,ddr
20170410100435784,0,ddr
007-3954-200,2,ddr
007-1918-100,1,ddr
20170429223845045,0,ddr
20170430175816621,0,ddr
007-1503-000,0,ddr
007-2046-100,2,ddr
007-2918-100,2,ddr
20170120222606174,0,ddr
007-1009-000,0,ddr
007-5787-300,2,ddr
20170420093649895,0,ddr
007-5383-300,2,ddr
007-2347-100,1,ddr
007-3166-100,2,ddr
20170408092517109,0,ddr
007-6532-400,4,ddr
20170406104028411,0,ddr
20170615112054786,2,ddr
007-5397-300,2,ddr
20170413095233566,0,ddr
20170427191615958,0,ddr
20170224105520090,0,ddr
20170427190444812,0,ddr
007-2047-100,1,ddr
20170429221244887,0,ddr
20170430173752142,0,ddr
007-5653-300,2,ddr
20170429213239042,0,ddr
007-6223-300,2,ddr
007-4856-300,2,ddr
007-3594-200,2,ddr
007-5875-300,2,ddr
007-2672-100,1,ddr
007-5145-300,2,ddr
007-5608-300,2,ddr
007-4380-200,2,ddr
20170329083203668,0,ddr
007-4182-200,2,ddr
007-6632-400,4,ddr
007-4466-200,2,ddr
007-7535-601,2,ddr
007-1184-000,0,ddr
007-1197-000,0,ddr
007-3832-200,2,ddr
007-0096-000,1,ddr
007-2598-100,2,ddr
007-4367-200,2,ddr
007-5663-300,2,ddr
007-0446-000,0,ddr
20170615110631899,2,ddr
20170515154652425,2,ddr
007-7425-601,0,ddr
007-3206-100,2,ddr
007-5200-300,3,ddr
007-1897-100,1,ddr
007-1756-100,1,ddr
007-1873-100,2,ddr
007-3086-100,2,ddr
007-5259-300,3,ddr
007-5566-300,2,ddr
007-0198-000,0,ddr
20170326090056897,0,ddr
20170429220204962,0,ddr
007-3478-200,2,ddr
007-3878-200,2,ddr
20170429204444257,0,ddr
20170326094738452,0,ddr
20170415090309773,0,ddr
007-4556-200,2,ddr
007-2840-100,1,ddr
007-4863-300,2,ddr
007-6944-400,4,ddr
007-6118-300,2,ddr
20170525153631578,2,ddr
20170330141200858,0,ddr
007-1011-000,0,ddr
20170328150336549,0,ddr
007-5406-300,3,ddr
007-2944-100,2,ddr
20170427183304900,0,ddr
20170207144517107,0,ddr
20170430150825153,0,ddr
20170331094944004,0,ddr
20170411141417294,0,ddr
007-3866-200,2,ddr
20170222092538402,0,ddr
20170620113410955,2,ddr
20170427204510897,0,ddr
20170215093444594,0,ddr
20170516095102020,2,ddr
20170408220646918,0,ddr
007-7256-400,4,ddr
20170427204804237,0,ddr
007-5369-300,2,ddr
007-6147-300,2,ddr
007-3639-200,2,ddr
20170418093855744,0,ddr
20170429210801172,0,ddr
20170223094427379,0,ddr
20170508165808866,2,ddr
007-3472-200,2,ddr
20170430175927451,0,ddr
007-0364-000,0,ddr
20170323140301229,0,ddr
20170608195740490,2,ddr
20170429201907699,0,ddr
007-3250-100,1,ddr
20170511162520718,2,ddr
20170329101332040,0,ddr
007-5164-300,2,ddr
20170425160911647,0,ddr
20170331092345763,0,ddr
007-5798-300,2,ddr
20170617215514839,2,ddr
007-0513-000,0,ddr
007-5265-300,2,ddr
20170210121831127,0,ddr
007-2087-100,1,ddr
007-5617-300,2,ddr
007-3347-200,2,ddr
20170412102222060,0,ddr
007-8207-601,0,ddr
20170429221348614,0,ddr
20170222152656977,0,ddr
007-0782-000,0,ddr
20170418093623976,0,ddr
20170228164926158,0,ddr
20170411085120763,0,ddr
007-4053-200,2,ddr
007-3344-200,2,ddr
20170221150753870,0,ddr
007-0506-000,0,ddr
007-0964-000,0,ddr
007-6126-300,2,ddr
20170215102113545,0,ddr
20170407110107133,0,ddr
007-1403-000,0,ddr
007-7561-601,4,ddr
007-2108-100,2,ddr
007-5447-300,2,ddr
007-4721-200,2,ddr
20170621194627771,2,ddr
20170429215529619,0,ddr
20170428095819565,0,ddr
007-0114-000,0,ddr
20170429204056381,0,ddr
20170525110437479,2,ddr
20170207143958785,0,ddr
20170217170911791,0,ddr
007-3148-100,2,ddr
20170331082944429,0,ddr
007-2070-100,2,ddr
007-6780-400,4,ddr
20170323083610280,0,ddr
20170609101204463,2,ddr
007-5490-300,2,ddr
20170629093129101,2,ddr
007-3940-200,2,ddr
007-6724-400,4,ddr
007-2037-100,2,ddr
20170429205725019,0,ddr
20170511160808082,1,ddr
007-1630-000,0,ddr
20170528211438926,2,ddr
007-2751-100,1,ddr
20170307170241946,0,ddr
007-6246-300,2,ddr
007-5092-300,2,ddr
007-2859-100,1,ddr
20170429204749544,0,ddr
007-5286-300,2,ddr
007-4695-200,2,ddr
20170426173807708,0,ddr
007-3504-200,2,ddr
007-0752-000,0,ddr
007-1552-000,0,ddr
007-1466-000,0,ddr
007-3678-200,2,ddr
20170420093702627,0,ddr
007-2541-100,2,ddr
007-3542-200,0,ddr
20170407235549433,0,ddr
007-5750-300,2,ddr
20170411114352014,0,ddr
20170406082747949,0,ddr
20170609092004574,2,ddr
007-0674-000,0,ddr
007-2161-100,1,ddr
007-2765-100,2,ddr
20170427182213413,0,ddr
20170406085446520,0,ddr
20170323083030916,0,ddr
007-1819-100,2,ddr
007-6703-400,3,ddr
007-2125-100,2,ddr
007-0618-000,0,ddr
007-7601-601,2,ddr
20170408222307196,0,ddr
20170424153416764,0,ddr
007-1305-000,2,ddr
20170405085630269,0,ddr
007-4235-200,2,ddr
007-0471-000,0,ddr
20170324081121248,0,ddr
007-1725-000,0,ddr
007-1044-000,0,ddr
20170510164850027,2,ddr
20170223094123204,0,ddr
007-2573-100,0,ddr
20170411141618642,0,ddr
20170227234628176,0,ddr
007-7229-400,4,ddr
007-0060-000,0,ddr
20170221105601026,0,ddr
007-0310-000,0,ddr
20170414081200273,0,ddr
20170221161525729,0,ddr
007-3767-200,2,ddr
20170515164700647,2,ddr
007-2669-100,1,ddr
20170327084920414,0,ddr
007-5065-300,2,ddr
20170429203400714,0,ddr
20170505181200498,2,ddr
007-0536-000,0,ddr
007-1272-000,0,ddr
20170627110345934,2,ddr
007-6280-300,2,ddr
20170429214228852,0,ddr
007-1966-100,1,ddr
20170226204645085,0,ddr
20170427191042581,0,ddr
007-3838-200,2,ddr
20170613191722915,2,ddr
007-1621-000,0,ddr
007-5417-300,2,ddr
007-6549-400,4,ddr
007-1171-000,0,ddr
20170429221140502,0,ddr
007-6797-400,4,ddr
20170301132540149,0,ddr
007-0895-000,0,ddr
20170327093221196,0,ddr
007-3673-200,2,ddr
007-2432-100,1,ddr
20170426092544619,0,ddr
20170430160453470,0,ddr
20170429225833583,0,ddr
20170429205336309,0,ddr
007-2618-100,2,ddr
007-4174-200,2,ddr
20170412195928065,0,ddr
20170406133140034,0,ddr
007-3005-100,2,ddr
007-0781-000,0,ddr
20170328180141830,0,ddr
20170327100837150,0,ddr
20170412193325622,0,ddr
20170327102430632,0,ddr
20170226204954189,0,ddr
007-0335-000,0,ddr
20170228155835992,0,ddr
007-4786-300,3,ddr
007-3143-100,2,ddr
20170331090026449,0,ddr
007-8006-601,2,ddr
007-7536-601,2,ddr
20170223152427638,0,ddr
20170223145813763,0,ddr
20170428093229395,0,ddr
20170429222706799,0,ddr
007-7501-601,0,ddr
007-0231-000,0,ddr
007-4732-200,2,ddr
20170209090205265,0,ddr
007-2871-100,0,ddr
007-3933-200,2,ddr
20170411135935799,0,ddr
20170505100940129,2,ddr
20170428154912997,0,ddr
007-2983-100,1,ddr
20170524182956093,2,ddr
20170425095922164,0,ddr
20170429202702212,0,ddr
20170207080951185,0,ddr
20170412084607669,0,ddr
007-2317-100,2,ddr
20170418145526149,0,ddr
007-7246-400,4,ddr
007-4287-200,2,ddr
007-5604-300,3,ddr
007-1246-000,0,ddr
20170210092155498,0,ddr
007-3286-200,3,ddr
007-6368-400,4,ddr
007-0585-000,0,ddr
20170327164504071,0,ddr
007-6409-400,4,ddr
20170512164458754,2,ddr
20170428091726420,0,ddr
007-4453-200,2,ddr
20170324091347852,0,ddr
20170429214310392,0,ddr
007-4941-300,2,ddr
007-1989-100,2,ddr
007-4599-200,2,ddr
007-4254-200,3,ddr
007-5805-300,3,ddr
007-5140-300,3,ddr
007-5404-300,2,ddr
007-6212-300,2,ddr
007-2433-100,2,ddr
007-4917-300,2,ddr
20170209163151745,0,ddr
20170428163613368,0,ddr
20170612210504839,2,ddr
20170223142426042,0,ddr
007-2121-100,1,ddr
20170429214540625,0,ddr
20170429214713035,0,ddr
007-0196-000,0,ddr
20170624195339158,2,ddr
20170419101727293,0,ddr
20170213170404024,0,ddr
007-5117-300,2,ddr
007-0568-000,0,ddr
007-2826-100,2,ddr
20170522165643535,2,ddr
007-3018-100,2,ddr
20170425080320682,0,ddr
007-6372-400,4,ddr
007-0900-000,0,ddr
007-7712-601,0,ddr
007-4809-300,2,ddr
20170510143620749,2,ddr
007-7176-400,4,ddr
007-8573-604,2,ddr
20170615121449076,2,ddr
007-2564-100,2,ddr
20170411085449115,0,ddr
20170421132955972,0,ddr
007-1530-000,0,ddr
007-1256-000,0,ddr
007-6820-400,4,ddr
20170324093012821,0,ddr
20170429200338006,0,ddr
20170406084303834,0,ddr
007-3731-200,2,ddr
20170327140038034,0,ddr
007-0423-000,0,ddr
007-0641-000,0,ddr
20170324093303394,0,ddr
20170609094519942,2,ddr
20170427182001923,0,ddr
20170512123426558,2,ddr
007-5262-300,2,ddr
20170224133411553,0,ddr
20170120220324635,0,ddr
20170223151510483,0,ddr
007-5500-300,2,ddr
007-5111-300,2,ddr
007-2749-100,2,ddr
007-2001-100,0,ddr
20170324101738972,0,ddr
007-5669-300,2,ddr
007-0948-000,0,ddr
20170612110215174,2,ddr
007-4682-200,2,ddr
007-5054-300,2,ddr
20170216154809771,0,ddr
20170622084121832,2,ddr
007-3780-200,2,ddr
007-6992-400,4,ddr
20170429225450389,0,ddr
007-3275-100,1,ddr
20170430201007090,0,ddr
007-1763-100,0,ddr
007-5388-300,2,ddr
20170429211535495,0,ddr
007-5225-300,2,ddr
007-2024-100,2,ddr
007-2099-100,2,ddr
20170429211115482,0,ddr
007-0510-000,0,ddr
007-6873-400,4,ddr
007-1629-000,0,ddr
007-5637-300,2,ddr
007-5122-300,3,ddr
20170407091619377,0,ddr
007-3499-200,2,ddr
20170331094110729,0,ddr
007-8820-605,4,ddr
007-7001-400,4,ddr
20170418085549252,0,ddr
007-4747-200,2,ddr
20170330111144486,0,ddr
20170612142737909,2,ddr
007-1353-000,0,ddr
007-1081-000,0,ddr
007-3892-200,3,ddr
20170427181823258,0,ddr
20170331133825966,0,ddr
20170430180202271,0,ddr
007-5087-300,2,ddr
20170408221828738,0,ddr
007-1973-100,2,ddr
007-0950-000,0,ddr
007-5005-300,2,ddr
007-5842-300,2,ddr
20170524103038485,2,ddr
007-6725-400,4,ddr
007-2574-100,2,ddr
007-6305-400,4,ddr
007-0646-000,0,ddr
20170427182331584,0,ddr
20170407235909043,0,ddr
20170418084108714,0,ddr
007-0686-000,0,ddr
007-6699-400,4,ddr
20170502092649506,2,ddr
20170429204318891,0,ddr
20170330222644867,0,ddr
007-3527-200,2,ddr
007-6689-400,4,ddr
20170331142808935,0,ddr
007-8406-603,2,ddr
20170428085841707,0,ddr
20170429205522492,0,ddr
20170411143046738,0,ddr
20170430194805843,0,ddr
20170401091022844,0,ddr
20170601100335324,3,ddr
007-0119-000,0,ddr
20170327114655583,0,ddr
007-1684-000,0,ddr
007-4542-200,2,ddr
007-5688-300,2,ddr
007-2627-100,2,ddr
20170213134043415,0,ddr
007-2207-100,0,ddr
20170518174429918,2,ddr
20170407223435565,0,ddr
20170418105415065,0,ddr
007-4800-300,2,ddr
20170429200249270,0,ddr
007-6777-400,4,ddr
007-4042-200,2,ddr
007-3108-100,2,ddr
007-6982-400,4,ddr
007-6449-400,4,ddr
20170427180154699,0,ddr
20170428165555604,0,ddr
007-1335-000,0,ddr
20170428155758885,0,ddr
007-5373-300,2,ddr
20170418113348939,0,ddr
20170427191218747,0,ddr
20170427180330939,0,ddr
007-2774-100,2,ddr
007-6117-300,2,ddr
20170326100026531,0,ddr
20170515172130361,2,ddr
20170430201146788,0,ddr
20161111214308683,0,ddr
20170620192226934,2,ddr
20170418102650385,0,ddr
007-3690-200,2,ddr
007-4252-200,2,ddr
20170417165158242,0,ddr
20170125101239131,0,ddr
20170220175651790,0,ddr
007-6682-400,4,ddr
20170429221856724,0,ddr
007-6849-400,4,ddr
20170620091659658,2,ddr
20170429230100144,0,ddr
007-2689-100,1,ddr
20170429201712189,0,ddr
007-3352-200,2,ddr
20170430191714281,0,ddr
20170629112225780,2,ddr
20170512113813694,2,ddr
007-1209-000,0,ddr
20170626145830231,2,ddr
20170430195129254,0,ddr
007-5922-300,2,ddr
007-2495-100,2,ddr
007-2014-100,0,ddr
20170401140956673,0,ddr
20170429195454588,0,ddr
007-5232-300,2,ddr
